,MIN,PTS,FGM,FGA,FTM,FTA,REB,AST,STL,BLK,PF
0,16.0579710145,0.443140794224,0.169675090253,0.423285198556,0.0442238267148,0.057761732852,0.091155234657,0.162454873646,0.0270758122744,0.00902527075812,0.119133574007
1,23.8846153846,0.385936661299,0.147074610843,0.310789049919,0.0692431561997,0.103596349973,0.272141706924,0.068706387547,0.0316693505099,0.0295222758991,0.0821256038647
2,4.42857142857,0.193548387097,0.0537634408602,0.204301075269,0.0537634408602,0.129032258065,0.161290322581,0.0215053763441,0.0645161290323,0.0,0.10752688172
3,9.34615384615,0.271604938272,0.109053497942,0.298353909465,0.0349794238683,0.0534979423868,0.228395061728,0.059670781893,0.0329218106996,0.022633744856,0.158436213992
4,32.0853658537,0.474724439377,0.201064234132,0.398327632079,0.0391486126948,0.0490307867731,0.226529836564,0.0999619916382,0.0258456860509,0.0459901178259,0.0619536297986
5,23.3191489362,0.512773722628,0.223540145985,0.460766423358,0.0656934306569,0.101277372263,0.274635036496,0.0638686131387,0.0273722627737,0.0374087591241,0.106751824818
6,28.5487804878,0.358393848783,0.127723195216,0.307133703545,0.0491243058522,0.0666381888082,0.213156770611,0.0589491670226,0.0307560871422,0.0226398974797,0.0730457069628
7,14.7692307692,0.338541666667,0.109375,0.307291666667,0.0572916666667,0.078125,0.140625,0.0729166666667,0.0208333333333,0.00520833333333,0.130208333333
8,6.8,0.426470588235,0.147058823529,0.352941176471,0.132352941176,0.205882352941,0.558823529412,0.0735294117647,0.0588235294118,0.0735294117647,0.220588235294
9,25.7096774194,0.516938519448,0.171894604768,0.419071518193,0.132998745295,0.176913425345,0.136762860728,0.0790464240903,0.0225846925972,0.00501882057716,0.0890840652447
10,23.3461538462,0.386051619989,0.144975288303,0.342668863262,0.0955518945634,0.13124656782,0.326194398682,0.053267435475,0.0208676551345,0.0340472267985,0.126304228446
11,9.0,0.305555555556,0.125,0.375,0.0555555555556,0.166666666667,0.388888888889,0.0277777777778,0.0138888888889,0.0694444444444,0.166666666667
12,14.593220339,0.408826945412,0.174216027875,0.365853658537,0.0603948896632,0.0720092915215,0.312427409988,0.0360046457607,0.0220673635308,0.0418118466899,0.155632984901
13,25.987654321,0.395249406176,0.147743467933,0.322090261283,0.0465558194774,0.0536817102138,0.102612826603,0.0470308788599,0.0299287410926,0.00760095011876,0.0912114014252
14,22.3561643836,0.199142156863,0.0808823529412,0.15625,0.0269607843137,0.0404411764706,0.15012254902,0.0441176470588,0.0386029411765,0.00796568627451,0.103553921569
15,14.6538461538,0.393700787402,0.164041994751,0.290026246719,0.0656167979003,0.0879265091864,0.291338582677,0.0354330708661,0.0236220472441,0.0538057742782,0.120734908136
16,22.7848101266,0.320555555556,0.138333333333,0.236666666667,0.0383333333333,0.0672222222222,0.280555555556,0.0766666666667,0.0288888888889,0.0461111111111,0.118888888889
17,9.35849056604,0.278225806452,0.10685483871,0.25,0.0645161290323,0.100806451613,0.284274193548,0.070564516129,0.0322580645161,0.0201612903226,0.141129032258
18,32.9135802469,0.492873218305,0.207051762941,0.39759939985,0.0780195048762,0.219804951238,0.449362340585,0.0251312828207,0.0446361590398,0.0420105026257,0.0918979744936
19,26.6461538462,0.263856812933,0.101616628176,0.21247113164,0.0294457274827,0.04792147806,0.151847575058,0.126443418014,0.0421478060046,0.0109699769053,0.0588914549654
20,11.8205128205,0.312364425163,0.127982646421,0.229934924078,0.0520607375271,0.0694143167028,0.110629067245,0.188720173536,0.0347071583514,0.0,0.0997830802603
21,22.1857142857,0.216999356085,0.0875724404379,0.176432710882,0.0212491951062,0.0347714101739,0.161622665808,0.0302640051513,0.0341274951706,0.0270444301352,0.0856406954282
22,13.7826086957,0.479495268139,0.200315457413,0.440063091483,0.0741324921136,0.089905362776,0.152996845426,0.0283911671924,0.00630914826498,0.0141955835962,0.096214511041
23,20.7285714286,0.25844245348,0.120606478291,0.192281185389,0.0165403170227,0.0344589937974,0.339076498966,0.111647139904,0.0227429359063,0.078566505858,0.152308752584
24,6.25,0.44,0.18,0.4,0.06,0.08,0.04,0.08,0.12,0.04,0.08
25,14.6964285714,0.466585662211,0.177399756987,0.376670716889,0.0619684082625,0.0789793438639,0.244228432564,0.0303766707169,0.0121506682868,0.0267314702309,0.0838396111786
26,35.1234567901,0.588752196837,0.208787346221,0.454833040422,0.151142355009,0.198594024605,0.102284710018,0.0576449912127,0.0274165202109,0.0161687170475,0.0579964850615
27,4.42105263158,0.333333333333,0.0952380952381,0.321428571429,0.107142857143,0.119047619048,0.27380952381,0.0,0.0595238095238,0.0,0.0952380952381
28,20.6551724138,0.191986644407,0.0651085141903,0.210350584307,0.0283806343907,0.0333889816361,0.116861435726,0.0317195325543,0.0233722871452,0.00834724540902,0.0567612687813
29,35.4754098361,0.68438077634,0.258780036969,0.524953789279,0.150646950092,0.198706099815,0.289741219963,0.0536044362292,0.0360443622921,0.0577634011091,0.0683918669131
30,13.6176470588,0.410367170626,0.14686825054,0.359611231102,0.0313174946004,0.0421166306695,0.0669546436285,0.0259179265659,0.0237580993521,0.00539956803456,0.0691144708423
31,18.625,0.285607755406,0.0954511558538,0.247576435496,0.0216256524981,0.0350484712901,0.17076808352,0.0387770320656,0.0193885160328,0.0119313944817,0.0641312453393
32,19.5438596491,0.453321364452,0.157989228007,0.37881508079,0.116696588869,0.173249551167,0.127468581688,0.10592459605,0.024236983842,0.0116696588869,0.0754039497307
33,15.2222222222,0.416869424169,0.157339821573,0.311435523114,0.102189781022,0.133819951338,0.311435523114,0.0413625304136,0.0170316301703,0.0421735604217,0.122465531225
34,33.3943661972,0.383382539013,0.149304091101,0.3369886124,0.0463939266132,0.0552509489667,0.11218894981,0.0607338675664,0.0105440742303,0.00421762969211,0.059890341628
35,21.8507462687,0.405054644809,0.154371584699,0.352459016393,0.0539617486339,0.0792349726776,0.0887978142077,0.0676229508197,0.0327868852459,0.00614754098361,0.0935792349727
36,33.3684210526,0.455441640379,0.179810725552,0.401813880126,0.0378548895899,0.0485015772871,0.0867507886435,0.0623028391167,0.0461356466877,0.00749211356467,0.0646687697161
37,14.5238095238,0.249180327869,0.0819672131148,0.229508196721,0.0426229508197,0.055737704918,0.101639344262,0.0491803278689,0.0229508196721,0.0196721311475,0.131147540984
38,21.2205882353,0.367983367983,0.135135135135,0.315315315315,0.0512820512821,0.0713790713791,0.102564102564,0.0547470547471,0.036036036036,0.00693000693001,0.0970200970201
39,16.0909090909,0.289548022599,0.121468926554,0.279661016949,0.0254237288136,0.0282485875706,0.101694915254,0.16384180791,0.0197740112994,0.00141242937853,0.0720338983051
40,22.0487804878,0.25110619469,0.0862831858407,0.159292035398,0.0785398230088,0.125,0.362278761062,0.0160398230088,0.0105088495575,0.0735619469027,0.124446902655
41,33.4285714286,0.640170940171,0.257264957265,0.515384615385,0.120512820513,0.165811965812,0.251282051282,0.145299145299,0.0239316239316,0.0145299145299,0.0811965811966
42,9.40740740741,0.584645669291,0.206692913386,0.342519685039,0.17125984252,0.224409448819,0.38188976378,0.0413385826772,0.0236220472441,0.0452755905512,0.106299212598
43,17.7741935484,0.395644283122,0.168784029038,0.395644283122,0.043557168784,0.059891107078,0.305807622505,0.0471869328494,0.0226860254083,0.0199637023593,0.0907441016334
44,26.7721518987,0.41938534279,0.153191489362,0.354137115839,0.0520094562648,0.0624113475177,0.120567375887,0.0468085106383,0.0137115839243,0.00236406619385,0.0562647754137
45,18.2368421053,0.349927849928,0.145743145743,0.276334776335,0.040404040404,0.0548340548341,0.16810966811,0.126984126984,0.018759018759,0.0151515151515,0.0735930735931
46,31.0545454545,0.560889929742,0.21018735363,0.467798594848,0.0790398126464,0.103044496487,0.110070257611,0.0948477751756,0.0316159250585,0.00644028103044,0.0685011709602
47,17.6666666667,0.391509433962,0.165094339623,0.245283018868,0.061320754717,0.11320754717,0.202830188679,0.0283018867925,0.0235849056604,0.0707547169811,0.0990566037736
48,4.83333333333,0.172413793103,0.0689655172414,0.172413793103,0.0344827586207,0.0344827586207,0.137931034483,0.0,0.0,0.0344827586207,0.0689655172414
49,20.3333333333,0.352459016393,0.129657228018,0.236214605067,0.0931445603577,0.110283159463,0.212369597615,0.0551415797317,0.0245901639344,0.0409836065574,0.0931445603577
50,18.0625,0.382929642445,0.129181084198,0.350634371396,0.0657439446367,0.0899653979239,0.110726643599,0.196078431373,0.0334486735871,0.0080738177624,0.0657439446367
51,35.9615384615,0.544385026738,0.198395721925,0.478609625668,0.083422459893,0.0978609625668,0.108021390374,0.14064171123,0.0326203208556,0.0106951871658,0.0663101604278
52,14.6527777778,0.289099526066,0.105213270142,0.24644549763,0.0170616113744,0.0265402843602,0.171563981043,0.054028436019,0.0189573459716,0.0218009478673,0.054028436019
53,9.21568627451,0.436170212766,0.157446808511,0.351063829787,0.0893617021277,0.1,0.0872340425532,0.114893617021,0.0212765957447,0.00425531914894,0.0744680851064
54,24.1428571429,0.183431952663,0.0828402366864,0.230769230769,0.0177514792899,0.0236686390533,0.147928994083,0.12426035503,0.0532544378698,0.0177514792899,0.0710059171598
55,33.6575342466,0.610907610908,0.240537240537,0.470899470899,0.129019129019,0.164021164021,0.233211233211,0.0594220594221,0.023606023606,0.0504680504681,0.0875050875051
56,7.16666666667,0.0697674418605,0.0232558139535,0.279069767442,0.0,0.0,0.046511627907,0.0232558139535,0.046511627907,0.0232558139535,0.046511627907
57,4.875,0.205128205128,0.102564102564,0.25641025641,0.0,0.0,0.0,0.0769230769231,0.0769230769231,0.0,0.0512820512821
58,19.9285714286,0.283154121864,0.100358422939,0.247311827957,0.0394265232975,0.0752688172043,0.172043010753,0.0537634408602,0.0358422939068,0.00716845878136,0.0609318996416
59,34.75,0.59928057554,0.230575539568,0.514748201439,0.0672661870504,0.0812949640288,0.0931654676259,0.122661870504,0.0348920863309,0.00827338129496,0.0672661870504
60,22.875,0.514344262295,0.176912568306,0.43306010929,0.0635245901639,0.0846994535519,0.119535519126,0.0430327868852,0.0362021857923,0.0198087431694,0.0969945355191
61,19.8787878788,0.216463414634,0.0716463414634,0.208841463415,0.0518292682927,0.0594512195122,0.100609756098,0.134146341463,0.0289634146341,0.00762195121951,0.0746951219512
62,7.26086956522,0.419161676647,0.155688622754,0.395209580838,0.0538922155689,0.0718562874251,0.0718562874251,0.059880239521,0.059880239521,0.0119760479042,0.0898203592814
63,5.72222222222,0.330097087379,0.126213592233,0.388349514563,0.0679611650485,0.0776699029126,0.271844660194,0.0582524271845,0.0194174757282,0.0291262135922,0.184466019417
64,12.2456140351,0.405444126074,0.163323782235,0.398280802292,0.0272206303725,0.0343839541547,0.121776504298,0.154727793696,0.0515759312321,0.00859598853868,0.114613180516
65,15.8055555556,0.616871704745,0.244288224956,0.439367311072,0.117750439367,0.15992970123,0.256590509666,0.0562390158172,0.0210896309315,0.0158172231986,0.121265377856
66,35.1388888889,0.621739130435,0.224110671937,0.516600790514,0.132015810277,0.159288537549,0.21976284585,0.118181818182,0.0245059288538,0.0150197628458,0.0711462450593
67,10.3529411765,0.357954545455,0.142045454545,0.335227272727,0.0568181818182,0.0681818181818,0.125,0.0568181818182,0.0511363636364,0.00568181818182,0.107954545455
68,29.4918032787,0.465258476932,0.17787659811,0.36186770428,0.0516953863257,0.0755975541968,0.158421345192,0.0939410783769,0.0255697609783,0.011673151751,0.0633685380767
69,17.1285714286,0.35446205171,0.126772310259,0.289407839867,0.0250208507089,0.0291909924937,0.19516263553,0.0592160133445,0.024186822352,0.023352793995,0.105921601334
70,12.0,0.166666666667,0.0416666666667,0.0833333333333,0.0833333333333,0.0833333333333,0.333333333333,0.0833333333333,0.0,0.0,0.25
71,10.7258064516,0.47969924812,0.187969924812,0.491729323308,0.0330827067669,0.0360902255639,0.228571428571,0.0360902255639,0.0270676691729,0.0225563909774,0.106766917293
72,14.0909090909,0.291397849462,0.111827956989,0.256989247312,0.041935483871,0.0602150537634,0.161290322581,0.0688172043011,0.0344086021505,0.010752688172,0.0666666666667
73,14.9259259259,0.260545905707,0.0942928039702,0.178660049628,0.0620347394541,0.0893300248139,0.24317617866,0.029776674938,0.0372208436725,0.0322580645161,0.0719602977667
74,33.5471698113,0.568053993251,0.201349831271,0.431383577053,0.119797525309,0.150731158605,0.219347581552,0.0719910011249,0.0202474690664,0.0191226096738,0.0568053993251
75,6.5,0.320512820513,0.108974358974,0.326923076923,0.0384615384615,0.0448717948718,0.0641025641026,0.0705128205128,0.0128205128205,0.0,0.108974358974
76,12.2428571429,0.239206534422,0.0840140023337,0.226371061844,0.0396732788798,0.049008168028,0.154025670945,0.0525087514586,0.0373395565928,0.0233372228705,0.116686114352
77,7.0,0.392857142857,0.178571428571,0.383928571429,0.0267857142857,0.0267857142857,0.214285714286,0.0982142857143,0.00892857142857,0.00892857142857,0.133928571429
78,15.0833333333,0.309392265193,0.121546961326,0.301104972376,0.0303867403315,0.0635359116022,0.187845303867,0.024861878453,0.0773480662983,0.0331491712707,0.10773480663
79,32.7027027027,0.597520661157,0.212809917355,0.460330578512,0.121487603306,0.135537190083,0.128099173554,0.304958677686,0.0628099173554,0.00537190082645,0.0764462809917
80,8.52941176471,0.420689655172,0.151724137931,0.365517241379,0.0896551724138,0.144827586207,0.262068965517,0.0206896551724,0.0344827586207,0.048275862069,0.0758620689655
81,9.05882352941,0.201298701299,0.0779220779221,0.25974025974,0.0194805194805,0.025974025974,0.168831168831,0.038961038961,0.012987012987,0.0194805194805,0.103896103896
82,4.5,0.277777777778,0.138888888889,0.277777777778,0.0,0.0,0.166666666667,0.0,0.0277777777778,0.0555555555556,0.0277777777778
83,19.1038961039,0.368456832087,0.157036029912,0.269884432359,0.0543847722638,0.143439836846,0.335825968729,0.031951053705,0.0401087695445,0.0625424881033,0.129163834126
84,24.301369863,0.359639233371,0.130214205186,0.246335963923,0.0986471251409,0.130777903044,0.256482525366,0.0400225479143,0.032130777903,0.0355129650507,0.114994363021
85,13.3333333333,0.41,0.1675,0.28125,0.075,0.105,0.36,0.0625,0.05875,0.085,0.17375
86,20.3536585366,0.35350509287,0.127022168963,0.330736968244,0.0629119233074,0.0838825644098,0.119233073697,0.0653085680048,0.0503295386459,0.0113840623128,0.100659077292
87,6.25,0.44,0.18,0.44,0.08,0.12,0.32,0.0,0.0,0.02,0.16
88,25.575,0.330889540567,0.125610948192,0.285923753666,0.0650048875855,0.0850439882698,0.102150537634,0.122189638319,0.0307917888563,0.00977517106549,0.064027370479
89,2.0,1.0,0.333333333333,0.666666666667,0.0,0.0,0.166666666667,0.0,0.0,0.0,0.0
90,29.5443037975,0.326049700086,0.124250214225,0.273778920308,0.0424164524422,0.0505569837189,0.0878320479863,0.0582690659811,0.0364181662382,0.0119965724079,0.057412167952
91,10.3548387097,0.327102803738,0.1246105919,0.224299065421,0.0778816199377,0.109034267913,0.317757009346,0.0809968847352,0.018691588785,0.0404984423676,0.0965732087227
92,28.2375,0.466578131917,0.173528109783,0.423196104471,0.0619743249225,0.0841080123949,0.121292607348,0.117751217353,0.0411686586985,0.00575475874281,0.0628596724214
93,19.0,0.396434634975,0.125636672326,0.297113752122,0.0874363327674,0.108658743633,0.0806451612903,0.168081494058,0.0322580645161,0.00339558573854,0.072156196944
94,42.0,0.309523809524,0.142857142857,0.333333333333,0.0,0.0,0.119047619048,0.047619047619,0.0238095238095,0.047619047619,0.142857142857
95,35.68,0.702167414051,0.230941704036,0.550822122571,0.154708520179,0.173393124066,0.112855007474,0.191330343797,0.0242899850523,0.0104633781764,0.0616591928251
96,7.8,0.230769230769,0.0833333333333,0.237179487179,0.0448717948718,0.0512820512821,0.198717948718,0.0641025641026,0.0384615384615,0.0192307692308,0.0705128205128
97,8.39393939394,0.270758122744,0.0902527075812,0.223826714801,0.028880866426,0.028880866426,0.072202166065,0.0397111913357,0.0108303249097,0.00361010830325,0.119133574007
98,34.6981132075,0.563349646547,0.15606307776,0.380641653072,0.203915171289,0.234910277325,0.152800435019,0.0734094616639,0.0228384991843,0.010331702012,0.047308319739
99,26.1012658228,0.277400581959,0.102327837051,0.272065955383,0.0164888457808,0.0223084384093,0.14694471387,0.0683802133851,0.0383123181377,0.0310378273521,0.0683802133851
100,24.6375,0.245560629122,0.0943683409437,0.209030948757,0.0289193302892,0.0416032470827,0.119736174531,0.039066463724,0.0213089802131,0.0167427701674,0.0877727042111
101,21.6571428571,0.347625329815,0.145778364116,0.322559366755,0.0263852242744,0.0349604221636,0.19327176781,0.0633245382586,0.0349604221636,0.0316622691293,0.122031662269
102,29.9864864865,0.466426318161,0.169896349707,0.349707075259,0.0874267688148,0.101847679135,0.0761604326273,0.143307796305,0.0347003154574,0.00180261379,0.0639927895448
103,10.0789473684,0.396866840731,0.135770234987,0.342036553525,0.0757180156658,0.104438642298,0.117493472585,0.0704960835509,0.023498694517,0.00261096605744,0.0731070496084
104,16.4181818182,0.472868217054,0.197120708749,0.370985603544,0.078626799557,0.102990033223,0.337763012182,0.093023255814,0.0243632336656,0.031007751938,0.126245847176
105,18.0,0.394586894587,0.173789173789,0.319088319088,0.0448717948718,0.0569800569801,0.220085470085,0.101851851852,0.031339031339,0.0391737891738,0.10113960114
106,33.7402597403,0.377213240955,0.137413394919,0.195535026944,0.102386451116,0.238260200154,0.407621247113,0.0346420323326,0.0196304849885,0.068129330254,0.0796766743649
107,7.51724137931,0.279816513761,0.128440366972,0.311926605505,0.0229357798165,0.0596330275229,0.261467889908,0.0504587155963,0.0366972477064,0.00917431192661,0.243119266055
108,35.9487179487,0.652639087019,0.218972895863,0.491084165478,0.197931526391,0.232881597718,0.124465049929,0.112339514979,0.0288873038516,0.00748930099857,0.0595577746077
109,34.5538461538,0.778272484417,0.267586821015,0.593054318789,0.211932324132,0.295191451469,0.332591273375,0.0952804986643,0.0449688334817,0.0409617097061,0.105075690116
110,30.2307692308,0.363867684478,0.13358778626,0.343511450382,0.0381679389313,0.0636132315522,0.155216284987,0.0343511450382,0.0559796437659,0.00763358778626,0.0801526717557
111,8.48148148148,0.449781659389,0.157205240175,0.349344978166,0.113537117904,0.152838427948,0.161572052402,0.135371179039,0.0349344978166,0.0131004366812,0.0305676855895
112,20.2625,0.542257865515,0.202961135102,0.481801357187,0.0888340530537,0.11227637261,0.125848241826,0.215299198026,0.0431832202344,0.00555212831585,0.0851326341764
113,32.4,0.435897435897,0.152421652422,0.36799620133,0.0849952516619,0.0978157644824,0.0902184235518,0.179487179487,0.0289648622982,0.00664767331434,0.0735992402659
114,31.9838709677,0.51235501765,0.210791729702,0.408976298538,0.0907715582451,0.128088754413,0.253656076652,0.0474029248613,0.0373171961674,0.0458900655572,0.0756429652042
115,31.7727272727,0.515021459227,0.213161659514,0.499761564139,0.067715784454,0.0853600381497,0.107296137339,0.148307105389,0.0209823557463,0.0066762041011,0.0400572246066
116,17.9375,0.519860627178,0.177003484321,0.393728222997,0.135191637631,0.178397212544,0.206271777003,0.0522648083624,0.0202090592334,0.00627177700348,0.0480836236934
117,27.7368421053,0.49715370019,0.174098671727,0.411290322581,0.101992409867,0.121442125237,0.0887096774194,0.0948766603416,0.0208728652751,0.00948766603416,0.106736242884
118,20.0,0.38046875,0.13046875,0.2921875,0.07890625,0.109375,0.1078125,0.0921875,0.046875,0.01015625,0.096875
119,8.89285714286,0.240963855422,0.0843373493976,0.285140562249,0.0401606425703,0.0963855421687,0.152610441767,0.0481927710843,0.0522088353414,0.00401606425703,0.100401606426
120,12.1551724138,0.36170212766,0.140425531915,0.251063829787,0.0808510638298,0.10780141844,0.323404255319,0.0184397163121,0.0312056737589,0.0652482269504,0.154609929078
121,27.5897435897,0.354089219331,0.131040892193,0.328066914498,0.0520446096654,0.0729553903346,0.0938661710037,0.07156133829,0.0376394052045,0.00697026022305,0.0664498141264
122,31.5066666667,0.580617858654,0.210749047821,0.470588235294,0.105797714769,0.118493440542,0.206940330089,0.0558611933982,0.022005924672,0.022005924672,0.0681337283115
123,21.606557377,0.321699544765,0.11684370258,0.265553869499,0.0591805766313,0.0789074355083,0.131259484067,0.203338391502,0.0242792109256,0.00303490136571,0.0553869499241
124,14.7837837838,0.420475319927,0.164533820841,0.374771480804,0.0621572212066,0.0968921389397,0.199268738574,0.0749542961609,0.0310786106033,0.0091407678245,0.126142595978
125,22.975308642,0.410531972058,0.156367544331,0.346050510478,0.0386888769479,0.0451370231059,0.104782375067,0.0317033852767,0.00752283718431,0.00322407307899,0.068242880172
126,34.6666666667,0.402777777778,0.142806267806,0.291666666667,0.0815527065527,0.117165242165,0.27386039886,0.212962962963,0.0423789173789,0.0402421652422,0.0854700854701
127,10.1666666667,0.268852459016,0.108196721311,0.337704918033,0.0295081967213,0.0459016393443,0.27868852459,0.0426229508197,0.0262295081967,0.0360655737705,0.131147540984
128,24.0,0.25,0.0833333333333,0.416666666667,0.0,0.0,0.166666666667,0.0416666666667,0.0416666666667,0.0,0.0833333333333
129,32.1126760563,0.428070175439,0.163157894737,0.263157894737,0.101754385965,0.207894736842,0.366228070175,0.0429824561404,0.0302631578947,0.0495614035088,0.0960526315789
130,14.3768115942,0.402217741935,0.147177419355,0.298387096774,0.105846774194,0.14314516129,0.275201612903,0.0443548387097,0.0362903225806,0.0241935483871,0.118951612903
131,30.5135135135,0.624003542958,0.239149689991,0.523914968999,0.142604074402,0.17980513729,0.133746678477,0.15234720992,0.0349867139061,0.0186005314438,0.0513728963685
132,21.406779661,0.350752177356,0.148060174188,0.307996832937,0.0174188440222,0.027711797308,0.10530482977,0.0783847980998,0.0292953285827,0.0142517814727,0.0815518606492
133,20.7901234568,0.312351543943,0.122327790974,0.200118764846,0.0676959619952,0.121140142518,0.355700712589,0.0522565320665,0.0338479809976,0.0427553444181,0.119952494062
134,6.63636363636,0.342465753425,0.150684931507,0.260273972603,0.041095890411,0.109589041096,0.287671232877,0.041095890411,0.013698630137,0.0821917808219,0.109589041096
135,29.3835616438,0.362703962704,0.148251748252,0.340326340326,0.0522144522145,0.0885780885781,0.121678321678,0.217715617716,0.0414918414918,0.00932400932401,0.0741258741259
136,8.65,0.208092485549,0.0635838150289,0.225433526012,0.0751445086705,0.104046242775,0.202312138728,0.109826589595,0.0404624277457,0.0173410404624,0.190751445087
137,9.0,0.177777777778,0.0444444444444,0.222222222222,0.0666666666667,0.0888888888889,0.0888888888889,0.0888888888889,0.0,0.0,0.0444444444444
138,13.2352941176,0.311111111111,0.137777777778,0.32,0.0355555555556,0.04,0.28,0.08,0.04,0.0355555555556,0.142222222222
139,30.4117647059,0.42166344294,0.159090909091,0.437620889749,0.0676982591876,0.101063829787,0.112185686654,0.179883945841,0.0314313346228,0.0169245647969,0.0681818181818
140,20.987804878,0.603137710633,0.240557815224,0.417780360256,0.116211504939,0.145845438698,0.385822196397,0.0191748983149,0.0151074956421,0.0191748983149,0.0964555490994
141,34.1612903226,0.596789423985,0.210576015109,0.464589235127,0.130311614731,0.162417374882,0.118035882908,0.179414542021,0.0594900849858,0.0179414542021,0.070821529745
142,32.9111111111,0.463200540176,0.1559756921,0.372721134369,0.0749493585415,0.08440243079,0.0668467251857,0.0817015530047,0.0290344361918,0.00945307224848,0.0661715057394
143,6.0,0.166666666667,0.0625,0.125,0.0416666666667,0.0833333333333,0.229166666667,0.0208333333333,0.0,0.0833333333333,0.0833333333333
144,4.66666666667,0.309523809524,0.119047619048,0.309523809524,0.047619047619,0.047619047619,0.142857142857,0.0714285714286,0.0238095238095,0.0,0.0952380952381
145,25.4054054054,0.407978723404,0.148936170213,0.351595744681,0.0590425531915,0.081914893617,0.214361702128,0.0356382978723,0.0276595744681,0.0175531914894,0.0909574468085
146,32.4810126582,0.472720187062,0.167186282151,0.362042088854,0.0775526110678,0.0927513639906,0.0876851130164,0.0833982852689,0.037412314887,0.000779423226812,0.0833982852689
147,28.037037037,0.376045794804,0.151034786438,0.331571994716,0.0651695288419,0.0788199031264,0.174812857772,0.158080140907,0.035226772347,0.0123293703214,0.0612065169529
148,16.7391304348,0.415584415584,0.162337662338,0.296103896104,0.0909090909091,0.171428571429,0.333766233766,0.0415584415584,0.0233766233766,0.0649350649351,0.122077922078
149,21.0864197531,0.354800936768,0.125878220141,0.30737704918,0.0632318501171,0.0866510538642,0.196135831382,0.0573770491803,0.0222482435597,0.0251756440281,0.0737704918033
150,24.3875,0.298308559713,0.10302409021,0.258841619682,0.0466427473091,0.0640697078421,0.1086622245,0.0717580727832,0.0353664787289,0.00922603792927,0.0999487442337
151,32.0921052632,0.382123821238,0.147191471915,0.313653136531,0.0446904469045,0.0545305453055,0.090200902009,0.060270602706,0.039770397704,0.00738007380074,0.0586305863059
152,20.175,0.483271375465,0.187112763321,0.402726146221,0.0582403965304,0.0681536555143,0.102850061958,0.0582403965304,0.0247831474597,0.00123915737299,0.0681536555143
153,34.1081081081,0.354199683043,0.129160063391,0.292789223455,0.0451664025357,0.0594294770206,0.118066561014,0.102614896989,0.0328843106181,0.006735340729,0.0590332805071
154,22.5652173913,0.395632626846,0.14771997431,0.377007064868,0.0462427745665,0.0590879897238,0.104688503532,0.0359666024406,0.024405908799,0.0122029543995,0.0789980732177
155,19.875,0.43605870021,0.162124388539,0.369671558351,0.0782669461915,0.102026554857,0.147449336129,0.0524109014675,0.0272536687631,0.0132774283718,0.0607966457023
156,35.2875,0.47821466525,0.181721572795,0.35883811548,0.10485299327,0.144881331916,0.216790648247,0.122210414453,0.0332979100248,0.0400283386468,0.0913921360255
157,11.2888888889,0.336614173228,0.127952755906,0.297244094488,0.0531496062992,0.0767716535433,0.133858267717,0.0511811023622,0.0334645669291,0.0177165354331,0.0413385826772
158,32.8194444444,0.430808294541,0.176470588235,0.370292001693,0.0507829030893,0.0698264917478,0.117223867964,0.177316969953,0.0300465509945,0.00719424460432,0.0795598815066
159,36.1625,0.545454545455,0.180089872105,0.415485655029,0.13584514345,0.16488074663,0.13722779122,0.102315935016,0.0328378845489,0.00933287245074,0.0632561354995
160,27.0731707317,0.372522522523,0.138738738739,0.260810810811,0.0923423423423,0.111711711712,0.263513513514,0.0644144144144,0.0423423423423,0.0432432432432,0.0986486486486
161,29.2911392405,0.52290406223,0.212186689715,0.40665514261,0.0985306828003,0.133102852204,0.300777873812,0.0769230769231,0.0311149524633,0.0289541918755,0.0704407951599
162,10.6666666667,0.223958333333,0.09375,0.166666666667,0.0364583333333,0.0885416666667,0.21875,0.03125,0.0208333333333,0.00520833333333,0.145833333333
163,20.0,0.282608695652,0.0978260869565,0.3,0.0478260869565,0.0565217391304,0.102173913043,0.197826086957,0.0217391304348,0.0,0.0913043478261
164,30.9393939394,0.379040156709,0.144466209598,0.309990205681,0.0499510284035,0.0656219392752,0.159157688541,0.0572967678746,0.0200783545544,0.0048971596474,0.0666013712047
165,29.1095890411,0.489411764706,0.194352941176,0.320941176471,0.100705882353,0.154823529412,0.407058823529,0.0136470588235,0.0207058823529,0.126588235294,0.0945882352941
166,18.7857142857,0.346007604563,0.125475285171,0.292775665399,0.0950570342205,0.114068441065,0.273764258555,0.0342205323194,0.0342205323194,0.0532319391635,0.140684410646
167,27.974025974,0.351903435469,0.125348189415,0.315691736305,0.0320334261838,0.0445682451253,0.126276694522,0.0459610027855,0.016713091922,0.0111420612813,0.0868152274838
168,8.75757575758,0.40830449827,0.153979238754,0.349480968858,0.0484429065744,0.0588235294118,0.117647058824,0.110726643599,0.0294117647059,0.022491349481,0.100346020761
169,25.5774647887,0.363436123348,0.145374449339,0.246696035242,0.0726872246696,0.123898678414,0.279185022026,0.057268722467,0.0357929515419,0.0412995594714,0.121145374449
170,24.3703703704,0.23632218845,0.0866261398176,0.231762917933,0.0303951367781,0.0387537993921,0.154255319149,0.0699088145897,0.0410334346505,0.0144376899696,0.0904255319149
171,25.5324675325,0.430315361139,0.132248219736,0.367243133266,0.0762970498474,0.0915564598169,0.088504577823,0.0696846388606,0.028484231943,0.00610376398779,0.0676500508647
172,32.243902439,0.689485627837,0.223524962179,0.522692889561,0.179273827534,0.205748865356,0.0919062027231,0.192511346445,0.0344175491679,0.00340393343419,0.0631618759455
173,29.0779220779,0.434122376061,0.177311299687,0.431889236266,0.054488610987,0.0786065207682,0.136221527468,0.224207235373,0.0393032603841,0.0107190710138,0.0594015185351
174,22.527027027,0.484703059388,0.190161967606,0.426514697061,0.0443911217756,0.0575884823035,0.0911817636473,0.181163767247,0.0155968806239,0.00119976004799,0.0659868026395
175,12.4857142857,0.471395881007,0.183066361556,0.354691075515,0.105263157895,0.235697940503,0.302059496568,0.0526315789474,0.0343249427918,0.0320366132723,0.107551487414
176,3.0,0.0,0.0,0.166666666667,0.0,0.0,0.166666666667,0.0,0.166666666667,0.0,0.166666666667
177,27.96,0.584644730567,0.201239866476,0.419647114926,0.0867906533143,0.0977587029089,0.0662851692895,0.0505484024797,0.0200286123033,0.00238435860753,0.0643776824034
178,30.6753246753,0.404318374259,0.149449618967,0.359864521592,0.0190516511431,0.0300592718036,0.0918712955123,0.0550381033023,0.0342929720576,0.00889077053345,0.086367485182
179,15.8904109589,0.322413793103,0.120689655172,0.273275862069,0.0689655172414,0.105172413793,0.163793103448,0.0396551724138,0.0198275862069,0.0284482758621,0.122413793103
180,18.5384615385,0.399723374827,0.159059474412,0.342323651452,0.0712309820194,0.0947441217151,0.257952973721,0.0463347164592,0.0318118948824,0.0228215767635,0.130705394191
181,10.8823529412,0.464864864865,0.208108108108,0.362162162162,0.0486486486486,0.0972972972973,0.359459459459,0.00810810810811,0.0135135135135,0.0702702702703,0.132432432432
182,31.6842105263,0.444352159468,0.183970099668,0.373338870432,0.0726744186047,0.0946843853821,0.16403654485,0.0539867109635,0.0286544850498,0.0120431893688,0.0639534883721
183,31.6164383562,0.449740034662,0.155979202773,0.352253032929,0.0849220103986,0.103552859619,0.161611785095,0.0584922010399,0.0545927209705,0.015164644714,0.0857885615251
184,30.0188679245,0.583280955374,0.249528598366,0.490886235072,0.0835952231301,0.121935889378,0.234443746072,0.0408548082967,0.0138277812696,0.0383406662476,0.0879949717159
185,26.9113924051,0.526810912512,0.178269049859,0.441674506115,0.115239887112,0.127469426152,0.0682031984948,0.0860771401693,0.0244590780809,0.00564440263405,0.0573847601129
186,26.5641025641,0.28861003861,0.109073359073,0.296332046332,0.0289575289575,0.0337837837838,0.111003861004,0.183397683398,0.0241312741313,0.00482625482625,0.0965250965251
187,14.137254902,0.24826629681,0.0929264909847,0.246879334258,0.0305131761442,0.0402219140083,0.119278779473,0.0568654646325,0.0291262135922,0.0194174757282,0.0748959778086
188,14.9545454545,0.483282674772,0.164133738602,0.343465045593,0.0759878419453,0.103343465046,0.127659574468,0.063829787234,0.048632218845,0.0151975683891,0.0851063829787
189,38.1097560976,0.76032,0.2272,0.51744,0.2304,0.26784,0.16032,0.19584,0.04448,0.01632,0.07328
190,16.2456140351,0.309935205184,0.123110151188,0.259179265659,0.0421166306695,0.07343412527,0.136069114471,0.0723542116631,0.0313174946004,0.0356371490281,0.0907127429806
191,9.64583333333,0.38444924406,0.125269978402,0.306695464363,0.0453563714903,0.0561555075594,0.107991360691,0.0302375809935,0.0237580993521,0.0215982721382,0.107991360691
192,6.39024390244,0.446564885496,0.171755725191,0.320610687023,0.0992366412214,0.187022900763,0.221374045802,0.0648854961832,0.0381679389313,0.030534351145,0.148854961832
193,6.86206896552,0.145728643216,0.0552763819095,0.180904522613,0.00502512562814,0.0201005025126,0.130653266332,0.0452261306533,0.0301507537688,0.00502512562814,0.0854271356784
194,9.31818181818,0.292682926829,0.0878048780488,0.256097560976,0.0878048780488,0.134146341463,0.0926829268293,0.0487804878049,0.0341463414634,0.00487804878049,0.1
195,25.9012345679,0.30409914204,0.11105815062,0.232125834128,0.0343183984747,0.0467111534795,0.136320305052,0.0815061963775,0.0357483317445,0.00857959961868,0.0905624404194
196,23.6419753086,0.435509138381,0.183289817232,0.42088772846,0.0537859007833,0.0840731070496,0.351436031332,0.0976501305483,0.0391644908616,0.0245430809399,0.109138381201
197,5.65384615385,0.428571428571,0.136054421769,0.442176870748,0.0544217687075,0.0544217687075,0.156462585034,0.0340136054422,0.0340136054422,0.00680272108844,0.0340136054422
198,14.0740740741,0.402631578947,0.142105263158,0.305263157895,0.118421052632,0.163157894737,0.226315789474,0.0394736842105,0.0210526315789,0.0184210526316,0.152631578947
199,2.71428571429,0.368421052632,0.157894736842,0.263157894737,0.0526315789474,0.105263157895,0.210526315789,0.0526315789474,0.0526315789474,0.0,0.0526315789474
200,32.09375,0.400194741967,0.136319376826,0.34858812074,0.0973709834469,0.109055501461,0.132424537488,0.229795520935,0.033106134372,0.00681596884129,0.0749756572541
201,15.5394736842,0.462320067739,0.206604572396,0.425910245555,0.0457239627434,0.0567315834039,0.185436071126,0.0524978831499,0.0279424216765,0.0550381033023,0.138018628281
202,17.4722222222,0.335453100159,0.120031796502,0.298887122417,0.0214626391097,0.0262321144674,0.0627980922099,0.0818759936407,0.0373608903021,0.00715421303657,0.0723370429253
203,10.0212765957,0.312101910828,0.110403397028,0.229299363057,0.0806794055202,0.114649681529,0.284501061571,0.0615711252654,0.0254777070064,0.0424628450106,0.169851380042
204,6.29411764706,0.280373831776,0.11214953271,0.214953271028,0.0560747663551,0.0560747663551,0.205607476636,0.0467289719626,0.0,0.0280373831776,0.168224299065
205,28.1625,0.416777629827,0.157123834887,0.365734576121,0.0727918331114,0.0976475810031,0.147359076787,0.0612516644474,0.0257434531735,0.0177541056369,0.0727918331114
206,28.5443037975,0.549445676275,0.192461197339,0.438137472284,0.115742793792,0.138359201774,0.0949002217295,0.208425720621,0.0430155210643,0.0106430155211,0.0740576496674
207,12.9019607843,0.329787234043,0.132218844985,0.246200607903,0.0653495440729,0.0896656534954,0.262917933131,0.0303951367781,0.031914893617,0.080547112462,0.113981762918
208,26.8311688312,0.362536302033,0.121490803485,0.289932236205,0.10261374637,0.155856727977,0.174733785092,0.0653436592449,0.026137463698,0.0614714424008,0.104065827686
209,8.36666666667,0.282868525896,0.103585657371,0.191235059761,0.0597609561753,0.0836653386454,0.215139442231,0.00796812749004,0.0239043824701,0.0358565737052,0.0756972111554
210,18.5909090909,0.472697636512,0.187449062755,0.41564792176,0.0521597392013,0.0717196414018,0.205378973105,0.0627546862266,0.0342298288509,0.0244498777506,0.0855745721271
211,26.2564102564,0.4462890625,0.146484375,0.35546875,0.1162109375,0.142578125,0.12353515625,0.11474609375,0.0283203125,0.0205078125,0.08056640625
212,16.6447368421,0.336758893281,0.121739130435,0.309090909091,0.0758893280632,0.097233201581,0.113043478261,0.139920948617,0.0395256916996,0.00790513833992,0.0766798418972
213,28.9423076923,0.359468438538,0.12292358804,0.290365448505,0.046511627907,0.0598006644518,0.0936877076412,0.108305647841,0.0312292358804,0.00730897009967,0.0737541528239
214,3.0,0.5,0.111111111111,0.277777777778,0.222222222222,0.277777777778,0.0,0.0555555555556,0.0555555555556,0.0,0.111111111111
215,36.9253731343,0.565481002425,0.189975747777,0.418350848828,0.159660468876,0.19199676637,0.144704931285,0.129749393694,0.0444624090542,0.017380759903,0.0501212611156
216,21.8965517241,0.195275590551,0.0803149606299,0.209448818898,0.0346456692913,0.0708661417323,0.40157480315,0.173228346457,0.0283464566929,0.0456692913386,0.12125984252
217,14.3333333333,0.511627906977,0.162790697674,0.46511627907,0.093023255814,0.093023255814,0.116279069767,0.0697674418605,0.0,0.0,0.046511627907
218,3.0,0.2,0.0666666666667,0.266666666667,0.0,0.0,0.2,0.133333333333,0.0,0.0,0.0666666666667
219,15.3209876543,0.275584206285,0.0999194198227,0.234488315874,0.0104754230459,0.0145044319098,0.121676067687,0.0773569701853,0.044319097502,0.00322320709106,0.0789685737309
220,33.3703703704,0.366999630041,0.139474657788,0.317795042545,0.0436551979282,0.0525342212357,0.108028116907,0.117647058824,0.0225675175731,0.00147983721791,0.0540140584536
221,9.34146341463,0.402088772846,0.161879895561,0.441253263708,0.0522193211488,0.065274151436,0.130548302872,0.169712793734,0.0391644908616,0.0,0.0783289817232
222,5.05263157895,0.1875,0.0625,0.104166666667,0.0625,0.0833333333333,0.21875,0.0104166666667,0.0208333333333,0.125,0.15625
223,17.6440677966,0.446685878963,0.187319884726,0.365033621518,0.059558117195,0.0662824207493,0.278578290106,0.0537944284342,0.0124879923151,0.014409221902,0.110470701249
224,16.8245614035,0.413972888425,0.171011470282,0.303441084463,0.0719499478624,0.122002085506,0.230448383733,0.0563086548488,0.0187695516163,0.113660062565,0.136600625652
225,11.1627906977,0.370833333333,0.147916666667,0.333333333333,0.0416666666667,0.05,0.11875,0.0729166666667,0.0166666666667,0.00208333333333,0.0458333333333
226,36.1558441558,0.54992816092,0.205459770115,0.484554597701,0.0977011494253,0.123563218391,0.136135057471,0.283405172414,0.0520833333333,0.0211925287356,0.0571120689655
227,12.9848484848,0.232205367561,0.100350058343,0.243873978996,0.0303383897316,0.0443407234539,0.20536756126,0.0373395565928,0.0210035005834,0.00933488914819,0.116686114352
228,18.7313432836,0.451792828685,0.178486055777,0.371314741036,0.0613545816733,0.0804780876494,0.297211155378,0.0573705179283,0.0302788844622,0.0239043824701,0.0996015936255
229,15.0769230769,0.289115646259,0.100340136054,0.243197278912,0.0518707482993,0.0663265306122,0.244897959184,0.0527210884354,0.0170068027211,0.0204081632653,0.116496598639
230,25.95,0.493256262042,0.194605009634,0.344251766217,0.104046242775,0.136801541426,0.351316634554,0.0269749518304,0.0160565189467,0.0513808606294,0.101477199743
231,14.7818181818,0.407134071341,0.150061500615,0.29766297663,0.0848708487085,0.113161131611,0.118081180812,0.0713407134071,0.029520295203,0.00615006150062,0.126691266913
232,7.5,0.466666666667,0.133333333333,0.4,0.2,0.333333333333,0.133333333333,0.2,0.2,0.0,0.133333333333
233,32.3037974684,0.480015673981,0.186128526646,0.430250783699,0.064263322884,0.0799373040752,0.122648902821,0.0752351097179,0.0344827586207,0.00274294670846,0.0658307210031
234,24.25,0.378006872852,0.144329896907,0.343642611684,0.0343642611684,0.0343642611684,0.085910652921,0.127147766323,0.0515463917526,0.00687285223368,0.0756013745704
235,27.6363636364,0.411184210526,0.161184210526,0.381578947368,0.0460526315789,0.0690789473684,0.203947368421,0.0822368421053,0.0263157894737,0.00986842105263,0.0789473684211
236,20.7260273973,0.426305353602,0.183740912095,0.362855254461,0.0588235294118,0.0826173165896,0.298083278255,0.0575016523463,0.0237937871778,0.0244547257105,0.102445472571
237,8.90909090909,0.505102040816,0.173469387755,0.397959183673,0.107142857143,0.142857142857,0.102040816327,0.127551020408,0.015306122449,0.00510204081633,0.0867346938776
238,3.5625,0.368421052632,0.140350877193,0.385964912281,0.0877192982456,0.175438596491,0.228070175439,0.0175438596491,0.0,0.19298245614,0.0877192982456
239,5.25,0.349206349206,0.0952380952381,0.174603174603,0.15873015873,0.174603174603,0.111111111111,0.269841269841,0.047619047619,0.0,0.047619047619
240,28.1111111111,0.268774703557,0.103260869565,0.224802371542,0.0207509881423,0.0237154150198,0.11314229249,0.147233201581,0.0311264822134,0.00345849802372,0.0666996047431
241,11.0,0.254545454545,0.0909090909091,0.218181818182,0.0,0.0727272727273,0.181818181818,0.0,0.0181818181818,0.0363636363636,0.0545454545455
242,14.1666666667,0.252100840336,0.0924369747899,0.248739495798,0.0470588235294,0.0672268907563,0.176470588235,0.136134453782,0.0302521008403,0.0117647058824,0.114285714286
243,21.2884615385,0.308039747064,0.111111111111,0.245709123758,0.0379403794038,0.0569105691057,0.096657633243,0.0659439927733,0.0325203252033,0.0225835591689,0.096657633243
244,16.0,0.377272727273,0.144318181818,0.396590909091,0.0420454545455,0.0761363636364,0.218181818182,0.102272727273,0.0386363636364,0.0534090909091,0.134090909091
245,28.1692307692,0.594756963408,0.223921354451,0.510649918078,0.0993992353905,0.117968323321,0.106499180776,0.213544511196,0.0480611687602,0.0120152921901,0.0808301474604
246,28.2222222222,0.402012248469,0.156605424322,0.365266841645,0.0844269466317,0.11811023622,0.362642169729,0.0629921259843,0.0231846019248,0.0126859142607,0.105861767279
247,11.7636363636,0.321483771252,0.109737248841,0.270479134467,0.0680061823802,0.0850077279753,0.204018547141,0.0448222565688,0.0293663060278,0.0386398763524,0.0695517774343
248,7.0,0.371428571429,0.114285714286,0.285714285714,0.0285714285714,0.0571428571429,0.0285714285714,0.0,0.0285714285714,0.0,0.0857142857143
249,14.5660377358,0.309585492228,0.113989637306,0.295336787565,0.0349740932642,0.0479274611399,0.116580310881,0.0725388601036,0.0414507772021,0.0246113989637,0.0790155440415
250,28.6153846154,0.224910394265,0.0873655913978,0.206989247312,0.0358422939068,0.0524193548387,0.180555555556,0.0528673835125,0.0304659498208,0.0116487455197,0.0824372759857
251,17.09375,0.480804387569,0.184643510055,0.442413162706,0.111517367459,0.180987202925,0.319926873857,0.073126142596,0.0438756855576,0.0804387568556,0.166361974406
252,6.35135135135,0.378723404255,0.123404255319,0.306382978723,0.102127659574,0.127659574468,0.178723404255,0.0425531914894,0.0297872340426,0.0255319148936,0.127659574468
253,32.0365853659,0.572135515797,0.237913970308,0.438903692425,0.084887704606,0.104682146936,0.326608298439,0.0612866387514,0.0220784164446,0.0525314046441,0.0932622763609
254,33.0555555556,0.639915966387,0.231512605042,0.457983193277,0.12268907563,0.140336134454,0.207142857143,0.0781512605042,0.053781512605,0.0298319327731,0.0558823529412
255,5.4,0.222222222222,0.0740740740741,0.296296296296,0.0740740740741,0.0740740740741,0.037037037037,0.037037037037,0.037037037037,0.0,0.185185185185
256,20.2173913043,0.49247311828,0.181362007168,0.398566308244,0.0688172043011,0.0917562724014,0.201433691756,0.0752688172043,0.0372759856631,0.0236559139785,0.116845878136
257,10.6507936508,0.351713859911,0.134128166915,0.314456035768,0.0461997019374,0.0730253353204,0.198211624441,0.0193740685544,0.0327868852459,0.0104321907601,0.149031296572
258,35.6172839506,0.585441941075,0.196880415945,0.461351819757,0.128596187175,0.151819757366,0.123743500867,0.145927209705,0.0436741767764,0.0135181975737,0.0384748700173
259,13.3333333333,0.2775,0.1075,0.295,0.0225,0.0325,0.07,0.1825,0.04,0.005,0.075
260,14.6486486486,0.167896678967,0.0738007380074,0.138376383764,0.020295202952,0.0461254612546,0.236162361624,0.0571955719557,0.020295202952,0.020295202952,0.118081180812
261,25.2835820896,0.492916174734,0.206021251476,0.369539551358,0.0802833530106,0.131050767414,0.342975206612,0.0466351829988,0.0188902007084,0.0354191263282,0.0997638724911
262,27.7733333333,0.418626980317,0.153624579933,0.34805568891,0.0590494479117,0.0724915986558,0.181949111858,0.0820931349016,0.0470475276044,0.018242918867,0.084493518963
263,36.6973684211,0.396199354607,0.14449623521,0.344209394048,0.0663320186447,0.0817497310864,0.101111509502,0.0494801003944,0.0394406597347,0.00609537468627,0.0598780925063
264,35.8055555556,0.787044220326,0.270752521334,0.535686578743,0.173390224981,0.193173002327,0.228471683476,0.140031031808,0.0267649340574,0.032971295578,0.0531419705198
265,14.6315789474,0.219424460432,0.0971223021583,0.206834532374,0.0251798561151,0.0377697841727,0.269784172662,0.111510791367,0.0503597122302,0.0179856115108,0.125899280576
266,31.4805194805,0.509075907591,0.168729372937,0.403052805281,0.106435643564,0.129537953795,0.314356435644,0.0763201320132,0.0239273927393,0.0169141914191,0.0655940594059
267,19.9090909091,0.469406392694,0.142465753425,0.382648401826,0.139726027397,0.157077625571,0.100456621005,0.0529680365297,0.0237442922374,0.0027397260274,0.075799086758
268,10.9791666667,0.354838709677,0.159392789374,0.3889943074,0.0360531309298,0.0436432637571,0.239089184061,0.0891840607211,0.0151802656546,0.0683111954459,0.127134724858
269,4.2,0.428571428571,0.190476190476,0.333333333333,0.0,0.0,0.47619047619,0.0,0.0,0.0,0.0952380952381
270,36.1012658228,0.502805049088,0.177769985975,0.400420757363,0.0971248246844,0.109396914446,0.105890603086,0.116058906031,0.0459326788219,0.00666199158485,0.0715287517532
271,13.7173913043,0.217115689382,0.0776545166403,0.204437400951,0.0237717908082,0.0253565768621,0.110935023772,0.115689381933,0.0237717908082,0.00316957210777,0.101426307448
272,33.325,0.664291072768,0.244186046512,0.519879969992,0.0723930982746,0.082895723931,0.114778694674,0.0622655663916,0.0225056264066,0.0183795948987,0.0570142535634
273,28.2272727273,0.623188405797,0.213633923779,0.597423510467,0.124530327429,0.150831991412,0.13258185722,0.0987654320988,0.0332796564681,0.00697799248524,0.0617283950617
274,19.0,0.356950067476,0.159244264507,0.2995951417,0.0384615384615,0.0701754385965,0.285425101215,0.0222672064777,0.0269905533063,0.0472334682861,0.124831309042
275,11.3076923077,0.227891156463,0.0816326530612,0.224489795918,0.030612244898,0.047619047619,0.136054421769,0.0544217687075,0.0442176870748,0.0170068027211,0.0816326530612
276,15.7547169811,0.410778443114,0.144910179641,0.353293413174,0.0802395209581,0.100598802395,0.261077844311,0.0431137724551,0.0191616766467,0.0275449101796,0.112574850299
277,28.4166666667,0.502443792766,0.182306940371,0.433040078201,0.0982404692082,0.117302052786,0.257086999022,0.0459433040078,0.0259042033236,0.0654936461388,0.100195503421
278,15.9615384615,0.281124497992,0.110843373494,0.236947791165,0.0497991967871,0.0666666666667,0.195983935743,0.0987951807229,0.0481927710843,0.0232931726908,0.0779116465863
279,30.0125,0.307788421491,0.111620158267,0.256976259892,0.0187421907539,0.0224906289046,0.108288213244,0.0683048729696,0.0249895876718,0.0145772594752,0.067055393586
280,37.025974026,0.573132234304,0.179586110137,0.42020343739,0.139600140302,0.172220273588,0.128025254297,0.173272535952,0.055419151175,0.0119256401263,0.0740091196072
281,11.7538461538,0.40445026178,0.168848167539,0.354712041885,0.0602094240838,0.0785340314136,0.32722513089,0.0942408376963,0.0261780104712,0.0641361256545,0.140052356021
282,14.3676470588,0.236438075742,0.0880245649949,0.226202661208,0.0296827021494,0.0450358239509,0.144319344933,0.0245649948823,0.0307062436029,0.00921187308086,0.122824974411
283,31.4528301887,0.624475104979,0.236352729454,0.527294541092,0.101379724055,0.114577084583,0.0941811637672,0.149970005999,0.0335932813437,0.0107978404319,0.0641871625675
284,30.5540540541,0.588677576294,0.237063246351,0.46218487395,0.114551083591,0.133569217161,0.27952233525,0.0486510393631,0.0168067226891,0.0358248562583,0.0667846085803
285,11.2857142857,0.212658227848,0.0708860759494,0.20253164557,0.0405063291139,0.0556962025316,0.126582278481,0.0987341772152,0.0227848101266,0.00506329113924,0.113924050633
286,19.884057971,0.417638483965,0.166180758017,0.345481049563,0.0634110787172,0.0809037900875,0.162536443149,0.0969387755102,0.0313411078717,0.00655976676385,0.0983965014577
287,22.2542372881,0.368621477532,0.128712871287,0.290936785986,0.0776846915461,0.0906321401371,0.0997715156131,0.040365575019,0.016755521706,0.00533130236101,0.0830159939071
288,24.7926829268,0.307427447122,0.113625184456,0.289227742253,0.0423020167241,0.0560747663551,0.141662567634,0.101819970487,0.0378750614855,0.0108214461387,0.0870634530251
289,20.0952380952,0.275671406003,0.124802527646,0.236966824645,0.0252764612954,0.0371248025276,0.24644549763,0.0347551342812,0.042654028436,0.0181674565561,0.0979462875197
290,20.2405063291,0.267667292058,0.119449656035,0.231394621639,0.0287679799875,0.0456535334584,0.26516572858,0.0475297060663,0.0162601626016,0.0262664165103,0.0919324577861
291,35.6315789474,0.709010339734,0.272156573117,0.522895125554,0.132570162482,0.181314623338,0.208641063516,0.189807976366,0.0384047267356,0.018094534712,0.0528064992614
292,15.8676470588,0.401297497683,0.158480074143,0.342910101946,0.0481927710843,0.0574606116775,0.10843373494,0.0759962928638,0.0407784986098,0.00926784059314,0.0991658943466
293,7.625,0.327868852459,0.131147540984,0.409836065574,0.0491803278689,0.0655737704918,0.114754098361,0.180327868852,0.0491803278689,0.016393442623,0.0655737704918
294,7.03448275862,0.254901960784,0.093137254902,0.259803921569,0.0686274509804,0.132352941176,0.240196078431,0.0588235294118,0.0294117647059,0.0343137254902,0.21568627451
295,28.4626865672,0.539066596749,0.148400629261,0.363398007341,0.18458311484,0.222338751966,0.0886208704772,0.0875721027792,0.0325117986366,0.00996329313057,0.0561090718406
296,16.9866666667,0.181318681319,0.0737833594976,0.162480376766,0.0235478806907,0.0447409733124,0.134222919937,0.0235478806907,0.0345368916797,0.0149136577708,0.0784929356358
297,7.75862068966,0.288888888889,0.124444444444,0.195555555556,0.0355555555556,0.0666666666667,0.204444444444,0.0311111111111,0.0533333333333,0.0533333333333,0.128888888889
298,3.5,0.333333333333,0.119047619048,0.452380952381,0.0714285714286,0.0952380952381,0.0952380952381,0.0238095238095,0.0,0.0,0.0238095238095
299,21.5263157895,0.40586797066,0.164425427873,0.365525672372,0.0372860635697,0.0513447432763,0.220660146699,0.0403422982885,0.0281173594132,0.0165036674817,0.10880195599
300,17.9787234043,0.386982248521,0.144378698225,0.34201183432,0.0461538461538,0.0591715976331,0.175147928994,0.0627218934911,0.0130177514793,0.00828402366864,0.10650887574
301,32.3513513514,0.380534670008,0.141604010025,0.3111946533,0.0605680868839,0.0802005012531,0.185045948204,0.0584795321637,0.030910609858,0.0121136173768,0.0509607351713
302,19.5517241379,0.489417989418,0.173721340388,0.383597883598,0.0802469135802,0.0987654320988,0.128747795414,0.156084656085,0.0582010582011,0.00970017636684,0.0873015873016
303,34.4423076923,0.480737018425,0.183137911781,0.394751535455,0.113344500279,0.136795086544,0.20212171971,0.109436069235,0.0279173646008,0.0390843104411,0.0787269681742
304,16.3962264151,0.272727272727,0.111622554661,0.264672036824,0.0310701956272,0.0333716915995,0.103567318757,0.209436133487,0.029919447641,0.00805523590334,0.0874568469505
305,30.08,0.448581560284,0.191932624113,0.33865248227,0.0647163120567,0.0917553191489,0.328457446809,0.0469858156028,0.0208333333333,0.0425531914894,0.0855496453901
306,24.5882352941,0.416267942584,0.146531100478,0.379784688995,0.0687799043062,0.0825358851675,0.069976076555,0.075956937799,0.0221291866029,0.0011961722488,0.0544258373206
307,35.7,0.396008403361,0.143557422969,0.330882352941,0.0710784313725,0.0948879551821,0.141456582633,0.0703781512605,0.0234593837535,0.00805322128852,0.0595238095238
308,27.3278688525,0.334733053389,0.110377924415,0.317336532693,0.0773845230954,0.0995800839832,0.152969406119,0.110977804439,0.0545890821836,0.0107978404319,0.109778044391
309,18.1639344262,0.532490974729,0.194945848375,0.48916967509,0.0604693140794,0.0712996389892,0.135379061372,0.0758122743682,0.0424187725632,0.00361010830325,0.0812274368231
310,22.5081967213,0.457392571012,0.132556445739,0.323379461034,0.158776402039,0.190823015295,0.114348142753,0.167516387473,0.0640932265113,0.0094683175528,0.13182811362
311,17.8860759494,0.338287331918,0.128096249115,0.295824486907,0.034677990092,0.0382165605096,0.124557678698,0.0771408351026,0.0276008492569,0.0120311394197,0.0877565463553
312,15.8387096774,0.369653767821,0.12932790224,0.327902240326,0.0723014256619,0.0957230142566,0.124236252546,0.0926680244399,0.0386965376782,0.0152749490835,0.0957230142566
313,25.453125,0.469613259669,0.187231430325,0.440761203192,0.0662983425414,0.0902394106814,0.216083486802,0.0761203192142,0.0356046654389,0.0208717004297,0.112952731737
314,11.5555555556,0.615384615385,0.236778846154,0.548076923077,0.112980769231,0.137019230769,0.287259615385,0.0733173076923,0.0228365384615,0.0408653846154,0.140625
315,28.8641975309,0.405474764756,0.144568006843,0.319503849444,0.0513259195894,0.0615911035073,0.222840034217,0.0470487596236,0.0248075278015,0.0329341317365,0.0568862275449
316,25.4024390244,0.359577532405,0.128180508881,0.248199711954,0.103216514642,0.160825732117,0.301488238118,0.108497359578,0.0326452232357,0.0408065290446,0.121459433509
317,28.8157894737,0.346118721461,0.120547945205,0.316438356164,0.0506849315068,0.0630136986301,0.191780821918,0.0744292237443,0.0356164383562,0.0260273972603,0.106849315068
318,6.86666666667,0.368932038835,0.140776699029,0.276699029126,0.0145631067961,0.0194174757282,0.131067961165,0.0436893203883,0.0291262135922,0.00485436893204,0.0776699029126
319,24.5657894737,0.304767005892,0.110873058382,0.273701124799,0.0305302624531,0.0353508302089,0.0867702196036,0.180503481521,0.0235672201393,0.00482056775576,0.0953401178361
320,18.6794871795,0.341798215511,0.133836650652,0.282086479067,0.0473575840769,0.0761839396019,0.1921757035,0.0459849004804,0.0336307481126,0.0240219629375,0.0851063829787
321,16.8571428571,0.298305084746,0.0932203389831,0.3,0.0677966101695,0.0966101694915,0.150847457627,0.0457627118644,0.0372881355932,0.0186440677966,0.113559322034
322,21.8524590164,0.383345836459,0.146286571643,0.326331582896,0.026256564141,0.0345086271568,0.235558889722,0.0690172543136,0.00600150037509,0.013503375844,0.13728432108
323,18.15,0.702479338843,0.29476584022,0.564738292011,0.104683195592,0.134986225895,0.269972451791,0.0440771349862,0.030303030303,0.0247933884298,0.107438016529
324,30.537037037,0.377804730139,0.152213462705,0.336567616737,0.0642813826562,0.0970285021225,0.167374166161,0.170406306853,0.0485142510612,0.0248635536689,0.098241358399
325,29.2857142857,0.434146341463,0.160975609756,0.29756097561,0.0975609756098,0.141463414634,0.219512195122,0.0439024390244,0.0146341463415,0.0146341463415,0.0439024390244
326,31.4285714286,0.486931818182,0.167045454545,0.395454545455,0.108522727273,0.130113636364,0.0931818181818,0.194318181818,0.0380681818182,0.00909090909091,0.0568181818182
327,22.6774193548,0.315789473684,0.109530583215,0.267425320057,0.0412517780939,0.0526315789474,0.118065433855,0.0554765291607,0.0199146514936,0.0142247510669,0.0938833570413
328,7.93617021277,0.16890080429,0.058981233244,0.166219839142,0.0,0.0,0.142091152815,0.107238605898,0.0348525469169,0.0107238605898,0.142091152815
329,9.41666666667,0.345132743363,0.134513274336,0.269026548673,0.0548672566372,0.0690265486726,0.207079646018,0.0601769911504,0.0230088495575,0.0477876106195,0.127433628319
330,15.28,0.404886561955,0.153577661431,0.328097731239,0.043630017452,0.0549738219895,0.179755671902,0.0680628272251,0.021815008726,0.0148342059337,0.0890052356021
331,14.262295082,0.36091954023,0.16091954023,0.267816091954,0.0390804597701,0.067816091954,0.266666666667,0.0183908045977,0.0241379310345,0.0574712643678,0.083908045977
332,21.3417721519,0.572360616845,0.196915776987,0.460854092527,0.0711743772242,0.0919335705813,0.179122182681,0.0527876631079,0.0189798339265,0.0124555160142,0.0943060498221
333,3.6,0.361111111111,0.152777777778,0.319444444444,0.0555555555556,0.138888888889,0.25,0.0416666666667,0.0138888888889,0.0277777777778,0.138888888889
334,18.243902439,0.451871657754,0.176470588235,0.403743315508,0.0508021390374,0.0561497326203,0.096256684492,0.131016042781,0.0187165775401,0.00668449197861,0.0802139037433
335,33.7530864198,0.410021945867,0.159473299195,0.373445501097,0.0592538405267,0.0753474762253,0.0991221653255,0.140087783467,0.0548646671544,0.0135332845647,0.063643013899
336,9.71794871795,0.369393139842,0.153034300792,0.23746701847,0.0633245382586,0.121372031662,0.171503957784,0.0448548812665,0.0290237467018,0.0290237467018,0.126649076517
337,22.7833333333,0.452816386247,0.193123628383,0.387710314557,0.0643745427944,0.0885149963424,0.24286759327,0.029992684711,0.0182882223848,0.0629114850037,0.115581565472
338,11.5,0.0,0.0,0.0434782608696,0.0,0.0,0.0,0.173913043478,0.0434782608696,0.0,0.217391304348
339,3.8,0.421052631579,0.157894736842,0.263157894737,0.105263157895,0.105263157895,0.210526315789,0.0,0.0,0.0,0.210526315789
340,17.9166666667,0.286511627907,0.102325581395,0.218604651163,0.0372093023256,0.0511627906977,0.195348837209,0.0762790697674,0.0241860465116,0.0195348837209,0.143255813953
341,19.1929824561,0.479890310786,0.191042047532,0.351005484461,0.0978062157221,0.169104204753,0.236745886654,0.0886654478976,0.0493601462523,0.0237659963437,0.142595978062
342,29.328358209,0.380152671756,0.15572519084,0.298727735369,0.0681933842239,0.115521628499,0.27582697201,0.0620865139949,0.0600508905852,0.0508905852417,0.0977099236641
343,11.8474576271,0.175965665236,0.071530758226,0.155937052933,0.032904148784,0.0472103004292,0.244635193133,0.0743919885551,0.0214592274678,0.0228898426323,0.153075822604
344,19.1296296296,0.379477250726,0.121974830591,0.360116166505,0.0609874152953,0.0735721200387,0.0939012584705,0.0329138431752,0.0222652468538,0.00677637947725,0.0484027105518
345,34.9714285714,0.427287581699,0.151960784314,0.356617647059,0.0665849673203,0.078431372549,0.174836601307,0.164624183007,0.0265522875817,0.0175653594771,0.046568627451
346,24.7808219178,0.341072415699,0.116086235489,0.301271420674,0.0503040353787,0.065229408513,0.101160862355,0.0762852404643,0.024322830293,0.0110558319514,0.0635710337203
347,21.6625,0.459319099827,0.177149451818,0.346220427005,0.0888632429313,0.109636468552,0.323139065205,0.109059434507,0.0455856895557,0.0288517022504,0.120023081362
348,24.9393939394,0.47205346294,0.150668286756,0.369987849332,0.0886998784933,0.109963547995,0.21992709599,0.0607533414338,0.0352369380316,0.0279465370595,0.091737545565
349,13.0,0.346153846154,0.121794871795,0.320512820513,0.102564102564,0.128205128205,0.134615384615,0.0705128205128,0.00641025641026,0.0,0.141025641026
350,31.3384615385,0.579774177712,0.261659302896,0.513500245459,0.0554737358861,0.0736377025037,0.282768777614,0.0878743249877,0.0260186548846,0.0343642611684,0.0849288168876
351,15.0512820513,0.241056218058,0.0996592844974,0.236797274276,0.0323679727428,0.0434412265758,0.259795570698,0.0255536626917,0.0229982964225,0.0221465076661,0.129471890971
352,14.7959183673,0.376551724138,0.133793103448,0.315862068966,0.0593103448276,0.0731034482759,0.153103448276,0.0648275862069,0.04,0.0137931034483,0.0813793103448
353,26.6222222222,0.39816360601,0.163606010017,0.404006677796,0.0434056761269,0.0542570951586,0.126043405676,0.139398998331,0.0308848080134,0.00417362270451,0.085141903172
354,26.5853658537,0.294495412844,0.109174311927,0.294495412844,0.0284403669725,0.0366972477064,0.0963302752294,0.108256880734,0.0440366972477,0.00733944954128,0.115596330275
355,17.3235294118,0.228353140917,0.088285229202,0.165534804754,0.0517826825127,0.0950764006791,0.351443123939,0.0220713073005,0.0178268251273,0.0195246179966,0.105263157895
356,27.2463768116,0.432446808511,0.159042553191,0.33085106383,0.0547872340426,0.0845744680851,0.218085106383,0.0505319148936,0.0297872340426,0.00904255319149,0.081914893617
357,14.5714285714,0.254901960784,0.0882352941176,0.333333333333,0.0588235294118,0.078431372549,0.147058823529,0.0196078431373,0.0294117647059,0.0294117647059,0.0882352941176
358,30.3466666667,0.382688927944,0.148945518453,0.315026362039,0.0417398945518,0.0553602811951,0.171792618629,0.0527240773286,0.0461335676626,0.0140597539543,0.0716168717047
359,19.8939393939,0.31226199543,0.110434120335,0.310738766184,0.03808073115,0.048743335872,0.132520944402,0.028941355674,0.024371667936,0.00837776085301,0.104341203351
360,30.9756097561,0.256692913386,0.094094488189,0.229133858268,0.0417322834646,0.055905511811,0.20157480315,0.0696850393701,0.0417322834646,0.00787401574803,0.0795275590551
361,13.9491525424,0.176184690158,0.0668286755772,0.178614823815,0.00850546780073,0.0097205346294,0.138517618469,0.157958687728,0.0643985419198,0.00121506682868,0.0996354799514
362,4.20588235294,0.251748251748,0.0909090909091,0.342657342657,0.034965034965,0.034965034965,0.223776223776,0.0699300699301,0.013986013986,0.0,0.041958041958
363,28.7464788732,0.342969132778,0.126408623224,0.291033806957,0.0293973542381,0.0431161195492,0.122488975992,0.117099461049,0.0460558549731,0.0127388535032,0.114649681529
364,25.5696202532,0.268811881188,0.10099009901,0.244059405941,0.0143564356436,0.0168316831683,0.169306930693,0.0465346534653,0.0262376237624,0.0158415841584,0.0633663366337
365,20.5185185185,0.415162454874,0.156438026474,0.368231046931,0.0282791817088,0.0348977135981,0.0950661853189,0.135980746089,0.0354993983153,0.00361010830325,0.0613718411552
366,31.8194444444,0.518114360541,0.203841117416,0.434308162375,0.0999563509385,0.126145787866,0.346137058053,0.128328240943,0.018332605849,0.063727629856,0.0646006110869
367,34.8024691358,0.664774742817,0.214615111742,0.514012061015,0.161050017737,0.187300461156,0.199716211422,0.116708052501,0.0539198297269,0.0102873359347,0.0815892160341
368,32.6790123457,0.523233849641,0.189270872686,0.402720060446,0.116735927465,0.154136758595,0.276539478655,0.100113335852,0.0555345674348,0.0525122780506,0.0895353230072
369,18.1029411765,0.338748984565,0.116978066613,0.322502030869,0.0438667749797,0.0536149471974,0.151096669374,0.0576766856214,0.0268074735987,0.0138099106418,0.10479285134
370,12.3043478261,0.272084805654,0.106007067138,0.275618374558,0.0459363957597,0.0883392226148,0.109540636042,0.265017667845,0.0636042402827,0.0141342756184,0.0989399293286
371,14.8474576271,0.350456621005,0.135844748858,0.244292237443,0.0570776255708,0.0776255707763,0.214611872146,0.0308219178082,0.0331050228311,0.027397260274,0.117579908676
372,8.75,0.307936507937,0.114285714286,0.311111111111,0.0190476190476,0.0222222222222,0.11746031746,0.0412698412698,0.0444444444444,0.0126984126984,0.0920634920635
373,35.2361111111,0.338588884509,0.139929050059,0.308238076468,0.0342924714229,0.0591249507292,0.171462357115,0.330705557745,0.0555774536855,0.00394166338195,0.0689791091841
374,6.0,0.666666666667,0.333333333333,0.333333333333,0.0,0.0,0.166666666667,0.0,0.0,0.0,0.166666666667
375,20.3292682927,0.485902819436,0.167966406719,0.355128974205,0.128374325135,0.169766046791,0.121775644871,0.143371325735,0.0275944811038,0.00299940011998,0.0611877624475
376,20.2716049383,0.288672350792,0.102923264312,0.293544457978,0.037149817296,0.0450669914738,0.095006090134,0.0980511571255,0.0237515225335,0.0176613885505,0.0797807551766
377,14.3,0.216783216783,0.0809190809191,0.265734265734,0.011988011988,0.014985014985,0.0879120879121,0.038961038961,0.028971028971,0.015984015984,0.0729270729271
378,9.39130434783,0.287037037037,0.113425925926,0.240740740741,0.025462962963,0.037037037037,0.12962962963,0.0555555555556,0.0300925925926,0.0532407407407,0.025462962963
379,18.5061728395,0.31754503002,0.120080053369,0.278852568379,0.0346897931955,0.0466977985324,0.0800533689126,0.116077384923,0.0413609072715,0.00133422281521,0.0813875917278
380,11.5609756098,0.289029535865,0.116033755274,0.308016877637,0.0253164556962,0.0316455696203,0.0991561181435,0.126582278481,0.0253164556962,0.0147679324895,0.0611814345992
381,27.4,0.348083941606,0.126368613139,0.311131386861,0.0679744525547,0.0802919708029,0.117700729927,0.129562043796,0.0310218978102,0.00684306569343,0.0643248175182
382,11.5945945946,0.284382284382,0.100233100233,0.228438228438,0.032634032634,0.034965034965,0.158508158508,0.0629370629371,0.02331002331,0.004662004662,0.0675990675991
383,30.6835443038,0.614273927393,0.222772277228,0.513201320132,0.12004950495,0.13902640264,0.104372937294,0.20297029703,0.0243399339934,0.00453795379538,0.0771452145215
384,17.9189189189,0.309200603318,0.107843137255,0.235294117647,0.0437405731523,0.0656108597285,0.0965309200603,0.0444947209653,0.0248868778281,0.0105580693816,0.0972850678733
385,13.7647058824,0.408831908832,0.162393162393,0.316239316239,0.0726495726496,0.105413105413,0.192307692308,0.0470085470085,0.0270655270655,0.0569800569801,0.131054131054
386,30.5657894737,0.32974601808,0.0942746448558,0.25226000861,0.114507102884,0.135170038743,0.140335772708,0.283254412398,0.0697374085235,0.00430477830392,0.0865260439087
387,28.4029850746,0.450867052023,0.143983184446,0.374146085129,0.0735680504467,0.0930110352076,0.220178665265,0.050972149238,0.055176037835,0.0210194429848,0.121912769312
388,12.8,0.271875,0.096875,0.234375,0.078125,0.11875,0.225,0.04375,0.0125,0.03125,0.134375
389,27.0609756098,0.379450202794,0.160883280757,0.298332582244,0.0576836412799,0.0725552050473,0.271293375394,0.0513744930149,0.00721045515998,0.0581342947274,0.0820189274448
390,32.164556962,0.452184179457,0.160566706021,0.382526564345,0.0676898858717,0.0787091696183,0.10507674144,0.0838252656434,0.0287288469107,0.00629673356946,0.0794962613144
391,21.9827586207,0.405490196078,0.143529411765,0.347450980392,0.102745098039,0.123921568627,0.122352941176,0.11137254902,0.0337254901961,0.00627450980392,0.0603921568627
392,21.2068965517,0.271544715447,0.10243902439,0.224390243902,0.060162601626,0.0845528455285,0.250406504065,0.069918699187,0.0634146341463,0.0260162601626,0.0991869918699
393,19.5322580645,0.273327828241,0.0957886044591,0.249380677126,0.0255986787779,0.0338563170933,0.0817506193229,0.121387283237,0.0611065235343,0.0107349298101,0.132947976879
394,23.1851851852,0.256123535676,0.0969116080937,0.218849840256,0.0623003194888,0.0772097976571,0.211927582535,0.0505857294995,0.0170394036209,0.0585729499468,0.134185303514
395,33.9857142857,0.506094997898,0.19588062211,0.423287095418,0.0832282471627,0.106767549391,0.191677175284,0.0504413619168,0.042034468264,0.0214375788146,0.0773434216057
396,31.6721311475,0.288302277433,0.10248447205,0.183229813665,0.0833333333333,0.146480331263,0.345755693582,0.0471014492754,0.0232919254658,0.0698757763975,0.0843685300207
397,4.4,0.348484848485,0.106060606061,0.333333333333,0.121212121212,0.19696969697,0.136363636364,0.166666666667,0.0757575757576,0.0151515151515,0.0757575757576
398,34.3625,0.683157511822,0.238632229902,0.525281920698,0.169152419061,0.208439432521,0.227719170607,0.303383048381,0.0592942888323,0.00727537286286,0.0727537286286
399,30.4242424242,0.559760956175,0.197709163347,0.46264940239,0.0991035856574,0.113545816733,0.197211155378,0.0363545816733,0.0189243027888,0.0124501992032,0.0542828685259
400,12.4324324324,0.269565217391,0.10652173913,0.171739130435,0.0565217391304,0.0913043478261,0.213043478261,0.0217391304348,0.0130434782609,0.045652173913,0.134782608696
401,13.0555555556,0.323404255319,0.117021276596,0.317021276596,0.0787234042553,0.114893617021,0.257446808511,0.0425531914894,0.0276595744681,0.0212765957447,0.0829787234043
402,11.6764705882,0.314861460957,0.123425692695,0.196473551637,0.0680100755668,0.115869017632,0.309823677582,0.0251889168766,0.0201511335013,0.0906801007557,0.136020151134
403,2.0,0.0,0.0,0.0,0.0,0.0,0.166666666667,0.0,0.166666666667,0.0,0.0
404,3.8,0.242105263158,0.0947368421053,0.178947368421,0.0526315789474,0.115789473684,0.273684210526,0.0315789473684,0.0421052631579,0.0526315789474,0.115789473684
405,14.8852459016,0.325991189427,0.116740088106,0.305066079295,0.0352422907489,0.0429515418502,0.1640969163,0.0925110132159,0.0374449339207,0.00550660792952,0.09140969163
406,19.8709677419,0.560064935065,0.199675324675,0.438311688312,0.0974025974026,0.108766233766,0.0909090909091,0.0470779220779,0.0194805194805,0.00324675324675,0.0600649350649
407,32.0512820513,0.3932,0.1664,0.3476,0.0364,0.0484,0.2132,0.0264,0.0152,0.0592,0.0844
408,9.975,0.243107769424,0.0751879699248,0.185463659148,0.0651629072682,0.0701754385965,0.145363408521,0.0877192982456,0.015037593985,0.00501253132832,0.0676691729323
409,15.7272727273,0.432080924855,0.147398843931,0.323699421965,0.0650289017341,0.0780346820809,0.0867052023121,0.0968208092486,0.0317919075145,0.00433526011561,0.0592485549133
410,20.512195122,0.513079667063,0.188466111772,0.404875148633,0.109988109394,0.143876337693,0.158739595719,0.0309155766944,0.0142687277051,0.00416171224732,0.0558858501784
411,10.9090909091,0.338333333333,0.113333333333,0.335,0.055,0.075,0.0916666666667,0.161666666667,0.0383333333333,0.00166666666667,0.0633333333333
412,22.4487179487,0.323243860651,0.12678469446,0.286693318104,0.0474014848658,0.061107938321,0.102798400914,0.195316961736,0.0542547115934,0.00685322672758,0.0691033695031
413,19.4871794872,0.321052631579,0.133552631579,0.249342105263,0.0526315789474,0.0611842105263,0.111184210526,0.155921052632,0.0375,0.0177631578947,0.0921052631579
414,5.85714285714,0.268292682927,0.121951219512,0.268292682927,0.0243902439024,0.0487804878049,0.292682926829,0.0731707317073,0.0243902439024,0.0243902439024,0.170731707317
415,20.3461538462,0.423440453686,0.17202268431,0.39224952741,0.0425330812854,0.0576559546314,0.120982986767,0.176748582231,0.0321361058601,0.00283553875236,0.0680529300567
416,14.6779661017,0.284064665127,0.107390300231,0.240184757506,0.0415704387991,0.0484988452656,0.19168591224,0.0658198614319,0.0427251732102,0.0127020785219,0.0785219399538
417,11.5813953488,0.214859437751,0.0843373493976,0.220883534137,0.0160642570281,0.0301204819277,0.106425702811,0.0983935742972,0.0200803212851,0.00200803212851,0.0943775100402
418,13.25,0.364779874214,0.119496855346,0.339622641509,0.119496855346,0.207547169811,0.106918238994,0.138364779874,0.0188679245283,0.0,0.125786163522
419,18.1578947368,0.328502415459,0.119806763285,0.295652173913,0.0521739130435,0.0628019323671,0.235748792271,0.105314009662,0.0212560386473,0.0260869565217,0.107246376812
420,23.1095890411,0.35151155898,0.133372851215,0.355660936574,0.0474214582098,0.0604623592175,0.181387077653,0.0699466508595,0.0326022525193,0.00711321873148,0.105512744517
421,34.1772151899,0.87962962963,0.298148148148,0.591851851852,0.134444444444,0.148148148148,0.159259259259,0.195185185185,0.0625925925926,0.00555555555556,0.0596296296296
422,17.0,0.257606490872,0.0943204868154,0.243407707911,0.0162271805274,0.0202839756592,0.0902636916836,0.202839756592,0.0243407707911,0.00507099391481,0.0709939148073
423,4.4,0.545454545455,0.181818181818,0.409090909091,0.0227272727273,0.0227272727273,0.113636363636,0.0,0.0,0.0,0.0681818181818
424,25.175,0.315789473684,0.12959285005,0.211519364449,0.0566037735849,0.0973187686197,0.264647467726,0.0307845084409,0.0208540218471,0.0441906653426,0.110724925521
425,19.8271604938,0.30697384807,0.135740971357,0.288916562889,0.0161892901619,0.0255292652553,0.155666251557,0.228518057285,0.0591531755915,0.00622665006227,0.0709838107098
426,22.7659574468,0.481308411215,0.206542056075,0.41214953271,0.0420560747664,0.0598130841121,0.13738317757,0.0411214953271,0.0345794392523,0.014953271028,0.0878504672897
427,26.5205479452,0.323863636364,0.135847107438,0.25826446281,0.0521694214876,0.0754132231405,0.260330578512,0.0547520661157,0.0242768595041,0.0397727272727,0.0929752066116
428,12.7179487179,0.26814516129,0.114919354839,0.209677419355,0.0383064516129,0.0907258064516,0.316532258065,0.0322580645161,0.0282258064516,0.0362903225806,0.157258064516
429,18.987012987,0.151162790698,0.0697674418605,0.156634746922,0.00889192886457,0.0129958960328,0.100547195622,0.0506155950752,0.0246238030096,0.00889192886457,0.0424076607387
430,20.88,0.415708812261,0.159003831418,0.35153256705,0.073754789272,0.111111111111,0.202107279693,0.0392720306513,0.022030651341,0.0373563218391,0.0823754789272
431,23.9315068493,0.412135088724,0.154550658271,0.358328563251,0.028048082427,0.0354894104179,0.105895821408,0.0320549513452,0.0309101316543,0.0143102461362,0.0686891814539
432,7.97435897436,0.231511254019,0.0932475884244,0.340836012862,0.0257234726688,0.032154340836,0.202572347267,0.118971061093,0.0192926045016,0.0032154340836,0.0739549839228
433,23.44,0.273037542662,0.106939704209,0.211035267349,0.0352673492605,0.0563139931741,0.189988623436,0.0608646188851,0.0483503981797,0.0210466439135,0.0620022753129
434,32.9863013699,0.457641196013,0.205564784053,0.399916943522,0.0436046511628,0.0676910299003,0.274086378738,0.0564784053156,0.046511627907,0.015365448505,0.0755813953488
435,3.0,1.0,0.5,0.666666666667,0.0,0.0,0.166666666667,0.0,0.0,0.0,0.333333333333
436,12.9014084507,0.335152838428,0.14192139738,0.31768558952,0.0513100436681,0.118995633188,0.39192139738,0.0502183406114,0.042576419214,0.0393013100437,0.121179039301
437,16.0833333333,0.347150259067,0.139896373057,0.267702936097,0.0673575129534,0.0829015544041,0.20725388601,0.0518134715026,0.0345423143351,0.020725388601,0.122625215889
438,6.83333333333,0.292682926829,0.134146341463,0.30487804878,0.0243902439024,0.0243902439024,0.182926829268,0.0243902439024,0.0121951219512,0.0243902439024,0.231707317073
439,25.1803278689,0.33984375,0.139973958333,0.287109375,0.0598958333333,0.0852864583333,0.291015625,0.106119791667,0.0305989583333,0.05078125,0.0813802083333
440,14.5294117647,0.352226720648,0.12955465587,0.309041835358,0.0715249662618,0.0998650472335,0.148448043185,0.218623481781,0.0445344129555,0.00269905533063,0.0985155195682
441,16.9411764706,0.377314814815,0.131944444444,0.306712962963,0.0578703703704,0.0648148148148,0.099537037037,0.0590277777778,0.0243055555556,0.00810185185185,0.0555555555556
442,17.4473684211,0.358220211161,0.153092006033,0.270739064857,0.0512820512821,0.0716440422323,0.254147812971,0.0248868778281,0.0165912518854,0.0429864253394,0.119909502262
443,33.0657894737,0.444090728213,0.16593712694,0.353760445682,0.0803820135296,0.0966971746916,0.202944687624,0.0672502984481,0.0258654994031,0.0159172304019,0.0608834062873
444,20.6885245902,0.420760697306,0.14500792393,0.352614896989,0.0665610142631,0.0784469096672,0.113312202853,0.12440570523,0.0554675118859,0.00396196513471,0.103803486529
445,25.3125,0.33024691358,0.132716049383,0.28950617284,0.0555555555556,0.0851851851852,0.182716049383,0.0432098765432,0.0679012345679,0.0111111111111,0.108024691358
446,27.5,0.432828282828,0.176767676768,0.358585858586,0.0656565656566,0.0863636363636,0.0888888888889,0.191414141414,0.0272727272727,0.00555555555556,0.0575757575758
447,20.328125,0.259800153728,0.0968485780169,0.260568793236,0.0230591852421,0.0253651037663,0.152959262106,0.0484242890085,0.0122982321291,0.0130668716372,0.0768639508071
448,18.0,0.465277777778,0.152777777778,0.451388888889,0.138888888889,0.256944444444,0.145833333333,0.138888888889,0.0208333333333,0.0,0.0763888888889
449,35.2962962963,0.358516963973,0.124868835257,0.300454704442,0.0440713536201,0.0563133962924,0.128016789087,0.0657572577824,0.0559636236446,0.00909408884225,0.0619097586569
450,20.6582278481,0.283700980392,0.116421568627,0.237745098039,0.0435049019608,0.0649509803922,0.276960784314,0.0508578431373,0.0361519607843,0.0251225490196,0.103553921569
451,21.34375,0.497071742313,0.191800878477,0.464128843338,0.0490483162518,0.0600292825769,0.0819912152269,0.108345534407,0.0256222547584,0.00439238653001,0.0629575402635
452,17.275,0.353111432706,0.138205499276,0.315484804631,0.0412445730825,0.0593342981187,0.216353111433,0.0426917510854,0.0188133140376,0.013024602026,0.082489146165
453,27.6707317073,0.283384750992,0.108858527986,0.185103569855,0.0656676950198,0.106654914059,0.325253415602,0.0273248126928,0.016747465844,0.0224768620538,0.0890260026443
454,11.0697674419,0.508403361345,0.186974789916,0.392857142857,0.0105042016807,0.0189075630252,0.11974789916,0.0441176470588,0.0231092436975,0.0063025210084,0.0840336134454
455,21.3787878788,0.264351523742,0.0985116938342,0.250885896527,0.0418143160879,0.0609496810773,0.0850460666194,0.167965981573,0.0375620127569,0.0049610205528,0.0616583982991
456,14.2173913043,0.31498470948,0.128440366972,0.285932721713,0.0382262996942,0.0519877675841,0.114678899083,0.145259938838,0.0382262996942,0.00152905198777,0.0978593272171
457,7.79545454545,0.303206997085,0.0932944606414,0.206997084548,0.110787172012,0.189504373178,0.259475218659,0.0233236151603,0.0349854227405,0.0204081632653,0.160349854227
458,23.9722222222,0.363847045191,0.136732329085,0.28157589803,0.0590961761298,0.0741599073001,0.126303592121,0.0915411355736,0.0278099652375,0.0162224797219,0.0764774044032
459,11.8333333333,0.512676056338,0.194366197183,0.408450704225,0.123943661972,0.152112676056,0.250704225352,0.0408450704225,0.0140845070423,0.030985915493,0.13661971831
460,30.6,0.495424836601,0.177777777778,0.41045751634,0.0967320261438,0.121568627451,0.16862745098,0.214379084967,0.0418300653595,0.0104575163399,0.0862745098039
461,24.5151515152,0.291718170581,0.113102595797,0.194066749073,0.0655129789864,0.105686032138,0.355995055624,0.0395550061805,0.0222496909765,0.0271940667491,0.0896168108776
462,15.4864864865,0.272251308901,0.0977312390925,0.272251308901,0.0488656195462,0.0680628272251,0.0820244328098,0.188481675393,0.0541012216405,0.00523560209424,0.0575916230366
463,7.02702702703,0.223076923077,0.0884615384615,0.234615384615,0.0423076923077,0.0538461538462,0.288461538462,0.0538461538462,0.0192307692308,0.00769230769231,0.0961538461538
464,33.0555555556,0.484453781513,0.178571428571,0.40756302521,0.0861344537815,0.103781512605,0.144957983193,0.118487394958,0.0487394957983,0.0226890756303,0.0731092436975
465,16.75,0.393034825871,0.132338308458,0.341293532338,0.0696517412935,0.0835820895522,0.145273631841,0.0557213930348,0.0378109452736,0.01592039801,0.100497512438
466,21.25,0.362848297214,0.134984520124,0.347368421053,0.0334365325077,0.0390092879257,0.10773993808,0.0513931888545,0.0297213622291,0.0030959752322,0.050773993808
467,20.825,0.329531812725,0.124849939976,0.30912364946,0.0180072028812,0.0276110444178,0.148859543818,0.0294117647059,0.0534213685474,0.0336134453782,0.103841536615
468,33.8974358974,0.369515885023,0.125189107413,0.322995461422,0.0476550680787,0.0552193645991,0.090015128593,0.0571104387292,0.0295007564297,0.00642965204236,0.0677004538578
469,28.6951219512,0.500637484063,0.180620484488,0.417764555886,0.0917977050574,0.113897152571,0.202294942626,0.0862728431789,0.0301742456439,0.0165745856354,0.062473438164
470,21.3939393939,0.32790368272,0.135269121813,0.240084985836,0.0573654390935,0.0885269121813,0.249291784703,0.0262039660057,0.0332861189802,0.0467422096317,0.103399433428
471,10.9230769231,0.427230046948,0.178403755869,0.31220657277,0.0704225352113,0.129107981221,0.286384976526,0.0234741784038,0.0140845070423,0.0704225352113,0.110328638498
472,17.4285714286,0.327868852459,0.131147540984,0.315573770492,0.0286885245902,0.0573770491803,0.127049180328,0.0901639344262,0.0532786885246,0.0122950819672,0.102459016393
473,27.9756097561,0.501307759372,0.188753269398,0.418047079337,0.0701830863121,0.088491717524,0.0993897122929,0.10941586748,0.0300784655623,0.00741063644289,0.0841325196164
474,29.6470588235,0.515873015873,0.21378968254,0.449900793651,0.0853174603175,0.107142857143,0.262400793651,0.0704365079365,0.0213293650794,0.00644841269841,0.0724206349206
475,26.3684210526,0.324351297405,0.109281437126,0.234530938124,0.105788423154,0.137724550898,0.358283433134,0.063872255489,0.0319361277445,0.0109780439122,0.0903193612774
