,PLAYER,TEAM,AGE,GP,W,L,MIN,PTS,FGM,FGA,FG%,0.625,3PA,3P%,FTM,FTA,FT%,OREB,DREB,REB,AST,TOV,STL,BLK,PF,DD2,TD3,+/-
1,Kevin Durant,OKC,22,78,52,26,3038,2161,711,1538,46.2,145,414,35,594,675,88,57,476,533,214,218,88,76,159,14,0,271
2,LeBron James,MIA,26,79,57,22,3063,2111,758,1485,51,92,279,33,503,663,75.9,80,510,590,554,284,124,50,163,31,4,619
3,Kobe Bryant,LAL,32,82,57,25,2778,2078,740,1639,45.1,115,356,32.3,483,583,82.8,83,336,419,388,243,99,12,172,9,1,422
4,Derrick Rose,CHI,22,81,62,19,3026,2026,711,1597,44.5,128,385,33.2,476,555,85.8,81,249,330,623,278,85,51,136,23,1,498
5,Amar'e Stoudemire,NYK,28,78,39,39,2870,1971,744,1482,50.2,10,23,43.5,473,597,79.2,198,438,636,202,250,71,150,274,26,0,62
6,Carmelo Anthony,NYK,27,77,43,34,2751,1970,684,1503,45.5,95,251,37.8,507,605,83.8,118,445,563,221,206,68,46,224,18,0,186
7,Dwyane Wade,MIA,29,76,54,22,2823,1941,692,1384,50,63,206,30.6,494,652,75.8,123,362,485,346,237,111,87,197,10,1,572
8,Monta Ellis,GSW,25,80,35,45,3226,1929,726,1611,45.1,137,379,36.1,340,431,78.9,44,237,281,450,252,168,23,203,10,0,-231
9,Kevin Martin,HOU,28,80,42,38,2602,1876,553,1267,43.6,176,459,38.3,594,669,88.8,28,230,258,198,184,80,15,155,0,0,163
10,Blake Griffin,LAC,22,82,32,50,3112,1845,696,1376,50.6,7,24,29.2,446,695,64.2,270,719,989,312,223,63,45,252,63,2,-146
11,Russell Westbrook,OKC,22,82,55,27,2848,1793,614,1390,44.2,34,103,33,531,631,84.2,121,258,379,670,316,155,30,207,31,3,117
12,Dwight Howard,ORL,25,78,51,27,2935,1784,619,1044,59.3,0,7,0,546,916,59.6,309,789,1098,107,279,107,186,258,66,0,498
13,LaMarcus Aldridge,POR,25,81,48,33,3212,1769,707,1415,50,4,23,17.4,351,444,79.1,278,431,709,170,153,82,94,220,36,0,288
14,Dirk Nowitzki,DAL,33,73,55,18,2504,1681,610,1179,51.7,66,168,39.3,395,443,89.2,50,463,513,190,137,38,47,172,16,0,541
15,Brook Lopez,NJN,23,82,24,58,2889,1673,644,1309,49.2,0,1,0,385,489,78.7,197,291,488,129,176,47,120,240,9,0,-314
16,Danny Granger,IND,28,79,36,43,2763,1622,535,1260,42.5,157,407,38.6,395,466,84.8,87,338,425,203,206,89,62,213,5,0,-18
17,Pau Gasol,LAL,30,82,57,25,3037,1541,593,1120,52.9,1,3,33.3,354,430,82.3,268,568,836,273,142,48,130,203,43,1,531
18,Al Jefferson,UTA,26,82,39,43,2940,1528,654,1319,49.6,0,0,0,220,289,76.1,235,559,794,149,105,46,153,238,37,0,-170
19,Paul Pierce,BOS,33,80,55,25,2774,1511,507,1021,49.7,111,297,37.4,386,449,86,34,396,430,260,171,80,51,231,7,1,594
20,Zach Randolph,MEM,29,75,43,32,2724,1504,598,1188,50.3,8,43,18.6,300,396,75.8,326,588,914,163,151,63,25,175,53,0,263
21,Kevin Love,MIN,22,73,17,56,2611,1476,482,1026,47,88,211,41.7,424,499,85,330,782,1112,184,155,45,28,148,64,0,-272
22,Chris Bosh,MIA,27,77,55,22,2795,1438,524,1056,49.6,6,25,24,384,471,81.5,141,500,641,144,138,59,49,172,28,0,603
23,Luol Deng,CHI,26,82,62,20,3208,1430,531,1155,46,115,333,34.5,253,336,75.3,116,360,476,230,156,78,48,162,8,0,520
24,Andrea Bargnani,TOR,25,66,19,47,2353,1414,525,1173,44.8,77,223,34.5,287,350,82,74,269,343,119,152,34,46,160,2,0,-314
25,DeMar DeRozan,TOR,21,82,22,60,2851,1410,539,1154,46.7,5,52,9.6,327,402,81.3,75,240,315,148,144,85,31,217,1,0,-409
26,Michael Beasley,MIN,22,73,14,59,2361,1401,561,1246,45,60,164,36.6,219,291,75.3,118,291,409,158,195,54,52,222,8,0,-278
27,Manu Ginobili,SAS,33,80,61,19,2425,1393,441,1018,43.3,154,441,34.9,357,410,87.1,42,253,295,393,174,123,28,163,0,0,541
28,Stephen Curry,GSW,23,74,33,41,2489,1373,505,1053,48,151,342,44.2,212,227,93.4,52,234,286,432,226,109,20,233,5,0,-17
29,Tony Parker,SAS,29,78,60,18,2528,1368,555,1069,51.9,25,70,35.7,233,303,76.9,30,208,238,513,200,90,3,135,9,0,309
30,Luis Scola,HOU,31,74,38,36,2412,1352,569,1129,50.4,0,3,0,214,290,73.8,147,459,606,185,147,48,44,227,19,0,227
31,Dorell Wright,GSW,25,82,36,46,3147,1344,485,1146,42.3,194,516,37.6,180,228,78.9,88,343,431,242,133,124,63,171,7,0,-133
32,David West,NOH,30,70,40,30,2450,1322,528,1040,50.8,2,9,22.2,264,327,80.7,155,374,529,164,142,67,62,202,16,0,147
33,Ray Allen,BOS,35,80,55,25,2890,1321,480,978,49.1,168,378,44.4,193,219,88.1,51,223,274,219,117,77,16,147,0,0,456
34,Paul Millsap,UTA,26,76,36,40,2605,1315,525,988,53.1,9,23,39.1,256,338,75.7,164,415,579,187,145,103,69,272,19,0,12
35,Joe Johnson,ATL,30,72,38,34,2554,1312,514,1161,44.3,89,300,29.7,195,243,80.2,59,232,291,338,146,47,7,131,2,0,85
36,Deron Williams,NJN,27,65,33,32,2465,1309,428,975,43.9,105,317,33.1,348,412,84.5,40,220,260,667,230,79,15,190,34,0,-118
37,Wesley Matthews,POR,24,82,48,34,2758,1300,440,979,44.9,154,378,40.7,266,315,84.4,48,210,258,164,138,102,9,195,1,0,154
38,Jason Terry,DAL,33,82,57,25,2564,1293,492,1091,45.1,127,351,36.2,182,214,85,24,129,153,334,167,93,13,140,1,0,330
39,Josh Smith,ATL,25,77,43,34,2645,1274,497,1041,47.7,51,154,33.1,229,316,72.5,134,523,657,255,197,99,120,217,31,1,74
40,Chris Paul,NOH,26,80,45,35,2880,1268,430,928,46.3,71,183,38.8,337,384,87.8,38,289,327,782,177,188,5,196,32,0,256
41,Jason Richardson,ORL,30,80,47,33,2715,1249,472,1056,44.7,189,479,39.5,116,159,73,67,264,331,147,95,93,13,162,1,0,262
42,Eric Gordon,LAC,22,56,25,31,2112,1247,427,949,45,106,291,36.4,287,348,82.5,45,119,164,244,151,71,18,115,1,0,1
43,Stephen Jackson,CHA,33,67,30,37,2404,1240,435,1059,41.1,121,359,33.7,249,305,81.6,53,251,304,241,209,80,28,161,3,1,-251
44,Elton Brand,PHI,32,81,41,40,2809,1217,502,981,51.2,0,1,0,213,273,78,237,439,676,120,101,92,106,244,24,0,133
45,Chauncey Billups,NYK,34,72,38,34,2310,1208,339,794,42.7,146,363,40.2,384,419,91.6,25,165,190,387,177,71,14,146,2,0,119
46,David Lee,GSW,28,73,35,38,2634,1203,496,978,50.7,1,3,33.3,210,267,78.7,217,497,714,233,170,74,31,211,37,0,-120
47,Lamar Odom,LAL,31,82,57,25,2639,1180,473,893,53,68,178,38.2,166,246,67.5,175,535,710,249,139,47,61,200,28,0,380
48,Al Horford,ATL,25,77,41,36,2704,1178,513,921,55.7,2,4,50,150,188,79.8,182,536,718,266,119,59,80,193,36,0,46
48,D.J. Augustin,CHA,23,82,34,48,2757,1178,399,958,41.6,111,333,33.3,269,297,90.6,38,187,225,498,155,54,3,152,7,0,-256
50,Raymond Felton,DEN,27,75,44,31,2737,1164,427,1005,42.5,116,329,35.3,194,241,80.5,48,221,269,625,221,125,11,150,27,1,133
51,Jrue Holiday,PHI,21,82,41,41,2901,1145,446,999,44.6,81,222,36.5,172,209,82.3,68,264,332,531,218,120,29,203,15,1,175
52,DeMarcus Cousins,SAC,20,81,23,58,2309,1143,432,1004,43,3,18,16.7,276,402,68.7,217,482,699,204,268,85,68,332,26,0,-261
53,John Wall,WAS,20,69,19,50,2606,1131,398,972,40.9,34,115,29.6,301,393,76.6,35,282,317,574,261,121,35,175,26,1,-440
54,Nick Young,WAS,26,64,14,50,2034,1115,412,935,44.1,105,271,38.7,186,228,81.6,26,148,174,75,90,45,17,144,0,0,-279
55,Gerald Wallace,POR,28,71,36,35,2693,1113,386,851,45.4,62,186,33.3,279,374,74.6,111,458,569,173,152,105,63,183,18,0,117
56,Mike Conley,MEM,23,81,46,35,2872,1107,423,953,44.4,80,217,36.9,181,247,73.3,32,215,247,528,176,144,18,182,7,0,296
57,Steve Nash,PHX,37,75,39,36,2497,1106,399,811,49.2,81,205,39.5,227,249,91.2,40,220,260,855,265,48,4,87,41,0,287
58,JJ Hickson,CLE,22,80,19,61,2256,1105,429,936,45.8,0,5,0,247,367,67.3,217,478,695,91,173,48,54,215,28,0,-531
59,Wilson Chandler,DEN,24,72,41,31,2400,1100,429,953,45,112,320,35,130,161,80.7,75,333,408,120,104,48,94,199,6,0,174
60,Tayshaun Prince,DET,31,78,29,49,2562,1098,473,1001,47.3,34,98,34.7,118,168,70.2,78,251,329,215,82,30,41,90,4,0,-135
61,Nene,DEN,28,75,46,29,2291,1091,402,654,61.5,1,5,20,286,402,71.1,145,426,571,149,134,84,73,238,14,0,322
62,Beno Udrih,SAC,28,79,24,55,2734,1086,412,824,50,65,182,35.7,197,228,86.4,41,224,265,386,141,94,9,181,4,0,-272
63,Rodney Stuckey,DET,25,70,25,45,2183,1082,363,827,43.9,26,90,28.9,330,381,86.6,70,146,216,361,155,76,10,177,7,0,-81
64,Devin Harris,UTA,28,71,24,47,2254,1079,343,813,42.2,58,180,32.2,335,402,83.3,17,152,169,503,207,70,7,163,9,0,-209
65,Jamal Crawford,ATL,31,76,40,36,2297,1077,368,874,42.1,119,349,34.1,222,260,85.4,22,108,130,241,145,57,14,97,0,0,5
66,Andray Blatche,WAS,24,64,21,43,2172,1076,426,957,44.5,4,18,22.2,220,283,77.7,183,343,526,144,172,98,51,182,17,0,-246
67,Ramon Sessions,CLE,25,81,19,62,2133,1075,362,776,46.6,3,15,20,348,423,82.3,46,209,255,419,178,60,8,93,7,0,-497
68,Rudy Gay,MEM,24,54,30,24,2152,1069,409,869,47.1,57,144,39.6,194,241,80.5,82,254,336,153,135,91,58,131,4,0,140
69,Grant Hill,PHX,38,80,39,41,2409,1056,399,825,48.4,45,114,39.5,213,257,82.9,77,261,338,200,134,64,35,184,4,0,45
69,Kevin Garnett,BOS,35,71,49,22,2220,1056,434,822,52.8,1,5,20,187,217,86.2,83,548,631,171,115,95,57,148,28,0,553
71,Thaddeus Young,PHI,23,82,41,41,2135,1045,458,847,54.1,6,22,27.3,123,174,70.7,153,281,434,82,99,90,26,170,2,0,163
72,Darren Collison,IND,23,79,36,43,2360,1039,398,870,45.7,41,124,33.1,202,232,87.1,40,185,225,403,194,87,14,109,4,0,-137
73,Carlos Boozer,CHI,29,59,47,12,1882,1033,431,845,51,0,0,0,171,244,70.1,130,435,565,145,149,45,18,186,30,0,275
74,Andre Miller,POR,35,81,47,34,2650,1029,388,844,46,4,37,10.8,249,292,85.3,97,205,302,566,197,114,12,171,11,0,254
75,Lou Williams,PHI,24,75,39,36,1747,1027,323,795,40.6,88,253,34.8,293,356,82.3,32,117,149,252,102,47,17,128,0,0,94
76,Roy Hibbert,IND,24,81,37,44,2244,1025,410,890,46.1,0,4,0,205,275,74.5,182,428,610,166,185,33,142,256,21,0,-30
77,John Salmons,MIL,31,73,30,43,2554,1024,373,898,41.5,83,219,37.9,195,240,81.3,27,239,266,252,137,72,28,157,1,0,-55
78,Tim Duncan,SAS,35,76,60,16,2156,1022,419,838,50,0,4,0,184,257,71.6,169,509,678,203,122,50,146,119,27,1,458
78,Vince Carter,PHX,34,73,38,35,2052,1022,389,891,43.7,116,321,36.1,128,173,74,54,221,275,146,90,67,20,193,2,0,128
80,Brandon Jennings,MIL,21,63,27,36,2169,1019,361,926,39,98,303,32.3,199,246,80.9,42,192,234,305,146,95,21,131,6,1,-69
81,Tyreke Evans,SAC,21,57,18,39,2107,1012,382,933,40.9,43,148,29.1,205,266,77.1,46,229,275,319,184,85,30,143,6,0,-199
82,Kyle Lowry,HOU,25,75,40,35,2563,1011,345,809,42.6,129,343,37.6,192,251,76.5,89,220,309,500,158,102,23,207,10,1,306
83,Antawn Jamison,CLE,35,56,9,47,1842,1010,374,876,42.7,91,263,34.6,171,234,73.1,86,289,375,93,77,50,30,137,10,0,-367
84,CJ Miles,UTA,24,78,36,42,1969,1000,366,899,40.7,109,339,32.2,159,196,81.1,54,201,255,135,93,74,38,221,0,0,56
85,Shawn Marion,DAL,33,80,56,24,2253,999,434,834,52,5,33,15.2,126,164,76.8,168,383,551,110,130,68,50,144,12,0,-5
86,James Harden,OKC,21,82,55,27,2189,998,298,684,43.6,113,324,34.9,289,343,84.3,42,213,255,176,106,92,24,207,0,0,210
86,Jeff Green,BOS,24,75,45,30,2428,998,368,820,44.9,64,211,30.3,198,244,81.1,73,287,360,108,99,53,37,210,4,0,-1
88,Jameer Nelson,ORL,29,76,49,27,2319,997,374,838,44.6,119,297,40.1,130,162,80.2,37,189,226,456,194,75,3,209,4,0,309
89,Nicolas Batum,POR,22,80,47,33,2522,990,367,807,45.5,118,342,34.5,138,164,84.1,109,252,361,123,83,68,49,194,6,0,51
90,Channing Frye,PHX,28,77,39,38,2541,976,358,829,43.2,171,439,39,89,107,83.2,65,448,513,96,73,46,79,272,8,0,103
91,Danilo Gallinari,DEN,22,62,34,28,2104,970,265,640,41.4,103,293,35.2,337,391,86.2,59,246,305,104,83,51,27,144,2,0,68
92,JR Smith,DEN,25,79,49,30,1967,969,341,784,43.5,124,318,39,163,221,73.8,45,277,322,175,100,92,16,173,2,0,248
93,Marc Gasol,MEM,26,81,46,35,2586,951,364,691,52.7,3,7,42.9,220,294,74.8,154,415,569,200,146,74,136,265,14,0,139
94,Andre Iguodala,PHI,27,67,36,31,2468,945,338,759,44.5,61,181,33.7,208,300,69.3,61,326,387,422,138,101,38,109,11,3,162
95,Marcus Thornton,SAC,24,73,37,36,1776,933,350,807,43.4,88,240,36.7,145,184,78.8,61,197,258,135,93,64,9,110,2,0,-121
95,Ty Lawson,DEN,23,80,49,31,2103,933,346,688,50.3,69,171,40.4,172,225,76.4,67,142,209,377,137,80,4,133,4,0,230
97,Boris Diaw,CHA,29,82,34,48,2778,924,381,774,49.2,78,226,34.5,84,123,68.3,105,309,414,337,166,74,46,190,5,1,-237
98,Ben Gordon,DET,28,82,30,52,2131,921,339,770,44,107,266,40.2,136,160,85,41,154,195,171,141,48,16,178,0,0,-122
99,Glen Davis,BOS,25,78,54,24,2298,915,359,801,44.8,2,15,13.3,195,265,73.6,101,324,425,92,85,78,30,231,5,0,142
100,Carl Landry,NOH,27,76,25,51,2008,903,345,687,50.2,0,4,0,213,288,74,165,182,347,63,109,40,32,196,8,0,-169
101,Richard Jefferson,SAS,31,81,60,21,2459,891,304,642,47.4,135,307,44,148,195,75.9,54,256,310,107,93,38,34,164,1,0,291
102,George Hill,SAS,25,76,56,20,2148,884,287,633,45.3,77,204,37.7,233,270,86.3,24,175,199,193,99,66,21,153,0,0,277
103,Hedo Turkoglu,ORL,32,81,48,33,2540,877,322,722,44.6,127,310,41,106,156,67.9,45,311,356,343,132,72,34,247,6,1,301
104,Arron Afflalo,DEN,25,69,40,29,2324,867,312,627,49.8,105,248,42.3,138,163,84.7,45,206,251,168,71,34,31,153,3,0,161
104,Jared Dudley,PHX,25,82,40,42,2140,867,300,629,47.7,105,253,41.5,162,218,74.3,111,207,318,108,77,87,20,139,2,0,-28
106,Toney Douglas,NYK,25,81,41,40,1971,856,314,755,41.6,143,383,37.3,85,107,79.4,65,179,244,244,89,89,4,177,3,0,112
107,Brandon Bass,ORL,26,76,49,27,1980,854,332,645,51.5,0,2,0,190,233,81.5,134,290,424,57,97,27,52,159,3,0,156
108,Charlie Villanueva,DET,26,76,27,49,1666,840,313,708,44.2,125,323,38.7,89,116,76.7,50,245,295,48,66,42,42,175,4,0,-137
108,Luke Ridnour,MIN,30,71,13,58,2159,840,319,681,46.8,81,184,44,121,137,88.3,37,162,199,384,158,89,10,146,3,0,-245
110,Marco Belinelli,NOH,25,80,44,36,1957,836,302,691,43.7,134,324,41.4,98,125,78.4,17,134,151,92,77,38,6,146,0,0,85
111,Andrew Bogut,MIL,26,65,28,37,2297,830,367,742,49.5,0,4,0,96,217,44.2,199,521,720,131,125,47,168,217,24,0,12
112,Trevor Ariza,NOH,25,75,43,32,2600,826,303,762,39.8,82,271,30.3,138,197,70.1,61,347,408,162,118,120,31,180,3,0,8
113,Marcin Gortat,PHX,27,80,43,37,2033,817,338,603,56.1,1,4,25,140,193,72.5,148,483,631,70,81,36,91,188,24,0,21
114,Mo Williams,LAC,28,58,19,39,1788,812,291,730,39.9,79,244,32.4,151,177,85.3,21,132,153,380,171,53,10,150,12,0,-329
115,Serge Ibaka,OKC,21,82,55,27,2215,808,335,617,54.3,0,1,0,138,184,75,214,408,622,22,71,31,198,267,12,0,138
116,Corey Maggette,MIL,31,67,25,42,1400,805,253,559,45.3,28,78,35.9,271,325,83.4,44,197,241,84,127,21,5,175,1,0,-92
117,O.J. Mayo,MEM,23,71,37,34,1869,803,304,747,40.7,96,264,36.4,99,131,75.6,35,135,170,145,99,73,26,127,0,0,121
118,JaVale McGee,WAS,23,79,23,56,2193,798,332,604,55,0,3,0,134,230,58.3,223,411,634,38,102,41,193,232,21,1,-228
119,Landry Fields,NYK,23,82,42,40,2541,797,299,602,49.7,86,219,39.3,113,147,76.9,105,416,521,155,107,80,17,114,11,0,67
120,Gary Neal,SAS,26,80,59,21,1685,783,285,632,45.1,129,308,41.9,84,104,80.8,21,175,196,96,78,27,4,148,0,0,88
121,Daniel Gibson,CLE,25,67,18,49,1865,780,264,660,40,118,293,40.3,134,163,82.2,24,153,177,201,80,48,21,154,0,0,-191
122,Richard Hamilton,DET,33,55,19,36,1498,777,288,671,42.9,55,144,38.2,146,172,84.9,24,102,126,171,88,39,4,95,0,0,-135
123,Jodie Meeks,PHI,23,74,40,34,2062,774,242,570,42.5,138,348,39.7,152,170,89.4,21,150,171,78,60,63,4,97,0,0,89
124,J.J. Barea,DAL,27,81,56,25,1669,769,285,649,43.9,66,189,34.9,133,157,84.7,29,130,159,317,136,30,1,136,3,0,157
124,Leandro Barbosa,TOR,28,58,17,41,1395,769,294,653,45,72,213,33.8,109,137,79.6,14,85,99,119,84,50,6,112,0,0,-147
126,Tyler Hansbrough,IND,25,70,34,36,1536,767,285,613,46.5,0,2,0,197,253,77.9,145,221,366,41,76,37,15,160,7,0,-122
127,Al Harrington,DEN,31,73,45,28,1664,765,281,675,41.6,117,328,35.7,86,117,73.5,76,256,332,101,106,39,10,202,1,0,132
127,Chase Budinger,HOU,23,78,41,37,1737,765,279,656,42.5,89,274,32.5,118,138,85.5,52,229,281,127,67,41,18,114,0,0,138
129,Anthony Morrow,NJN,25,58,17,41,1856,764,279,620,45,110,260,42.3,96,107,89.7,37,135,172,68,54,19,7,135,0,0,-119
130,Baron Davis,CLE,32,58,24,34,1649,760,289,693,41.7,81,239,33.9,101,131,77.1,35,121,156,391,146,78,28,143,7,0,-9
131,Travis Outlaw,NJN,26,82,24,58,2358,756,274,731,37.5,76,252,30.2,132,171,77.2,54,271,325,84,71,34,36,148,0,0,-345
132,Gilbert Arenas,ORL,29,70,35,35,1796,755,269,734,36.6,97,327,29.7,120,153,78.4,22,167,189,274,177,74,21,188,3,0,-17
133,Greg Monroe,DET,21,80,30,50,2222,751,303,550,55.1,0,1,0,145,233,62.2,248,353,601,105,81,93,45,196,21,0,-136
134,Andrei Kirilenko,UTA,30,64,33,31,1999,750,253,542,46.7,36,98,36.7,208,270,77,100,227,327,192,117,81,74,113,4,0,-34
135,Tyson Chandler,DAL,28,74,54,20,2059,748,266,407,65.4,0,0,0,216,295,73.2,206,486,692,32,88,36,80,240,18,0,297
136,Emeka Okafor,NOH,28,72,43,29,2287,745,300,524,57.3,0,1,0,145,258,56.2,230,454,684,42,119,40,127,230,23,0,143
137,Kris Humphries,NJN,26,74,23,51,2061,741,307,583,52.7,0,1,0,127,191,66.5,225,546,771,84,103,33,80,168,29,0,-245
138,Reggie Williams,GSW,24,80,36,44,1626,738,268,572,46.9,102,241,42.3,100,134,74.6,45,171,216,121,57,28,3,124,0,0,-65
139,Kirk Hinrich,ATL,30,72,24,48,2157,737,278,623,44.6,75,188,39.9,106,126,84.1,21,161,182,288,121,75,17,185,3,0,-384
140,Jarrett Jack,NOH,27,83,39,44,1722,735,260,637,40.8,33,108,30.6,182,214,85,20,153,173,242,110,54,6,102,0,0,-178
141,Darrell Arthur,MEM,23,80,45,35,1608,729,310,624,49.7,0,6,0,109,134,81.3,115,227,342,53,88,52,63,228,2,0,40
142,Rajon Rondo,BOS,25,68,47,21,2527,721,318,670,47.5,10,43,23.3,75,132,56.8,87,210,297,760,234,153,11,120,31,3,436
143,Shannon Brown,LAL,25,82,57,25,1569,712,273,643,42.5,74,212,34.9,92,101,91.1,35,122,157,96,75,67,16,124,0,0,111
144,Wesley Johnson,MIN,23,79,17,62,2069,709,271,682,39.7,103,289,35.6,64,92,69.6,51,189,240,148,95,58,54,163,0,0,-220
145,Jordan Farmar,NJN,24,73,23,50,1796,701,255,651,39.2,109,304,35.9,82,100,82,24,149,173,368,139,62,6,128,8,0,-174
146,Metta World Peace,LAL,31,82,57,25,2409,697,261,658,39.7,83,233,35.6,92,136,67.6,100,167,267,175,90,124,36,181,0,0,425
147,Amir Johnson,TOR,24,72,20,52,1853,688,281,495,56.8,0,1,0,126,160,78.8,189,272,461,81,69,53,88,263,11,0,-125
147,Mike Bibby,MIA,33,80,49,31,2284,688,248,576,43.1,153,348,44,39,62,62.9,17,178,195,265,101,50,9,175,0,0,181
149,Mike Dunleavy,IND,30,61,28,33,1683,682,240,520,46.2,102,254,40.2,100,125,80,28,248,276,105,69,40,30,107,1,0,85
150,Kyle Korver,CHI,30,82,62,20,1649,681,242,557,43.4,120,289,41.5,77,87,88.5,12,138,150,124,60,35,20,156,0,0,307
150,Ryan Anderson,ORL,23,64,43,21,1425,681,226,525,43,134,341,39.3,95,117,81.2,129,226,355,52,49,30,38,137,6,0,278
152,Marvin Williams,ATL,25,65,34,31,1865,676,246,537,45.8,37,110,33.6,147,174,84.5,68,245,313,88,62,34,23,104,3,0,-42
153,DeJuan Blair,SAS,22,81,60,21,1733,674,292,583,50.1,0,2,0,90,137,65.7,215,350,565,77,113,95,42,213,17,0,133
154,Courtney Lee,HOU,25,81,43,38,1723,672,253,576,43.9,71,174,40.8,95,120,79.2,51,158,209,100,68,58,18,102,0,0,12
154,Willie Green,NOH,29,77,44,33,1674,672,270,609,44.3,54,155,34.8,78,100,78,22,139,161,74,67,36,13,143,0,0,-63
156,Hakim Warrick,PHX,28,80,39,41,1416,669,228,446,51.1,1,11,9.1,212,294,72.1,88,208,296,69,79,32,9,100,3,0,-181
156,Jose Calderon,TOR,29,68,18,50,2102,669,262,596,44,57,156,36.5,88,103,85.4,30,172,202,605,148,81,7,143,12,0,-168
158,Rashard Lewis,WAS,31,57,24,33,1825,668,252,582,43.3,87,244,35.7,77,96,80.2,71,219,290,92,87,52,30,159,6,0,-68
158,Rudy Fernandez,POR,26,78,46,32,1821,668,213,575,37,116,361,32.1,126,146,86.3,37,135,172,193,88,87,14,134,0,0,94
160,Jason Thompson,SAC,24,75,24,51,1749,663,271,534,50.7,0,3,0,121,200,60.5,144,310,454,88,99,28,44,212,9,0,-138
161,Sasha Vujacic,NJN,27,67,26,41,1647,656,239,595,40.2,97,262,37,81,96,84.4,30,156,186,132,66,54,5,136,1,0,-277
162,Gerald Henderson,CHA,23,68,29,39,1661,653,259,570,45.4,7,36,19.4,128,163,78.5,49,158,207,101,64,50,32,118,0,0,-102
163,Jerryd Bayless,TOR,22,71,25,46,1495,651,218,517,42.2,49,146,33.6,166,206,80.6,26,139,165,266,127,38,5,149,2,0,-288
164,Samuel Dalembert,SAC,31,80,22,58,1937,644,268,567,47.3,0,2,0,108,148,73,212,445,657,67,132,36,116,225,16,0,-257
165,Tony Allen,MEM,29,72,40,32,1494,643,251,492,51,4,23,17.4,137,182,75.3,70,123,193,104,86,129,44,161,1,0,49
166,Aaron Brooks,PHX,26,59,26,33,1284,634,220,587,37.5,70,236,29.7,124,140,88.6,20,58,78,233,99,34,3,115,2,0,-159
167,Jason Kidd,DAL,38,80,56,24,2653,630,215,596,36.1,133,391,34,67,77,87,35,316,351,655,179,134,29,119,9,2,169
168,Shane Battier,MEM,32,82,42,40,2375,624,229,509,45,102,267,38.2,64,93,68.8,90,283,373,185,79,69,81,158,3,0,189
169,Randy Foye,LAC,27,63,28,35,1551,616,206,531,38.8,71,217,32.7,133,149,89.3,13,90,103,170,95,47,21,122,0,0,-193
170,Andrew Bynum,LAL,23,54,36,18,1500,612,237,413,57.4,0,0,0,138,209,66,170,338,508,73,74,19,106,140,17,0,203
171,Omri Casspi,SAC,23,71,17,54,1702,610,225,546,41.2,92,247,37.2,68,101,67.3,74,233,307,74,68,54,13,115,4,0,-137
172,Brandon Rush,IND,25,67,27,40,1754,607,217,515,42.1,93,223,41.7,80,106,75.5,33,184,217,62,69,41,35,107,0,0,-209
173,Darko Milicic,MIN,26,69,15,54,1687,606,271,578,46.9,0,0,0,64,115,55.7,133,227,360,104,151,54,140,229,5,0,-241
174,Anthony Parker,CLE,36,72,18,54,2091,600,220,552,39.9,86,227,37.9,74,95,77.9,33,185,218,218,80,67,10,109,0,0,-300
175,JJ Redick,ORL,27,59,37,22,1513,593,197,447,44.1,87,219,39.7,112,128,87.5,6,107,113,102,53,29,3,80,0,0,103
176,Spencer Hawes,PHI,23,81,41,40,1718,584,264,568,46.5,9,37,24.3,47,88,53.4,129,336,465,121,97,29,71,201,7,0,-55
177,Chuck Hayes,HOU,28,74,41,33,2079,582,244,463,52.7,0,2,0,94,142,66.2,219,380,599,202,86,79,49,200,11,1,208
178,Nenad Krstic,BOS,27,71,44,27,1571,575,231,452,51.1,0,0,0,113,146,77.4,124,211,335,27,56,26,25,184,3,0,41
179,Tracy McGrady,DET,32,72,25,47,1685,574,227,514,44.2,30,88,34.1,90,129,69.8,49,202,251,252,102,66,34,101,3,0,-89
180,Brandon Roy,POR,26,47,25,22,1310,573,209,523,40,38,114,33.3,117,138,84.8,28,93,121,129,55,37,12,76,1,0,82
181,Sam Young,MEM,26,78,44,34,1577,572,233,494,47.2,17,50,34,89,116,76.7,40,147,187,71,61,68,23,120,0,0,73
182,Ersan Ilyasova,MIL,24,60,25,35,1506,571,221,507,43.6,36,121,29.8,93,104,89.4,105,260,365,56,63,51,24,159,8,0,58
182,Keyon Dooling,MIL,31,80,35,45,1757,571,206,519,39.7,81,234,34.6,78,94,83,12,105,117,243,91,54,4,119,2,0,74
184,Taj Gibson,CHI,26,80,60,20,1742,569,234,502,46.6,1,8,12.5,100,148,67.6,162,296,458,58,71,39,106,203,6,0,257
185,DeAndre Jordan,LAC,22,80,31,49,2047,566,234,341,68.6,0,1,0,98,217,45.2,207,368,575,42,101,41,142,255,8,0,-105
186,Carlos Delfino,MIL,28,49,21,28,1591,565,200,513,39,105,284,37,60,75,80,24,176,200,112,57,76,8,72,2,0,-83
186,Evan Turner,PHI,22,78,40,38,1797,565,225,529,42.5,14,44,31.8,101,125,80.8,42,264,306,159,80,49,14,138,2,0,-47
188,Joakim Noah,CHI,26,48,36,12,1575,561,211,402,52.5,0,1,0,139,188,73.9,182,316,498,107,90,48,72,156,21,0,178
189,Francisco Garcia,SAC,29,58,18,40,1386,560,207,475,43.6,81,224,36.2,65,76,85.5,24,109,133,71,45,51,49,126,1,0,-114
190,Derek Fisher,LAL,36,82,57,25,2297,558,206,529,38.9,63,159,39.6,83,103,80.6,14,138,152,224,70,99,8,192,0,0,445
191,Corey Brewer,DAL,25,69,22,47,1511,552,193,488,39.5,30,112,26.8,136,192,70.8,57,118,175,89,87,100,16,159,0,0,-130
192,Ryan Gomes,LAC,28,76,29,47,2095,547,207,505,41,72,211,34.1,61,85,71.8,61,193,254,118,55,62,12,159,1,0,-111
193,Sonny Weems,TOR,24,59,17,42,1413,545,228,513,44.4,17,61,27.9,72,94,76.6,39,114,153,104,86,34,2,87,0,0,-341
194,Eric Bledsoe,LAC,21,81,32,49,1841,543,206,486,42.4,32,116,27.6,99,133,74.4,68,155,223,289,194,92,26,130,1,0,-219
195,Raja Bell,UTA,34,68,34,34,2097,541,191,467,40.9,68,193,35.2,91,102,89.2,31,145,176,118,63,56,14,169,0,0,-212
196,Austin Daye,DET,23,72,26,46,1446,537,193,471,41,69,172,40.1,82,108,75.9,64,210,274,78,59,39,39,165,0,0,-133
197,Nazr Mohammed,OKC,33,75,40,35,1280,535,234,448,52.2,0,1,0,67,112,59.8,140,228,368,23,70,30,56,184,3,0,12
198,Derrick Favors,UTA,19,78,25,53,1536,533,215,416,51.7,0,0,0,103,173,59.5,171,241,412,39,77,29,68,246,4,0,-233
198,Josh McRoberts,IND,24,72,34,38,1597,533,211,386,54.7,23,60,38.3,88,119,73.9,109,273,382,150,93,47,57,165,3,0,58
200,Luc Mbah a Moute,MIL,24,79,34,45,2093,529,198,428,46.3,0,7,0,133,188,70.7,169,251,420,68,77,72,28,180,8,0,-57
201,Al Thornton,GSW,27,71,21,50,1383,524,205,431,47.6,4,26,15.4,110,142,77.5,56,157,213,62,64,35,12,143,0,0,-146
201,Kwame Brown,CHA,29,66,27,39,1715,524,194,375,51.7,0,0,0,136,231,58.9,147,303,450,43,69,26,39,174,8,0,-236
203,Goran Dragic,HOU,25,70,37,33,1234,523,192,441,43.5,56,155,36.1,83,133,62.4,36,106,142,204,117,50,10,125,5,1,-213
204,Ronnie Brewer,CHI,26,81,61,20,1781,503,205,427,48,6,27,22.2,87,133,65.4,55,207,262,140,55,106,22,82,0,0,241
205,Ed Davis,TOR,22,65,16,49,1602,501,215,373,57.6,0,0,0,71,128,55.5,168,294,462,40,48,39,67,183,13,0,-343
206,Jordan Crawford,WAS,22,42,17,25,1027,490,192,500,38.4,33,128,25.8,73,84,86.9,31,74,105,117,83,39,3,63,2,1,-229
207,Dante Cunningham,CHA,24,78,39,39,1637,482,218,472,46.2,1,13,7.7,45,62,72.6,96,181,277,43,51,54,43,177,3,0,-139
207,Will Bynum,DET,28,61,23,38,1125,482,182,406,44.8,16,50,32,102,122,83.6,15,59,74,195,83,52,4,113,0,0,-173
209,Matt Bonner,SAS,31,66,48,18,1432,481,172,371,46.4,105,230,45.7,32,43,74.4,60,179,239,60,27,26,21,110,1,0,257
210,Shaun Livingston,CHA,25,73,31,42,1261,479,185,397,46.6,1,4,25,108,125,86.4,29,120,149,164,88,47,29,109,0,0,-71
211,Paul George,IND,21,61,29,32,1265,476,179,395,45.3,41,138,29.7,77,101,76.2,37,187,224,65,70,62,26,127,0,0,-8
212,James Jones,MIA,30,81,57,24,1549,475,146,346,42.2,123,287,42.9,60,72,83.3,23,137,160,43,21,29,19,129,0,0,241
213,Maurice Evans,WAS,32,73,36,37,1549,461,177,424,41.7,55,167,32.9,52,58,89.7,52,104,156,45,33,34,14,129,0,0,-262
214,Al-Farouq Aminu,LAC,20,81,31,50,1452,457,160,406,39.4,45,143,31.5,92,119,77.3,75,192,267,60,103,59,25,121,0,0,-189
215,Shawne Williams,NYK,25,64,33,31,1323,454,164,385,42.6,85,212,40.1,41,49,83.7,60,179,239,47,46,39,51,164,1,0,2
216,Martell Webster,MIN,24,46,7,39,1094,453,152,340,44.7,55,132,41.7,94,122,77,36,111,147,53,58,28,9,101,0,0,-252
217,Mario Chalmers,MIA,25,70,52,18,1579,447,155,388,39.9,83,231,35.9,54,62,87.1,12,134,146,177,91,76,7,158,0,0,264
218,Caron Butler,DAL,31,29,21,8,867,436,170,378,45,28,65,43.1,68,88,77.3,22,96,118,46,49,28,8,59,1,0,148
218,Linas Kleiza,TOR,26,39,12,27,1032,436,178,406,43.8,39,131,29.8,41,65,63.1,37,140,177,40,65,19,7,99,4,0,-62
220,Anthony Tolliver,MIN,26,65,12,53,1362,434,141,313,45,47,115,40.9,105,131,80.2,92,203,295,82,49,28,28,145,3,0,-80
221,Robin Lopez,PHX,23,67,33,34,991,432,179,357,50.1,0,0,0,74,100,74,82,134,216,8,48,18,45,143,2,0,-46
222,Chris Wilcox,DET,28,57,22,35,995,424,187,322,58.1,0,1,0,50,89,56.2,95,176,271,43,43,29,17,145,3,0,-6
223,Tyrus Thomas,CHA,24,41,18,23,861,419,156,331,47.1,0,3,0,107,136,78.7,65,159,224,29,65,30,66,113,4,0,-20
224,Kenyon Martin,DEN,33,48,31,17,1233,414,185,362,51.1,2,9,22.2,42,72,58.3,67,230,297,109,59,43,35,136,3,0,205
225,Mickael Pietrus,PHX,29,57,33,24,1107,410,143,365,39.2,85,236,36,39,57,68.4,15,111,126,33,39,29,21,101,0,0,-21
225,Wayne Ellington,MIN,23,62,14,48,1181,410,160,397,40.3,48,121,39.7,42,53,79.2,26,82,108,72,53,28,3,85,0,0,-204
227,Earl Boykins,MIL,35,57,23,34,862,408,156,352,44.3,27,71,38,69,82,84.1,15,40,55,141,52,38,3,43,0,0,40
228,Jordan Hill,HOU,23,72,38,34,1124,406,173,352,49.1,0,2,0,60,85,70.6,128,178,306,29,62,14,52,157,2,0,-149
229,C.J. Watson,CHI,27,82,62,20,1091,405,146,394,37.1,44,112,39.3,69,93,74.2,16,78,94,186,73,55,11,82,0,0,142
230,Nate Robinson,OKC,27,59,44,15,1013,401,150,376,39.9,65,200,32.5,36,44,81.8,15,75,90,111,68,29,4,115,1,0,37
230,Thabo Sefolosha,OKC,27,79,53,26,2049,401,157,333,47.1,28,102,27.5,59,79,74.7,65,281,346,111,55,97,38,171,2,0,101
232,Donte Greene,SAC,23,69,21,48,1127,400,156,386,40.4,45,154,29.2,43,65,66.2,49,98,147,48,60,36,20,88,1,0,-112
233,Chris Kaman,LAC,29,32,11,21,837,397,177,376,47.1,0,0,0,43,57,75.4,51,174,225,46,58,16,48,75,6,0,-45
234,Drew Gooden,MIL,29,35,14,21,860,396,156,362,43.1,3,20,15,81,102,79.4,73,165,238,47,46,21,18,98,10,1,-37
235,Antonio McDyess,SAS,36,73,54,19,1387,390,169,344,49.1,0,1,0,52,77,67.5,122,273,395,84,72,36,39,163,5,0,134
236,Gordon Hayward,UTA,21,72,33,39,1218,388,142,293,48.5,35,74,47.3,69,97,71.1,41,98,139,81,70,30,19,106,0,0,-197
237,DeShawn Stevenson,DAL,30,72,49,23,1158,383,128,330,38.8,94,249,37.8,33,43,76.7,20,86,106,77,44,21,5,71,0,0,32
238,Brad Miller,HOU,35,60,32,28,1015,382,132,296,44.6,40,107,37.4,78,94,83,44,178,222,145,54,28,21,98,1,0,43
239,Vladimir Radmanovic,GSW,30,74,32,42,1169,374,137,318,43.1,70,173,40.5,30,34,88.2,64,148,212,79,57,44,44,157,0,0,53
240,Ryan Hollins,CLE,26,70,17,53,1182,373,131,219,59.8,0,0,0,111,163,68.1,70,116,186,26,67,22,42,199,0,0,-128
241,Eddie House,MIA,33,56,39,17,979,362,128,321,39.9,68,175,38.9,38,40,95,9,83,92,62,29,32,3,68,0,0,106
242,Jeff Teague,ATL,23,70,36,34,963,361,133,304,43.8,18,48,37.5,77,97,79.4,11,91,102,138,64,45,25,82,0,0,-64
243,Zydrunas Ilgauskas,MIA,36,72,51,21,1145,360,162,319,50.8,0,1,0,36,46,78.3,108,179,287,26,52,23,58,185,3,0,212
244,Keith Bogans,CHI,31,82,62,20,1461,359,124,307,40.4,90,237,38,21,32,65.6,19,129,148,101,41,38,9,113,0,0,168
244,Nikola Pekovic,MIN,25,65,15,50,887,359,136,263,51.7,0,0,0,87,114,76.3,90,103,193,27,91,18,35,181,1,0,-213
246,Matt Barnes,LAL,31,53,36,17,1020,356,131,279,47,34,107,31.8,60,77,77.9,73,155,228,71,58,39,22,127,2,0,24
247,Yi Jianlian,WAS,23,63,17,46,1112,355,145,347,41.8,3,13,23.1,62,91,68.1,79,169,248,25,51,27,32,115,3,0,-219
248,Patty Mills,POR,22,64,40,24,783,353,135,328,41.2,47,133,35.3,36,47,76.6,19,32,51,109,62,27,1,63,0,0,-96
249,Zaza Pachulia,ATL,27,79,43,36,1244,349,107,232,46.1,0,0,0,135,179,75.4,119,214,333,58,69,34,22,184,4,0,-137
250,Eric Maynor,OKC,24,82,55,27,1199,348,134,333,40.2,37,96,38.5,43,59,72.9,25,96,121,238,77,35,6,96,0,0,192
251,Trevor Booker,WAS,23,65,15,50,1063,346,139,253,54.9,0,1,0,68,101,67.3,98,153,251,35,38,29,42,115,5,0,-173
252,Marreese Speights,PHI,23,64,33,31,733,344,144,291,49.5,1,4,25,55,73,75.3,64,146,210,30,40,8,19,120,0,0,56
253,Earl Watson,UTA,32,80,37,43,1567,343,126,307,41,36,107,33.6,55,82,67.1,52,130,182,278,116,61,17,146,1,0,9
254,Shaquille O'Neal,BOS,39,37,28,9,752,341,134,201,66.7,0,0,0,73,131,55.7,48,130,178,26,56,16,42,120,3,0,193
255,Alonzo Gee,CLE,24,56,16,40,1118,331,121,264,45.8,17,51,33.3,72,92,78.3,62,120,182,38,55,40,18,94,0,0,-272
255,Jason Smith,NOH,25,77,44,33,1102,331,136,307,44.3,0,2,0,59,70,84.3,89,152,241,36,53,26,32,150,0,0,-5
257,Nick Collison,OKC,30,71,48,23,1524,329,137,242,56.6,0,0,0,55,73,75.3,119,197,316,69,55,42,31,210,1,0,308
258,Patrick Patterson,HOU,22,52,29,23,868,328,149,267,55.8,0,2,0,30,42,71.4,86,114,200,41,31,17,37,77,4,0,8
259,Andres Nocioni,PHI,31,54,23,31,931,327,118,277,42.6,42,118,35.6,49,61,80.3,19,150,169,45,47,14,15,100,2,0,-138
260,Gary Forbes,DEN,26,63,39,24,791,326,124,273,45.4,19,58,32.8,59,87,67.8,28,88,116,49,46,23,6,77,0,0,-34
261,AJ Price,IND,24,50,22,28,795,323,114,320,35.6,41,149,27.5,54,81,66.7,16,56,72,111,53,29,1,61,0,0,28
261,Chris Douglas-Roberts,MIL,24,44,19,25,884,323,117,273,42.9,15,46,32.6,74,89,83.1,7,81,88,50,35,29,13,73,0,0,-25
263,Manny Harris,CLE,21,54,7,47,933,321,108,289,37.4,34,92,37,71,93,76.3,36,104,140,85,63,31,7,65,1,0,-237
264,Brendan Haywood,DAL,31,72,50,22,1331,320,128,223,57.4,0,1,0,64,177,36.2,129,247,376,19,51,16,74,146,2,0,-13
265,Steve Blake,LAL,31,79,55,24,1582,319,110,306,35.9,73,193,37.8,26,30,86.7,19,137,156,170,73,40,3,99,0,0,78
266,Carlos Arroyo,BOS,31,64,43,21,1185,310,120,273,44,31,69,44.9,39,47,83,20,83,103,125,60,21,1,71,0,0,102
267,Anthony Randolph,MIN,21,40,11,29,589,305,123,264,46.6,1,4,25,58,86,67.4,43,117,160,33,53,22,24,62,5,0,-139
268,Christian Eyenga,CLE,22,44,10,34,947,303,130,306,42.5,25,91,27.5,18,28,64.3,27,96,123,35,47,34,28,78,0,0,-202
269,Henry Walker,NYK,23,61,32,29,784,298,104,236,44.1,59,153,38.6,31,44,70.5,16,106,122,34,37,21,6,81,0,0,89
270,Andris Biedrins,GSW,25,59,26,33,1397,294,142,266,53.4,0,0,0,10,31,32.3,145,281,426,60,57,52,52,198,3,0,-232
271,Samardo Samuels,CLE,22,37,4,33,702,288,110,241,45.6,0,3,0,68,110,61.8,75,83,158,17,53,15,18,88,2,0,-141
272,Dahntay Jones,IND,30,45,22,23,589,283,100,214,46.7,14,39,35.9,69,90,76.7,4,61,65,33,31,20,7,70,0,0,-37
273,Anderson Varejao,CLE,28,31,8,23,994,282,114,216,52.8,0,2,0,54,81,66.7,98,203,301,45,40,27,38,87,7,0,-172
274,Peja Stojakovic,DAL,34,33,25,8,617,280,100,227,44.1,57,136,41.9,23,25,92,14,61,75,29,17,13,2,24,0,0,121
275,Jonny Flynn,MIN,22,53,10,43,983,279,108,296,36.5,31,100,31,32,42,76.2,12,65,77,182,113,34,3,58,0,0,-178
276,Tiago Splitter,SAS,26,60,43,17,738,278,101,191,52.9,0,1,0,76,140,54.3,72,129,201,26,32,29,17,91,1,0,-25
277,Marcus Camby,POR,37,59,32,27,1541,277,117,294,39.8,0,1,0,43,70,61.4,182,424,606,121,62,40,92,140,8,0,29
278,Johan Petro,NJN,25,77,22,55,893,273,129,290,44.5,0,4,0,15,28,53.6,62,150,212,44,46,34,34,178,0,0,-157
279,Josh Childress,PHX,28,54,23,31,894,272,121,214,56.5,1,16,6.3,29,59,49.2,69,86,155,42,44,33,23,68,0,0,-130
280,James Johnson,TOR,24,38,15,23,821,271,108,237,45.6,8,34,23.5,47,71,66.2,37,105,142,89,64,33,37,95,0,0,-67
280,Marquis Daniels,BOS,30,49,37,12,938,271,114,232,49.1,4,21,19,39,57,68.4,24,89,113,64,38,39,22,63,0,0,2
282,DJ White,CHA,24,47,23,24,685,268,111,219,50.7,0,2,0,46,64,71.9,43,115,158,19,14,12,20,77,0,0,-34
283,Ronny Turiaf,NYK,28,64,32,32,1141,267,103,163,63.2,0,0,0,61,98,62.2,64,143,207,92,41,35,73,160,2,0,-11
284,Sebastian Telfair,MIN,26,37,11,26,711,266,97,241,40.2,28,78,35.9,44,60,73.3,17,37,54,111,64,25,3,64,0,0,-90
285,Shelden Williams,NYK,27,59,38,21,911,264,103,220,46.8,0,0,0,58,75,77.3,93,180,273,32,43,23,26,126,0,0,-38
286,Larry Sanders,MIL,22,60,28,32,872,260,116,268,43.3,0,0,0,28,50,56,59,119,178,16,38,22,72,117,1,0,-146
287,Craig Smith,LAC,27,48,17,31,586,258,104,188,55.3,0,5,0,50,68,73.5,43,74,117,31,33,16,7,84,0,0,-55
288,Jamario Moon,LAC,31,59,20,39,1042,255,101,248,40.7,38,123,30.9,15,17,88.2,23,142,165,52,22,28,33,65,0,0,-149
288,Pooh Jeter,SAC,27,62,16,46,858,255,106,259,40.9,6,30,20,37,41,90.2,9,61,70,162,51,29,2,54,0,0,-89
290,Chris Andersen,DEN,32,45,29,16,732,250,82,137,59.9,0,1,0,86,135,63.7,75,144,219,20,25,23,58,79,2,0,90
291,Greivis Vasquez,MEM,24,70,41,29,860,249,95,233,40.8,25,86,29.1,34,44,77.3,12,61,73,151,70,22,4,83,0,0,-63
291,Quentin Richardson,ORL,31,57,37,20,955,249,87,255,34.1,42,146,28.8,33,44,75,39,139,178,38,33,25,5,74,0,0,65
293,James Posey,IND,34,49,19,30,839,240,81,241,33.6,67,212,31.6,11,15,73.3,10,137,147,34,24,24,6,103,0,0,-27
294,Daequan Cook,OKC,24,43,30,13,598,239,79,181,43.6,65,154,42.2,16,20,80,8,64,72,20,17,14,1,51,0,0,77
295,Jason Maxiell,DET,28,57,17,40,930,237,93,189,49.2,0,0,0,51,99,51.5,66,107,173,17,44,24,21,92,0,0,-135
296,Ekpe Udoh,GSW,24,58,28,30,1029,236,97,222,43.7,0,0,0,42,64,65.6,80,101,181,40,48,22,86,144,0,0,106
296,Rodrigue Beaubois,DAL,23,28,19,9,496,236,94,223,42.2,25,83,30.1,23,30,76.7,7,45,52,64,47,20,8,76,0,0,-18
298,Matt Carroll,CHA,30,54,24,30,582,235,89,199,44.7,17,46,37,40,52,76.9,12,56,68,23,23,17,6,43,0,0,-64
299,Omer Asik,CHI,24,82,62,20,989,229,78,141,55.3,0,0,0,73,145,50.3,112,194,306,32,64,20,56,153,1,0,233
300,Mike Miller,MIA,31,41,27,14,838,228,81,202,40.1,43,118,36.4,23,34,67.6,38,146,184,51,41,20,2,88,3,0,-32
301,Josh Powell,ATL,28,54,29,25,653,224,94,208,45.2,0,1,0,36,45,80,49,86,135,22,53,5,5,78,0,0,-118
302,Jermaine Taylor,SAC,24,34,8,26,482,223,94,196,48,14,45,31.1,21,28,75,26,36,62,32,46,14,5,39,0,0,-100
302,T.J. Ford,IND,28,41,17,24,773,223,91,236,38.6,6,32,18.8,35,48,72.9,17,64,81,141,63,35,8,69,0,0,-12
304,Rasual Butler,CHI,32,47,17,30,769,222,79,237,33.3,46,136,33.8,18,27,66.7,10,67,77,27,24,8,15,37,0,0,-88
305,Acie Law,GSW,26,51,20,31,726,215,81,186,43.5,6,36,16.7,47,64,73.4,12,51,63,84,43,32,0,61,0,0,-133
306,Kurt Thomas,CHI,38,52,39,13,1178,211,95,186,51.1,1,1,100,20,32,62.5,75,226,301,60,42,32,42,164,0,0,161
307,Cartier Martin,WAS,26,52,19,33,542,209,71,182,39,39,99,39.4,28,40,70,20,54,74,18,16,18,6,52,0,0,19
308,Ike Diogu,LAC,27,36,16,20,470,207,83,148,56.1,0,0,0,41,62,66.1,41,74,115,2,22,3,3,72,1,0,-69
309,Joey Graham,CLE,29,39,9,30,586,202,82,179,45.8,9,30,30,29,36,80.6,8,76,84,18,28,6,7,73,0,0,-76
310,Lou Amundson,GSW,28,46,20,26,691,200,83,183,45.4,0,0,0,34,87,39.1,81,104,185,17,24,14,33,87,0,0,-89
310,Luther Head,SAC,28,36,8,28,586,200,68,164,41.5,25,64,39.1,39,50,78,16,44,60,70,32,10,9,43,0,0,-106
312,Stephen Graham,NJN,29,59,19,40,959,198,81,200,40.5,5,21,23.8,31,38,81.6,17,106,123,40,38,14,1,106,0,0,-298
313,Ronnie Price,UTA,28,59,31,28,717,197,74,210,35.2,20,69,29,29,39,74.4,22,39,61,56,55,42,5,106,0,0,11
314,Brian Cook,LAC,30,40,8,32,447,193,72,170,42.4,34,79,43,15,24,62.5,19,77,96,15,25,12,11,75,1,0,-29
314,Luke Harangody,CLE,23,49,29,20,641,193,79,206,38.3,16,66,24.2,19,26,73.1,40,103,143,30,16,15,17,80,1,0,-77
316,Julian Wright,TOR,24,52,9,43,766,188,82,160,51.3,2,10,20,22,43,51.2,47,71,118,58,43,39,20,45,0,0,-27
316,Quincy Pondexter,NOH,23,66,35,31,734,188,73,180,40.6,18,50,36,24,34,70.6,23,65,88,28,16,17,10,63,0,0,-68
318,Darnell Jackson,SAC,25,59,18,41,486,187,77,158,48.7,3,11,27.3,30,49,61.2,49,45,94,14,23,12,3,61,0,0,-75
318,Jeff Foster,IND,34,56,25,31,940,187,80,167,47.9,0,3,0,27,48,56.3,160,190,350,46,26,24,31,127,0,0,52
320,Derrick Brown,NYK,23,49,22,27,575,185,74,131,56.5,5,10,50,32,60,53.3,41,58,99,33,35,20,10,59,0,0,-43
321,Von Wafer,BOS,25,58,45,13,553,184,67,159,42.1,18,67,26.9,32,38,84.2,7,42,49,35,20,18,5,39,0,0,4
322,Damien Wilkins,ATL,31,52,25,27,676,180,69,137,50.4,2,10,20,40,56,71.4,23,67,90,41,21,27,9,72,0,0,-122
323,Jeremy Evans,UTA,23,49,22,27,463,178,76,115,66.1,0,1,0,26,37,70.3,36,61,97,24,19,17,17,50,0,0,-15
324,Dominic McGuire,CHA,25,52,18,34,760,174,72,182,39.6,0,2,0,30,39,76.9,63,136,199,43,25,10,33,94,1,0,-76
324,Kendrick Perkins,OKC,26,29,21,8,742,174,67,130,51.5,0,0,0,40,72,55.6,62,170,232,26,56,9,26,91,1,0,97
326,Ian Mahinmi,DAL,24,56,39,17,488,173,55,98,56.1,0,2,0,63,82,76.8,43,77,120,8,25,14,15,105,1,0,66
327,Xavier Henry,MEM,20,38,19,19,527,165,65,160,40.6,2,17,11.8,33,52,63.5,9,28,37,18,13,11,3,48,0,0,-46
328,Earl Clark,ORL,23,42,28,14,464,163,68,158,43,0,5,0,27,47,57.4,37,64,101,9,28,8,18,45,0,0,-54
328,Semih Erden,CLE,24,41,31,10,595,163,62,111,55.9,0,0,0,39,60,65,37,81,118,20,34,15,24,104,0,0,-36
328,Timofey Mozgov,DEN,24,45,27,18,524,163,63,133,47.4,0,0,0,37,52,71.2,46,75,121,15,35,15,25,84,1,0,-39
331,Kosta Koufos,DEN,22,50,17,33,434,160,68,150,45.3,0,2,0,24,43,55.8,57,73,130,7,31,10,25,59,0,0,-52
331,Lazar Hayward,MIN,24,42,10,32,419,160,55,154,35.7,17,60,28.3,33,42,78.6,23,47,70,28,19,12,7,44,0,0,-117
333,Ben Uzoh,NJN,23,42,6,36,438,158,61,144,42.4,3,8,37.5,33,56,58.9,30,31,61,69,25,13,8,29,0,0,-81
333,Leon Powe,MEM,27,30,10,20,328,158,59,119,49.6,0,2,0,40,72,55.6,24,39,63,7,12,10,4,44,0,0,-76
335,Ben Wallace,DET,36,54,20,34,1238,154,67,149,45,1,2,50,19,57,33.3,129,221,350,72,44,54,54,81,1,0,-171
335,Kevin Seraphin,WAS,21,58,15,43,635,154,66,147,44.9,0,0,0,22,31,71,80,72,152,10,42,17,28,126,0,0,-199
337,Joel Anthony,MIA,28,75,55,20,1463,153,53,99,53.5,0,0,0,47,73,64.4,104,162,266,24,36,10,93,194,0,0,123
338,Josh Howard,WAS,31,18,3,15,409,152,58,162,35.8,7,29,24.1,29,47,61.7,18,56,74,24,20,13,5,34,0,0,-89
339,Brian Cardinal,DAL,34,56,37,19,618,145,43,100,43,42,87,48.3,17,18,94.4,10,49,59,40,17,24,7,82,0,0,-27
340,Alexis Ajinca,TOR,23,34,6,28,340,143,59,133,44.4,12,34,35.3,13,18,72.2,17,61,78,10,18,11,19,73,0,0,7
341,Brandan Wright,NJN,23,37,14,23,379,141,60,117,51.3,0,0,0,21,31,67.7,31,58,89,12,14,11,17,34,1,0,-67
342,Juwan Howard,MIA,38,57,43,14,592,139,55,125,44,0,0,0,29,35,82.9,36,86,122,23,25,10,4,61,0,0,20
342,Solomon Jones,IND,26,39,15,24,528,139,49,121,40.5,0,1,0,41,62,66.1,45,68,113,30,35,12,22,94,0,0,-62
344,Jon Brockman,MIL,24,63,28,35,677,136,48,94,51.1,0,0,0,40,59,67.8,74,110,184,18,24,14,3,119,0,0,36
345,Delonte West,BOS,27,24,13,11,453,135,55,120,45.8,12,33,36.4,13,15,86.7,6,31,37,64,30,20,10,29,0,0,-83
345,Joey Dorsey,TOR,27,43,11,32,522,135,52,99,52.5,0,0,0,31,65,47.7,79,111,190,27,39,24,17,78,4,0,-13
347,David Andersen,NOH,31,40,17,23,373,134,56,121,46.3,8,23,34.8,14,22,63.6,20,64,84,13,22,5,9,40,0,0,20
347,Francisco Elson,UTA,35,62,34,28,610,134,54,113,47.8,0,0,0,26,31,83.9,35,80,115,33,32,21,14,84,0,0,-55
349,Reggie Evans,TOR,31,30,11,19,798,132,42,103,40.8,0,1,0,48,88,54.5,119,226,345,38,39,29,6,89,2,0,-176
350,Aaron Gray,NOH,26,41,21,20,531,129,56,99,56.6,0,0,0,17,34,50,59,112,171,16,32,11,12,96,2,0,32
350,Jermaine O'Neal,BOS,32,24,13,11,431,129,50,109,45.9,0,1,0,29,43,67.4,25,63,88,12,27,2,30,65,1,0,15
352,Erick Dampier,MIA,35,51,36,15,815,128,52,89,58.4,0,1,0,24,44,54.5,53,124,177,22,32,14,47,82,1,0,113
353,Rodney Carney,MEM,27,27,13,14,335,127,46,110,41.8,17,38,44.7,18,27,66.7,13,35,48,11,16,12,5,33,0,0,-83
354,Chris Duhon,ORL,28,51,36,15,774,125,49,129,38,13,52,25,14,25,56,9,43,52,118,61,16,2,30,0,0,0
355,Zabian Dowdell,PHX,26,24,14,10,292,121,51,125,40.8,3,10,30,16,17,94.1,5,15,20,51,29,20,2,30,0,0,-47
356,Dan Gadzuric,NJN,33,42,13,29,463,118,54,129,41.9,0,1,0,10,27,37,71,64,135,14,29,13,29,91,0,0,-63
357,Sundiata Gaines,NJN,25,24,9,15,301,111,42,105,40,9,38,23.7,18,36,50,13,25,38,42,27,16,1,25,0,0,-35
358,Anthony Carter,NYK,36,33,20,13,463,110,45,106,42.5,12,40,30,8,8,100,7,44,51,69,39,27,6,49,0,0,9
358,Armon Johnson,POR,22,38,20,18,277,110,46,101,45.5,5,12,41.7,13,22,59.1,11,25,36,45,38,5,1,31,0,0,-24
358,Damion James,NJN,23,25,7,18,403,110,46,103,44.7,0,3,0,18,28,64.3,17,68,85,20,25,16,12,36,0,0,-30
361,Troy Murphy,BOS,31,35,13,22,466,109,42,114,36.8,5,33,15.2,20,30,66.7,22,91,113,23,20,15,3,47,0,0,-126
362,Kyrylo Fesenko,UTA,24,53,29,24,456,106,44,100,44,0,1,0,18,46,39.1,34,74,108,18,25,4,16,90,0,0,39
362,Terrence Williams,HOU,24,21,7,14,290,106,43,115,37.4,6,22,27.3,14,21,66.7,4,47,51,38,33,9,0,25,0,0,-74
364,Jawad Williams,CLE,28,26,6,20,391,104,41,126,32.5,13,45,28.9,9,12,75,7,41,48,22,16,9,3,34,0,0,-85
364,Steve Novak,SAS,28,30,18,12,215,104,35,67,52.2,26,46,56.5,8,8,100,4,24,28,3,4,1,5,14,0,0,-40
364,Udonis Haslem,MIA,31,13,8,5,345,104,44,86,51.2,0,0,0,16,20,80,29,77,106,6,14,7,3,39,4,0,53
367,Ish Smith,MEM,22,43,21,22,442,101,43,115,37.4,3,10,30,12,21,57.1,7,40,47,79,34,18,2,37,0,0,-48
368,Tony Battie,PHI,35,38,14,24,377,100,45,96,46.9,2,3,66.7,8,14,57.1,17,82,99,12,12,5,15,59,0,0,-33
369,Jason Collins,ATL,32,49,27,22,593,96,34,71,47.9,1,1,100,27,41,65.9,30,72,102,22,26,9,9,97,0,0,90
370,James Anderson,SAS,22,26,17,9,286,94,31,81,38.3,18,46,39.1,14,18,77.8,2,21,23,18,13,3,6,24,0,0,-49
371,Othyus Jeffers,WAS,25,17,8,9,322,93,31,65,47.7,1,4,25,30,46,65.2,25,42,67,20,14,17,0,32,1,0,17
372,Hilton Armstrong,ATL,26,53,15,38,489,92,37,76,48.7,2,4,50,16,33,48.5,42,89,131,14,28,18,21,84,0,0,-100
373,Luke Walton,LAL,31,54,39,15,485,91,38,116,32.8,8,34,23.5,7,10,70,9,58,67,62,31,9,4,38,0,0,34
374,Chris Quinn,SAS,27,41,33,8,292,81,33,91,36.3,11,37,29.7,4,8,50,3,22,25,42,12,5,1,29,0,0,-36
374,Derrick Caracter,LAL,23,41,29,12,215,81,32,66,48.5,0,0,0,17,23,73.9,19,24,43,7,19,4,10,47,0,0,-56
376,Earl Barron,POR,29,21,10,11,306,79,32,99,32.3,0,0,0,15,24,62.5,32,44,76,11,16,8,6,46,0,0,-34
377,Jeremy Lin,GSW,22,29,10,19,284,76,28,72,38.9,1,5,20,19,25,76,12,22,34,42,18,33,9,31,0,0,8
377,Sasha Pavlovic,BOS,27,31,13,18,362,76,29,72,40.3,12,31,38.7,6,10,60,1,31,32,16,12,10,7,34,0,0,-78
379,Hamed Haddadi,MEM,26,31,18,13,168,75,30,58,51.7,0,1,0,15,23,65.2,24,44,68,5,11,2,13,29,1,0,46
379,Roger Mason Jr.,NYK,30,26,10,16,319,75,26,77,33.8,16,44,36.4,7,10,70,5,38,43,20,6,6,2,25,0,0,-56
381,DaJuan Summers,DET,23,22,5,17,199,74,28,69,40.6,9,21,42.9,9,20,45,2,10,12,2,13,3,1,21,0,0,-22
381,Jared Jeffries,NYK,29,42,20,22,601,74,30,86,34.9,2,9,22.2,12,29,41.4,62,54,116,36,21,31,17,75,0,0,103
383,Eduardo Najera,CHA,34,31,14,17,372,69,26,72,36.1,11,34,32.4,6,11,54.5,14,30,44,20,13,11,6,52,0,0,10
383,Melvin Ely,DEN,33,30,18,12,366,69,28,51,54.9,0,0,0,13,21,61.9,27,47,74,14,14,4,11,50,0,0,7
385,Joel Przybilla,CHA,31,36,18,18,520,64,25,44,56.8,0,0,0,14,27,51.9,37,108,145,13,29,5,15,79,0,0,-76
385,Mehmet Okur,UTA,32,13,5,8,168,64,22,62,35.5,5,16,31.3,15,20,75,9,21,30,19,7,4,4,18,0,0,-32
387,Devin Ebanks,LAL,21,20,15,5,118,62,21,51,41.2,2,5,40,18,23,78.3,15,12,27,2,6,4,5,7,0,0,-42
388,DJ Mbenga,NOH,30,41,20,21,330,59,23,49,46.9,0,0,0,13,18,72.2,35,51,86,6,21,6,27,52,0,0,-38
389,Garrett Temple,CHA,25,24,12,12,230,57,20,68,29.4,10,37,27,7,17,41.2,1,22,23,32,23,11,6,24,0,0,-32
389,Jeff Adrien,GSW,25,23,7,16,196,57,23,54,42.6,0,0,0,11,19,57.9,23,35,58,10,9,4,5,28,0,0,2
389,Quinton Ross,NJN,30,36,7,29,353,57,26,59,44.1,0,3,0,5,14,35.7,10,20,30,10,7,3,6,40,0,0,16
392,Jason Williams,MEM,35,27,19,8,295,54,22,67,32.8,10,38,26.3,0,0,0,3,27,30,52,18,11,1,8,0,0,46
393,Hasheem Thabeet,HOU,24,47,23,24,373,53,17,40,42.5,0,0,0,19,35,54.3,24,51,75,4,17,9,16,76,0,0,-124
394,Avery Bradley,BOS,20,31,21,10,162,52,23,67,34.3,0,5,0,6,12,50,4,13,17,12,16,9,0,20,0,0,-57
395,Mustafa Shakur,WAS,26,22,5,17,159,51,21,59,35.6,1,10,10,8,15,53.3,7,15,22,25,18,5,3,15,0,0,-7
395,Yao Ming,HOU,30,5,1,4,91,51,18,37,48.6,0,0,0,15,16,93.8,7,20,27,4,7,0,8,13,0,0,-27
397,Garret Siler,PHX,24,21,10,11,101,45,17,31,54.8,0,0,0,11,22,50,16,12,28,3,10,1,4,20,0,0,-16
397,Sean Marks,POR,35,29,15,14,208,45,19,44,43.2,2,2,100,5,8,62.5,16,24,40,4,11,3,5,44,0,0,-74
399,Michael Redd,MIL,31,10,6,4,135,44,18,45,40,4,17,23.5,4,4,100,0,8,8,12,4,2,1,4,0,0,10
400,Dominique Jones,DAL,22,18,10,8,135,42,14,45,31.1,0,4,0,14,17,82.4,6,19,25,19,10,5,3,7,0,0,-22
401,Danny Green,SAS,24,8,5,3,91,41,17,35,48.6,7,19,36.8,0,0,0,3,12,15,2,5,2,1,7,0,0,18
401,Royal Ivey,OKC,29,25,20,5,155,41,16,38,42.1,7,16,43.8,2,2,100,2,14,16,7,5,6,1,17,0,0,-35
403,Larry Owens,WAS,28,12,7,5,143,40,15,32,46.9,6,13,46.2,4,9,44.4,1,14,15,8,5,9,5,18,0,0,13
404,Lance Stephenson,IND,20,12,3,9,115,37,13,39,33.3,0,5,0,11,14,78.6,1,17,18,21,16,4,0,14,0,0,-1
404,Willie Warren,LAC,21,19,5,14,134,37,13,35,37.1,5,15,33.3,6,8,75,1,11,12,27,8,6,0,16,0,0,23
406,Luke Babbitt,POR,22,24,11,13,137,36,15,55,27.3,3,16,18.8,3,9,33.3,6,24,30,6,8,2,2,15,1,0,-33
407,Jamaal Magloire,MIA,33,18,14,4,158,35,13,22,59.1,0,0,0,9,18,50,17,44,61,3,5,4,2,26,0,0,13
408,Trey Johnson,LAL,26,8,3,5,94,34,12,33,36.4,1,3,33.3,9,10,90,2,5,7,11,5,1,1,12,0,0,-20
409,Chris Johnson,POR,25,14,10,4,139,33,9,21,42.9,0,0,0,15,20,75,12,20,32,3,10,3,9,21,0,0,-56
410,Charlie Bell,GSW,32,19,7,12,171,32,12,43,27.9,6,21,28.6,2,4,50,6,12,18,13,6,6,1,13,0,0,0
410,Etan Thomas,ATL,33,13,6,7,82,32,10,21,47.6,0,0,0,12,15,80,6,17,23,2,5,1,4,11,0,0,-26
412,Kyle Weaver,UTA,25,5,1,4,69,28,9,25,36,3,7,42.9,7,8,87.5,2,8,10,7,7,2,2,3,0,0,0
413,Byron Mullens,OKC,22,13,8,5,85,25,9,28,32.1,0,0,0,7,14,50,6,18,24,0,8,2,3,11,0,0,-18
414,Malik Allen,ORL,33,18,9,9,178,23,11,31,35.5,0,0,0,1,2,50,12,20,32,4,3,1,4,30,0,0,-55
415,Mario West,NJN,27,6,1,5,116,22,9,21,42.9,1,4,25,3,5,60,2,9,11,10,2,7,0,13,0,0,-7
416,Brian Scalabrine,CHI,33,18,12,6,88,20,10,19,52.6,0,5,0,0,0,0,1,7,8,6,5,3,4,18,0,0,-7
416,DeSagana Diop,CHA,29,16,6,10,181,20,8,24,33.3,0,0,0,4,11,36.4,12,28,40,7,11,4,15,26,0,0,-40
418,Jarron Collins,POR,32,28,11,17,181,19,6,21,28.6,0,0,0,7,10,70,14,10,24,2,7,4,1,29,0,0,5
419,Cole Aldrich,OKC,22,18,11,7,141,18,8,15,53.3,0,0,0,2,4,50,13,22,35,4,8,5,7,30,0,0,7
419,Lester Hudson,WAS,26,11,3,8,73,18,6,24,25,4,15,26.7,2,4,50,1,4,5,17,7,4,1,10,0,0,-13
421,Sherron Collins,CHA,24,20,8,12,66,17,7,25,28,2,10,20,1,1,100,0,5,5,8,4,2,0,2,0,0,-15
422,Darius Songaila,PHI,33,10,4,6,71,16,7,15,46.7,0,0,0,2,4,50,2,8,10,2,4,0,0,16,0,0,-20
422,Jason Kapono,PHI,30,24,9,15,112,16,7,28,25,1,8,12.5,1,2,50,3,8,11,4,2,2,1,4,0,0,35
422,Renaldo Balkman,NYK,26,8,6,2,63,16,6,13,46.2,1,2,50,3,4,75,2,5,7,2,1,4,2,15,0,0,3
425,Maurice Ager,MIN,27,4,1,3,29,15,6,11,54.5,3,4,75,0,0,0,0,2,2,1,4,1,0,4,0,0,-6
426,Hamady Ndiaye,WAS,24,16,3,13,80,14,4,5,80,0,0,0,6,12,50,2,5,7,0,3,2,5,18,0,0,-33
426,Ime Udoka,SAS,33,20,16,4,130,14,5,21,23.8,0,8,0,4,8,50,5,14,19,13,5,8,1,14,0,0,-15
428,Jerry Stackhouse,MIA,36,7,5,2,50,12,3,12,25,1,4,25,5,7,71.4,1,6,7,3,2,0,2,3,0,0,-4
429,DeMarre Carroll,HOU,24,12,7,5,50,10,4,12,33.3,0,0,0,2,2,100,2,6,8,4,0,1,1,5,0,0,7
430,Andy Rautins,NYK,24,5,2,3,24,8,3,7,42.9,1,4,25,1,2,50,0,1,1,3,7,1,0,0,0,0,-11
430,Craig Brackins,PHI,23,3,0,3,33,8,4,16,25,0,5,0,0,0,0,2,2,4,1,0,1,0,3,0,0,-11
430,Joe Smith,LAL,35,16,14,2,69,8,3,16,18.8,0,0,0,2,2,100,3,18,21,4,5,0,4,13,0,0,-9
430,Mike Harris,HOU,28,4,3,1,16,8,3,6,50,0,0,0,2,4,50,2,3,5,1,1,0,1,2,0,0,18
434,Fabricio Oberto,POR,36,5,4,1,45,7,3,5,60,0,0,0,1,2,50,3,4,7,0,3,0,0,10,0,0,-20
434,Pape Sy,ATL,23,3,0,3,21,7,2,6,33.3,0,1,0,3,3,100,2,1,3,2,3,1,0,1,0,0,-7
436,Antonio Daniels,PHI,36,4,1,3,35,6,2,5,40,0,2,0,2,2,100,0,5,5,2,1,0,0,0,0,0,12
436,Marcus Banks,TOR,29,3,1,2,22,6,0,2,0,0,0,0,6,8,75,0,1,1,3,2,1,0,4,0,0,9
436,Solomon Alabi,TOR,23,12,1,11,59,6,3,15,20,0,0,0,0,2,0,7,7,14,2,3,2,2,5,0,0,-13
439,Marcus Cousin,UTA,24,4,2,2,18,4,2,3,66.7,0,0,0,0,0,0,0,3,3,0,1,0,1,1,0,0,-17
439,Morris Peterson,OKC,33,4,2,2,23,4,2,5,40,0,1,0,0,0,0,0,3,3,1,0,0,0,5,0,0,8
441,Orien Greene,NJN,29,3,0,3,5,3,1,2,50,0,0,0,1,2,50,0,0,0,1,0,1,0,0,0,0,5
441,Patrick Ewing,NOH,27,7,3,4,19,3,0,5,0,0,2,0,3,4,75,1,1,2,2,1,0,1,1,0,0,-4
443,Antoine Wright,SAC,27,7,2,5,31,2,1,8,12.5,0,4,0,0,0,0,2,1,3,0,1,1,0,3,0,0,-24
443,Dexter Pittman,MIA,23,2,2,0,11,2,1,3,33.3,0,0,0,0,0,0,1,2,3,0,2,0,0,2,0,0,8
443,John Lucas III,CHI,28,2,1,1,10,2,1,3,33.3,0,1,0,0,2,0,0,0,0,1,0,0,0,0,0,0,-3
443,Pops Mensah-Bonsu,NOH,27,7,6,1,35,2,1,3,33.3,0,0,0,0,0,0,3,8,11,2,2,0,0,11,0,0,-16
443,Ronald Dupree,TOR,30,3,0,3,13,2,1,4,25,0,1,0,0,0,0,0,3,3,1,0,0,0,2,0,0,-5
443,Theo Ratliff,LAL,38,10,10,0,71,2,1,6,16.7,0,0,0,0,2,0,6,7,13,3,3,2,5,7,0,0,-27
449,Bobby Simmons,SAS,31,2,2,0,16,0,0,3,0,0,3,0,0,0,0,0,0,0,2,0,0,0,2,0,0,6
449,Brian Skinner,MIL,35,2,2,0,6,0,0,0,0,0,0,0,0,0,0,0,0,0,0,0,0,0,0,0,0,-11
449,Gani Lawal,PHX,22,1,1,0,2,0,0,0,0,0,0,0,0,0,0,0,0,0,0,0,0,0,1,0,0,-2
449,Hassan Whiteside,SAC,22,1,1,0,2,0,0,0,0,0,0,0,0,0,0,0,0,0,0,0,0,0,2,0,0,-4
