,Player,TEAM,AGE,GP,W,L,MIN,FGM,FGA,FG%,03:00:00 PM,3PA,3P%,FTM,FTA,FT%,OREB,DREB,REB,AST,TOV,STL,BLK,PF,DD2,TD3,PTS,+/-,PosicAbbrev,SALARY
0,Aaron Brooks,CHI,31,69,36,33,16.1,2.7,6.8,40.1,1.0,2.7,35.7,0.7,0.9,76.6,0.3,1.2,1.5,2.6,1.2,0.4,0.1,1.9,0,0,7.1,-0.1, PG,2250000.0
1,Aaron Gordon,ORL,20,78,32,46,23.9,3.5,7.4,47.3,0.5,1.8,29.6,1.7,2.5,66.8,2.0,4.5,6.5,1.6,0.8,0.8,0.7,2.0,12,0,9.2,-1.0, PF,4171680.0
2,Aaron Harrison,CHA,21,21,15,6,4.4,0.2,0.9,26.3,0.1,0.5,30.0,0.2,0.6,41.7,0.2,0.5,0.7,0.1,0.2,0.3,0.0,0.5,0,0,0.9,-0.3, SG,525093.0
3,Adreian Payne,MIN,25,52,18,34,9.3,1.0,2.8,36.6,0.2,0.6,28.1,0.3,0.5,65.4,0.4,1.8,2.1,0.6,0.7,0.3,0.2,1.5,0,0,2.5,-2.3, PF,1938840.0
4,Al Horford,ATL,30,82,48,34,32.1,6.5,12.8,50.5,1.1,3.1,34.4,1.3,1.6,79.8,1.8,5.5,7.3,3.2,1.3,0.8,1.5,2.0,17,0,15.2,2.8, C,12000000.0
5,Al Jefferson,CHA,31,47,33,14,23.3,5.2,10.7,48.5,0.0,0.0,0.0,1.5,2.4,64.9,1.2,5.2,6.4,1.5,0.7,0.6,0.9,2.5,7,0,12.0,1.0, C,13500000.0
6,Al-Farouq Aminu,POR,25,82,44,38,28.5,3.6,8.8,41.6,1.5,4.3,36.1,1.4,1.9,73.7,1.2,4.9,6.1,1.7,1.5,0.9,0.6,2.1,8,0,10.2,0.7, SF,8042895.0
7,Alan Anderson,WAS,33,13,8,5,14.8,1.6,4.5,35.6,0.9,2.8,32.4,0.8,1.2,73.3,0.1,2.0,2.1,1.1,0.2,0.3,0.1,1.9,0,0,5.0,2.3, SG,1315000.0
8,Alan Williams,PHX,23,10,3,7,6.8,1.0,2.4,41.7,0.0,0.0,0.0,0.9,1.4,64.3,1.4,2.4,3.8,0.5,0.6,0.4,0.5,1.5,1,0,2.9,0.1, PF,83397.0
9,Alec Burks,UTA,24,31,13,18,25.7,4.4,10.8,41.0,1.0,2.5,40.5,3.4,4.5,75.2,0.5,3.0,3.5,2.0,1.6,0.6,0.1,2.3,0,0,13.3,-0.4, SG,9463484.0
10,Alex Len,PHX,23,78,23,55,23.3,3.4,8.0,42.3,0.0,0.1,14.3,2.2,3.1,72.8,2.3,5.3,7.6,1.2,1.9,0.5,0.8,2.9,19,0,9.0,-3.7, C,3807120.0
11,Alex Stepheson,MEM,28,8,2,6,9.0,1.1,3.4,33.3,0.0,0.0,0.0,0.5,1.5,33.3,2.4,1.1,3.5,0.3,0.0,0.1,0.6,1.5,1,0,2.8,-0.3, PF,50000.0
12,Alexis Ajinca,NOP,28,59,20,39,14.6,2.5,5.3,47.6,0.0,0.0,0.0,0.9,1.1,83.9,1.3,3.3,4.6,0.5,0.9,0.3,0.6,2.3,4,0,6.0,-1.1, C,4389607.0
13,Allen Crabbe,POR,24,81,43,38,26.0,3.8,8.4,45.9,1.4,3.5,39.3,1.2,1.4,86.7,0.3,2.3,2.7,1.2,0.8,0.8,0.2,2.4,0,0,10.3,0.5, SG,18500000.0
14,Alonzo Gee,NOP,29,73,27,46,22.4,1.8,3.5,51.8,0.2,0.8,28.3,0.6,0.9,66.7,0.8,2.5,3.4,1.0,0.8,0.9,0.2,2.3,0,0,4.5,-2.7, SF,1320000.0
15,Amar'e Stoudemire,MIA,33,52,30,22,14.7,2.4,4.3,56.6,0.0,0.0,0.0,1.0,1.3,74.6,1.3,3.0,4.3,0.5,0.9,0.3,0.8,1.8,2,0,5.8,0.2, C,1499187.0
16,Amir Johnson,BOS,29,79,45,34,22.8,3.2,5.4,58.5,0.1,0.5,23.3,0.9,1.5,57.0,2.3,4.1,6.4,1.7,1.2,0.7,1.1,2.7,8,0,7.3,1.7, PF,5500000.0
17,Anderson Varejao,GSW,33,53,41,12,9.4,1.0,2.3,42.7,0.0,0.0,0.0,0.6,0.9,64.0,0.7,2.0,2.7,0.7,0.4,0.3,0.2,1.3,0,0,2.6,0.4, C,289755.0
18,Andre Drummond,DET,22,81,43,38,32.9,6.8,13.1,52.1,0.0,0.1,33.3,2.6,7.2,35.5,4.9,9.9,14.8,0.8,1.9,1.5,1.4,3.0,66,0,16.2,1.6, C,3272091.0
19,Andre Iguodala,GSW,32,65,59,6,26.6,2.7,5.7,47.8,0.8,2.4,35.1,0.8,1.3,61.4,0.8,3.2,4.0,3.4,1.2,1.1,0.3,1.6,1,0,7.0,7.0, SF,11710456.0
20,Andre Miller,SAS,40,39,20,19,11.8,1.5,2.7,55.7,0.1,0.2,25.0,0.6,0.8,75.0,0.3,1.0,1.3,2.2,0.9,0.4,0.0,1.2,0,0,3.7,0.8, PG,250750.0
21,Andre Roberson,OKC,24,70,48,22,22.2,1.9,3.9,49.6,0.5,1.5,31.1,0.5,0.8,61.1,1.1,2.5,3.6,0.7,0.5,0.8,0.6,1.9,0,0,4.8,3.7, SF,1210800.0
22,Andrea Bargnani,BKN,30,46,11,35,13.8,2.8,6.1,45.5,0.1,0.3,18.8,1.0,1.2,82.5,0.6,1.5,2.1,0.4,0.6,0.1,0.2,1.3,0,0,6.6,-4.2, C,1362897.0
23,Andrew Bogut,GSW,31,70,62,8,20.7,2.5,4.0,62.7,0.0,0.0,100.0,0.3,0.7,48.0,1.7,5.3,7.0,2.3,1.2,0.5,1.6,3.2,5,0,5.4,5.7, C,13800000.0
24,Andrew Goudelock,HOU,27,8,5,3,6.2,1.1,2.5,45.0,0.1,1.1,11.1,0.4,0.5,75.0,0.1,0.1,0.3,0.5,0.9,0.8,0.3,0.5,0,0,2.8,1.3, PG,200600.0
25,Andrew Nicholson,ORL,26,56,22,34,14.7,2.6,5.5,47.1,0.7,2.0,36.0,0.9,1.2,78.5,0.6,3.0,3.6,0.4,0.7,0.2,0.4,1.2,0,0,6.9,0.6, PF,2380593.0
26,Andrew Wiggins,MIN,21,81,29,52,35.1,7.3,16.0,45.9,0.7,2.3,30.0,5.3,7.0,76.1,1.3,2.3,3.6,2.0,2.2,1.0,0.6,2.0,1,0,20.7,-0.8, SF,5758680.0
27,Anthony Bennett,TOR,23,19,12,7,4.4,0.4,1.4,29.6,0.2,0.7,21.4,0.5,0.5,90.0,0.3,0.9,1.2,0.0,0.2,0.3,0.0,0.4,0,0,1.5,-1.6, PF,947276.0
28,Anthony Brown,LAL,23,29,4,25,20.6,1.3,4.3,31.0,0.7,2.4,28.6,0.6,0.7,85.0,0.3,2.1,2.4,0.7,0.5,0.5,0.2,1.2,0,0,4.0,-1.2, SF,700000.0
29,Anthony Davis,NOP,23,61,24,37,35.5,9.2,18.6,49.3,0.6,1.8,32.4,5.3,7.0,75.8,2.1,8.1,10.3,1.9,2.0,1.3,2.0,2.4,36,0,24.3,-3.3, PF,7070730.0
30,Anthony Morrow,OKC,30,68,46,22,13.6,2.0,4.9,40.8,1.2,3.0,38.7,0.4,0.6,74.4,0.1,0.8,0.9,0.4,0.3,0.3,0.1,0.9,0,0,5.6,1.6, SG,3344000.0
31,Anthony Tolliver,DET,31,72,36,36,18.6,1.8,4.6,38.6,1.4,3.8,36.0,0.4,0.7,61.7,0.5,2.6,3.2,0.7,0.4,0.4,0.2,1.2,0,0,5.3,0.1, PF,3000000.0
32,Archie Goodwin,PHX,21,57,14,43,19.5,3.1,7.4,41.7,0.4,1.7,23.2,2.3,3.4,67.4,0.5,2.0,2.5,2.1,1.8,0.5,0.2,1.5,1,0,8.9,-3.7, SG,1160160.0
33,Aron Baynes,DET,29,81,43,38,15.2,2.4,4.7,50.5,0.0,0.0,0.0,1.6,2.0,76.4,1.7,3.0,4.7,0.6,0.8,0.3,0.6,1.9,1,0,6.3,-0.7, C,6500000.0
34,Arron Afflalo,NYK,30,71,27,44,33.4,5.0,11.3,44.3,1.3,3.4,38.2,1.5,1.8,84.0,0.3,3.4,3.7,2.0,1.2,0.4,0.1,2.0,1,0,12.8,-2.1, SG,8000000.0
35,Austin Rivers,LAC,23,67,42,25,21.8,3.4,7.7,43.8,0.9,2.8,33.5,1.2,1.7,68.1,0.3,1.6,1.9,1.5,0.9,0.7,0.1,2.0,0,0,8.9,-2.4, PG,3110796.0
36,Avery Bradley,BOS,25,76,45,31,33.4,6.0,13.4,44.7,1.9,5.4,36.1,1.3,1.6,78.0,0.6,2.3,2.9,2.1,1.4,1.5,0.3,2.2,0,0,15.2,2.8, SG,7730337.0
37,Axel Toupane,DEN,23,21,9,12,14.5,1.2,3.3,35.7,0.6,1.9,32.5,0.6,0.8,76.5,0.4,1.1,1.5,0.7,0.3,0.3,0.3,1.9,0,0,3.6,-0.8, SG,874636.0
38,Ben McLemore,SAC,23,68,28,40,21.2,2.9,6.7,42.9,1.0,2.7,36.2,1.1,1.5,71.8,0.5,1.7,2.2,1.2,1.5,0.8,0.1,2.1,0,0,7.8,0.3, SG,3156600.0
39,Beno Udrih,MEM,33,44,26,18,16.1,2.0,4.5,43.4,0.3,1.0,34.1,0.4,0.5,90.0,0.2,1.5,1.6,2.6,1.2,0.3,0.0,1.2,1,0,4.7,-0.5, PG,2170465.0
40,Bismack Biyombo,TOR,23,82,56,26,22.0,1.9,3.5,54.2,0.0,0.0,0.0,1.7,2.8,62.8,2.2,5.8,8.0,0.4,0.9,0.2,1.6,2.7,9,0,5.5,1.0, C,17000000.0
41,Blake Griffin,LAC,27,35,22,13,33.4,8.6,17.2,49.9,0.2,0.5,33.3,4.0,5.5,72.7,1.5,6.9,8.4,4.9,2.4,0.8,0.5,2.7,13,0,21.4,5.2, PF,18907726.0
42,Boban Marjanovic,SAS,27,54,47,7,9.4,1.9,3.2,60.3,0.0,0.0,0.0,1.6,2.1,76.3,1.4,2.2,3.6,0.4,0.5,0.2,0.4,1.0,3,0,5.5,1.0, C,1200000.0
43,Bobby Portis,CHI,21,62,29,33,17.8,3.0,7.0,42.7,0.3,0.8,30.8,0.8,1.1,72.7,2.0,3.5,5.4,0.8,0.9,0.4,0.4,1.6,6,0,7.0,-2.9, PF,1391160.0
44,Bojan Bogdanovic,BKN,27,79,21,58,26.8,4.1,9.5,43.3,1.6,4.3,38.2,1.4,1.7,83.3,0.5,2.8,3.2,1.3,1.5,0.4,0.1,1.5,1,0,11.2,-4.9, SG,3425510.0
45,Boris Diaw,SAS,34,76,64,12,18.2,2.7,5.0,52.7,0.3,0.9,36.2,0.7,1.0,73.7,0.8,2.3,3.1,2.3,1.3,0.3,0.3,1.3,0,0,6.4,3.8, C,7500000.0
46,Bradley Beal,WAS,23,55,28,27,31.1,6.5,14.5,44.9,1.9,4.9,38.7,2.5,3.2,76.7,0.7,2.7,3.4,2.9,2.0,1.0,0.2,2.1,0,0,17.4,-0.4, SG,5694674.0
47,Brandan Wright,MEM,28,12,6,6,17.7,2.9,4.3,67.3,0.0,0.0,0.0,1.1,2.0,54.2,1.2,2.4,3.6,0.5,0.8,0.4,1.3,1.8,0,0,6.9,-4.8, PF,5464000.0
48,Branden Dawson,LAC,23,6,5,1,4.8,0.3,0.8,40.0,0.0,0.0,0.0,0.2,0.2,100.0,0.3,0.3,0.7,0.0,0.0,0.0,0.2,0.3,0,0,0.8,-2.5, SF,525093.0
49,Brandon Bass,LAL,31,66,16,50,20.3,2.6,4.8,54.9,0.0,0.0,0.0,1.9,2.2,84.5,1.6,2.7,4.3,1.1,0.6,0.5,0.8,1.9,0,0,7.2,-0.3, PF,3000000.0
50,Brandon Jennings,ORL,26,48,20,28,18.1,2.3,6.3,36.8,1.1,3.2,32.9,1.2,1.6,73.1,0.3,1.7,2.0,3.5,1.2,0.6,0.1,1.2,1,0,6.9,0.3, PG,8344497.0
51,Brandon Knight,PHX,24,52,16,36,36.0,7.1,17.2,41.5,2.3,6.8,34.2,3.0,3.5,85.2,0.7,3.2,3.9,5.1,3.4,1.2,0.4,2.4,4,1,19.6,-4.0, PG,13500000.0
52,Brandon Rush,GSW,30,72,63,9,14.6,1.5,3.6,42.7,0.9,2.2,41.4,0.3,0.4,64.3,0.3,2.2,2.5,0.8,0.5,0.3,0.3,0.8,0,0,4.2,-0.5, SG,1270964.0
53,Brian Roberts,POR,30,51,26,25,9.2,1.5,3.2,44.8,0.3,0.8,35.7,0.8,0.9,89.4,0.1,0.7,0.8,1.1,0.5,0.2,0.0,0.7,0,0,4.0,-1.2, PG,2854940.0
54,Briante Weber,MIA,23,7,3,4,24.1,2.0,5.6,35.9,0.0,0.7,0.0,0.4,0.6,75.0,1.1,2.4,3.6,3.0,1.3,1.3,0.4,1.7,0,0,4.4,-9.6, PG,327000.0
55,Brook Lopez,BKN,28,73,21,52,33.7,8.1,15.8,51.1,0.0,0.2,14.3,4.3,5.5,78.7,2.8,5.1,7.8,2.0,2.4,0.8,1.7,2.9,26,0,20.6,-1.7, C,19690000.0
56,Bruno Caboclo,TOR,20,6,6,0,7.1,0.2,2.0,8.3,0.2,1.2,14.3,0.0,0.0,0.0,0.2,0.2,0.3,0.2,0.7,0.3,0.2,0.3,0,0,0.5,-1.3, SF,1524000.0
57,Bryce Cotton,MEM,23,8,1,7,4.8,0.5,1.3,40.0,0.0,0.4,0.0,0.0,0.0,0.0,0.0,0.0,0.0,0.4,0.6,0.4,0.0,0.3,0,0,1.0,-3.0, PG,700902.0
58,Bryce Dejean-Jones,NOP,23,14,8,6,19.9,2.0,4.9,40.6,0.9,2.3,37.5,0.8,1.5,52.4,0.6,2.9,3.4,1.1,0.8,0.7,0.1,1.2,0,0,5.6,-2.8, SG,169883.0
59,C.J. McCollum,POR,24,80,44,36,34.7,8.0,17.9,44.8,2.5,5.9,41.7,2.3,2.8,82.7,0.6,2.7,3.2,4.3,2.5,1.2,0.3,2.3,2,0,20.8,1.9, SG,2525160.0
60,C.J. Miles,IND,29,64,34,30,22.9,4.0,9.9,40.9,2.2,6.0,36.7,1.5,1.9,75.0,0.4,2.3,2.7,1.0,1.1,0.8,0.5,2.2,0,0,11.8,0.0, SF,4394225.0
61,C.J. Watson,ORL,32,33,14,19,19.9,1.4,4.2,34.3,0.4,1.5,29.2,1.0,1.2,87.2,0.3,1.7,2.0,2.7,0.8,0.6,0.2,1.5,0,0,4.3,-1.5, PG,5000000.0
62,CJ Wilcox,LAC,25,23,15,8,7.3,1.1,2.9,39.4,0.4,1.0,39.1,0.4,0.5,75.0,0.0,0.5,0.5,0.4,0.1,0.4,0.1,0.7,0,0,3.0,1.0, SG,1159680.0
63,Cameron Bairstow,DET,25,18,4,14,5.7,0.7,2.2,32.5,0.1,0.3,20.0,0.4,0.4,87.5,0.2,1.3,1.6,0.3,0.2,0.1,0.2,1.1,0,0,1.9,-0.4, PF,1000000.0
64,Cameron Payne,OKC,21,57,44,13,12.2,2.0,4.9,41.0,0.6,1.9,32.4,0.3,0.4,79.2,0.2,1.3,1.5,1.9,0.8,0.6,0.1,1.4,0,0,5.0,-0.5, PG,2021520.0
65,Carl Landry,PHI,32,36,5,31,15.8,3.9,6.9,55.6,0.2,0.4,46.2,1.9,2.5,73.6,1.4,2.7,4.1,0.9,0.6,0.3,0.3,1.9,0,0,9.8,-3.1, PF,6500000.0
66,Carmelo Anthony,NYK,32,72,32,40,35.1,7.9,18.2,43.4,1.5,4.3,33.9,4.6,5.6,82.9,1.4,6.4,7.7,4.2,2.4,0.9,0.5,2.5,22,0,21.8,-0.6, SF,22875000.0
67,Caron Butler,SAC,36,17,2,15,10.3,1.5,3.5,42.4,0.2,1.1,16.7,0.6,0.7,83.3,0.3,1.0,1.3,0.6,0.2,0.5,0.1,1.1,0,0,3.7,-2.4, SF,1449187.0
68,Chandler Parsons,DAL,27,61,29,32,29.5,5.2,10.7,49.2,1.7,4.1,41.4,1.5,2.2,68.4,0.5,4.2,4.7,2.8,1.6,0.8,0.3,1.9,3,0,13.7,-0.1, SF,15361500.0
69,Channing Frye,CLE,33,70,35,35,17.1,2.2,5.0,43.8,1.3,3.4,38.7,0.4,0.5,85.7,0.5,2.8,3.3,1.0,0.6,0.4,0.4,1.8,0,0,6.1,1.5, PF,8193029.0
70,Chuck Hayes,LAC,33,2,1,1,11.9,0.5,1.0,50.0,0.0,0.0,0.0,1.0,1.0,100.0,0.0,4.0,4.0,1.0,1.5,0.0,0.0,3.0,0,0,2.0,-1.5, PF,1500000.0
71,Charlie Villanueva,DAL,31,62,29,33,10.7,2.0,5.3,38.2,0.8,2.8,27.3,0.4,0.4,91.7,0.4,2.1,2.5,0.4,0.5,0.3,0.2,1.1,0,0,5.1,-1.4, PF,1500000.0
72,Chase Budinger,PHX,28,66,29,37,14.1,1.6,3.6,43.5,0.4,1.3,27.9,0.6,0.8,69.6,0.7,1.6,2.3,1.0,0.7,0.5,0.2,0.9,0,0,4.1,0.0, SF,206192.0
73,Chris Andersen,MEM,37,27,11,16,14.9,1.4,2.7,52.8,0.1,0.5,28.6,0.9,1.3,69.4,1.3,2.3,3.6,0.4,0.3,0.6,0.5,1.1,0,0,3.9,-2.6, PF,5000000.0
74,Chris Bosh,MIA,32,53,29,24,33.5,6.8,14.5,46.7,1.5,4.2,36.5,4.0,5.1,79.5,0.9,6.5,7.4,2.4,1.5,0.7,0.6,1.9,15,0,19.1,0.6, PF,22192730.0
75,Chris Copeland,MIL,32,24,10,14,6.5,0.7,2.1,33.3,0.4,1.5,27.8,0.3,0.3,85.7,0.0,0.4,0.4,0.5,0.3,0.1,0.0,0.7,0,0,2.1,-3.3, SF,1150000.0
76,Chris Johnson,UTA,26,70,38,32,12.2,1.0,2.8,37.1,0.4,1.4,27.3,0.5,0.6,81.0,0.4,1.5,1.9,0.6,0.6,0.5,0.3,1.4,0,0,2.9,0.0, SF,981348.0
77,Chris Kaman,POR,34,16,11,5,7.0,1.3,2.7,46.5,0.1,0.3,25.0,0.2,0.2,100.0,0.4,1.1,1.5,0.7,0.5,0.1,0.1,0.9,0,0,2.8,-1.9, C,5016000.0
78,Chris McCullough,BKN,21,24,7,17,15.1,1.8,4.5,40.4,0.5,1.4,38.2,0.5,1.0,47.8,1.0,1.8,2.8,0.4,0.6,1.2,0.5,1.6,0,0,4.7,-5.0, PF,1140240.0
79,Chris Paul,LAC,31,74,50,24,32.7,7.0,15.1,46.2,1.6,4.4,37.1,4.0,4.4,89.6,0.5,3.7,4.2,10.0,2.6,2.1,0.2,2.5,38,0,19.5,7.5, PG,21468695.0
80,Christian Wood,PHI,20,17,0,17,8.5,1.3,3.1,41.5,0.2,0.6,36.4,0.8,1.2,61.9,0.8,1.5,2.2,0.2,0.1,0.3,0.4,0.6,0,0,3.6,-2.9, PF,525093.0
81,Cleanthony Early,NYK,25,17,6,11,9.0,0.7,2.4,30.0,0.2,0.9,26.7,0.2,0.2,75.0,0.2,1.3,1.5,0.4,0.5,0.1,0.2,0.9,0,0,1.8,0.0, SF,845059.0
82,Cliff Alexander,POR,20,8,3,5,4.5,0.6,1.3,50.0,0.0,0.0,0.0,0.0,0.0,0.0,0.3,0.5,0.8,0.0,0.1,0.1,0.3,0.1,0,0,1.3,-1.6, PF,874636.0
83,Clint Capela,HOU,22,77,39,38,19.1,3.0,5.2,58.2,0.0,0.0,0.0,1.0,2.7,37.9,2.5,3.9,6.4,0.6,0.8,0.8,1.2,2.5,10,0,7.0,1.3, C,1242720.0
84,Cody Zeller,CHA,23,73,42,31,24.3,3.2,6.0,52.9,0.0,0.1,10.0,2.4,3.2,75.4,1.9,4.3,6.2,1.0,0.9,0.8,0.9,2.8,5,0,8.7,2.2, C,4204200.0
85,Cole Aldrich,LAC,27,60,41,19,13.3,2.2,3.8,59.6,0.0,0.0,0.0,1.0,1.4,71.4,1.4,3.4,4.8,0.8,1.1,0.8,1.1,2.3,3,0,5.5,-0.4, C,1100602.0
86,Corey Brewer,HOU,30,82,41,41,20.4,2.6,6.7,38.4,0.7,2.7,27.2,1.3,1.7,75.0,0.5,1.9,2.4,1.3,1.0,1.0,0.2,2.0,0,0,7.2,-1.1, SF,8229375.0
87,Cory Jefferson,PHX,25,8,2,6,6.3,1.1,2.8,40.9,0.0,0.1,0.0,0.5,0.8,66.7,0.8,1.3,2.0,0.0,0.0,0.0,0.1,1.0,0,0,2.8,-0.6, PF,49709.0
88,Cory Joseph,TOR,24,80,54,26,25.6,3.2,7.3,43.9,0.4,1.4,27.3,1.7,2.2,76.4,0.5,2.1,2.6,3.1,1.3,0.8,0.3,1.6,0,0,8.5,3.4, PG,7000000.0
89,Coty Clarke,BOS,23,3,0,3,1.9,0.7,1.3,50.0,0.7,0.7,100.0,0.0,0.0,0.0,0.0,0.3,0.3,0.0,0.3,0.0,0.0,0.0,0,0,2.0,1.3, PF,61000.0
90,Courtney Lee,CHA,30,79,49,30,29.6,3.7,8.1,45.4,1.0,2.7,37.8,1.3,1.5,83.9,0.4,2.2,2.6,1.7,0.9,1.1,0.4,1.7,0,0,9.6,1.9, SG,5675000.0
91,Cristiano Felicio,CHI,23,31,14,17,10.3,1.3,2.3,55.6,0.0,0.1,0.0,0.8,1.1,71.4,1.0,2.3,3.3,0.8,0.4,0.2,0.4,1.0,0,0,3.4,1.7, PF,525093.0
92,D'Angelo Russell,LAL,20,80,17,63,28.2,4.9,12.0,41.0,1.6,4.6,35.1,1.8,2.4,73.7,0.6,2.8,3.4,3.3,2.5,1.2,0.2,1.8,1,0,13.2,-6.8, PG,5103120.0
93,D.J. Augustin,DEN,28,62,35,27,19.0,2.4,5.6,42.3,1.1,2.7,40.5,1.7,2.1,80.5,0.1,1.4,1.5,3.2,1.4,0.6,0.1,1.4,2,0,7.5,-0.5, PG,3000000.0
94,Dahntay Jones,CLE,35,1,0,1,42.4,6.0,14.0,42.9,1.0,2.0,50.0,0.0,0.0,0.0,1.0,4.0,5.0,2.0,0.0,1.0,2.0,6.0,0,0,13.0,-1.0, SG,3000000.0
95,Damian Lillard,POR,25,75,40,35,35.7,8.2,19.7,41.9,3.1,8.1,37.5,5.5,6.2,89.2,0.6,3.4,4.0,6.8,3.2,0.9,0.4,2.2,15,0,25.1,1.3, PG,4236287.0
96,Damien Inglis,MIL,21,20,5,15,7.8,0.7,1.9,35.1,0.2,0.7,23.1,0.4,0.4,87.5,0.1,1.5,1.6,0.5,0.6,0.3,0.2,0.6,0,0,1.8,-2.2, SF,855000.0
97,Damjan Rudez,MIN,30,33,9,24,8.4,0.8,1.9,40.3,0.5,1.5,34.0,0.2,0.2,100.0,0.2,0.5,0.6,0.3,0.4,0.1,0.0,1.0,0,0,2.3,-0.4, SF,1149500.0
98,Danilo Gallinari,DEN,27,53,22,31,34.7,5.4,13.2,41.0,1.6,4.5,36.4,7.1,8.2,86.8,1.0,4.3,5.3,2.5,1.5,0.8,0.4,1.6,3,0,19.5,-1.9, SF,14000000.0
99,Danny Green,SAS,29,79,65,14,26.1,2.7,7.1,37.6,1.5,4.4,33.2,0.4,0.6,73.9,0.6,3.2,3.8,1.8,0.9,1.0,0.8,1.8,0,0,7.2,6.4, SG,10000000.0
100,Dante Cunningham,NOP,29,80,28,52,24.6,2.3,5.2,45.1,0.7,2.2,31.6,0.7,1.0,69.5,0.7,2.2,3.0,1.0,0.5,0.5,0.4,2.2,0,0,6.1,-3.5, PF,2850000.0
101,Darrell Arthur,DEN,28,70,26,44,21.7,3.2,7.0,45.2,0.6,1.7,38.5,0.6,0.8,75.5,1.2,3.0,4.2,1.4,0.9,0.8,0.7,2.6,2,0,7.5,-0.7, PF,2814000.0
102,Darren Collison,SAC,28,74,29,45,30.0,5.1,10.5,48.6,1.2,2.9,40.1,2.6,3.1,85.8,0.4,1.9,2.3,4.3,1.8,1.0,0.1,1.9,4,0,14.0,-0.9, PG,5013559.0
103,Darrun Hilliard,DET,23,38,17,21,10.1,1.4,3.4,39.7,0.5,1.3,38.0,0.8,1.1,72.5,0.1,1.1,1.2,0.7,0.5,0.2,0.0,0.7,0,0,4.0,-0.1, SG,600000.0
104,David Lee,DAL,33,55,27,28,16.4,3.2,6.1,53.1,0.0,0.0,0.0,1.3,1.7,76.3,1.8,3.7,5.5,1.5,1.2,0.4,0.5,2.1,4,0,7.8,-1.5, PF,2085671.0
105,David West,SAS,35,78,63,15,18.0,3.1,5.7,54.5,0.0,0.1,42.9,0.8,1.0,78.8,0.9,3.0,4.0,1.8,0.9,0.6,0.7,1.8,1,0,7.1,4.2, PF,1499187.0
106,DeAndre Jordan,LAC,27,77,51,26,33.7,4.6,6.6,70.3,0.0,0.0,0.0,3.5,8.0,43.0,3.5,10.3,13.8,1.2,1.4,0.7,2.3,2.7,49,0,12.7,5.7, C,21170000.0
107,DeJuan Blair,WAS,27,29,12,17,7.5,1.0,2.3,41.2,0.0,0.0,0.0,0.2,0.4,38.5,0.7,1.3,2.0,0.4,0.5,0.3,0.1,1.8,0,0,2.1,-1.4, C,2000000.0
108,DeMar DeRozan,TOR,26,78,53,25,35.9,7.9,17.7,44.6,0.6,1.8,33.8,7.1,8.4,85.0,0.8,3.7,4.5,4.0,2.2,1.0,0.3,2.1,3,0,23.5,2.2, SG,10050000.0
109,DeMarcus Cousins,SAC,25,65,29,36,34.6,9.2,20.5,45.1,1.1,3.2,33.3,7.3,10.2,71.8,2.4,9.1,11.5,3.3,3.8,1.6,1.4,3.6,47,1,26.9,0.6, PF,15851950.0
110,DeMarre Carroll,TOR,29,26,16,10,30.2,4.0,10.4,38.9,1.8,4.5,39.0,1.2,1.9,60.0,1.2,3.5,4.7,1.0,1.1,1.7,0.2,2.4,0,0,11.0,1.7, SF,13600000.0
111,Delon Wright,TOR,24,27,19,8,8.5,1.3,3.0,45.0,0.2,0.5,38.5,1.0,1.3,74.3,0.3,1.1,1.4,1.1,0.6,0.3,0.1,0.3,0,0,3.8,0.5, PG,1509360.0
112,Dennis Schroder,ATL,22,80,47,33,20.3,4.1,9.8,42.1,1.0,3.0,32.2,1.8,2.3,79.1,0.3,2.2,2.6,4.4,2.3,0.9,0.1,1.7,2,0,11.0,2.8, PG,1763400.0
113,Deron Williams,DAL,32,65,31,34,32.4,4.9,11.9,41.4,1.5,4.3,34.4,2.8,3.2,86.9,0.3,2.6,2.9,5.8,2.3,0.9,0.2,2.4,4,0,14.1,0.0, PG,5378974.0
114,Derrick Favors,UTA,24,62,30,32,32.0,6.7,13.1,51.5,0.0,0.1,0.0,2.9,4.1,70.9,2.7,5.4,8.1,1.5,1.7,1.2,1.5,2.4,19,0,16.4,1.6, PF,6000000.0
115,Derrick Rose,CHI,27,66,32,34,31.8,6.8,15.9,42.7,0.7,2.3,29.3,2.2,2.7,79.3,0.7,2.7,3.4,4.7,2.7,0.7,0.2,1.3,1,0,16.4,-2.5, PG,20093064.0
116,Derrick Williams,NYK,25,80,32,48,17.9,3.2,7.1,45.0,0.6,1.9,29.3,2.4,3.2,75.8,0.6,3.1,3.7,0.9,0.8,0.4,0.1,0.9,4,0,9.3,-2.6, PF,5000000.0
117,Devin Booker,PHX,19,76,20,56,27.7,4.8,11.4,42.3,1.3,3.8,34.3,2.8,3.4,84.0,0.4,2.1,2.5,2.6,2.1,0.6,0.3,3.0,3,0,13.8,-4.9, SG,2127840.0
118,Devin Harris,DAL,33,64,35,29,20.0,2.6,5.8,44.7,0.8,2.5,32.9,1.6,2.2,72.1,0.3,1.9,2.2,1.8,1.0,0.9,0.2,1.9,0,0,7.6,-1.4, PG,4053446.0
119,Devyn Marble,ORL,23,28,12,16,8.9,0.8,2.5,29.6,0.3,1.1,25.0,0.4,0.9,41.7,0.2,1.1,1.4,0.4,0.3,0.5,0.0,0.9,0,0,2.1,-0.5, SF,884879.0
120,Dewayne Dedmon,ORL,26,58,21,37,12.2,1.7,3.1,55.9,0.0,0.0,0.0,1.0,1.3,75.0,1.2,2.8,3.9,0.2,0.6,0.4,0.8,1.9,1,0,4.4,-0.6, C,3000000.0
121,Dion Waiters,OKC,24,78,53,25,27.6,3.6,9.1,39.9,1.1,3.1,35.8,1.4,2.0,71.3,0.5,2.1,2.6,2.0,1.5,1.0,0.2,1.8,0,0,9.8,2.7, SG,5138430.0
122,Dirk Nowitzki,DAL,38,75,38,37,31.5,6.6,14.8,44.8,1.7,4.6,36.8,3.3,3.7,89.3,0.7,5.8,6.5,1.8,1.1,0.7,0.7,2.1,10,0,18.3,3.4, PF,8333334.0
123,Donald Sloan,BKN,28,61,13,48,21.6,2.5,5.7,44.0,0.6,1.6,38.4,1.3,1.7,75.0,0.3,2.6,2.8,4.4,1.3,0.5,0.1,1.2,3,0,7.0,-2.0, PG,947276.0
124,Donatas Motiejunas,HOU,25,37,19,18,14.8,2.4,5.5,43.9,0.4,1.5,28.1,0.9,1.4,64.2,1.0,1.9,2.9,1.1,1.2,0.5,0.1,1.9,0,0,6.2,1.2, PF,2288205.0
125,Doug McDermott,CHI,24,81,41,40,23.0,3.6,8.0,45.2,1.4,3.2,42.5,0.9,1.0,85.7,0.5,2.0,2.4,0.7,0.7,0.2,0.1,1.6,0,0,9.4,-0.8, SF,2380440.0
126,Draymond Green,GSW,26,81,73,8,34.7,5.0,10.1,49.0,1.2,3.2,38.8,2.8,4.1,69.6,1.7,7.8,9.5,7.4,3.2,1.5,1.4,3.0,33,13,14.0,13.2, PF,14260870.0
127,Drew Gooden,WAS,34,30,18,12,10.2,1.1,3.4,32.0,0.2,1.4,17.1,0.3,0.5,64.3,0.9,1.9,2.8,0.4,0.4,0.3,0.4,1.3,2,0,2.7,-2.8, PF,3300000.0
128,Duje Dukan,SAC,24,1,0,1,24.2,2.0,10.0,20.0,2.0,5.0,40.0,0.0,0.0,0.0,2.0,2.0,4.0,1.0,0.0,1.0,0.0,2.0,0,0,6.0,-8.0, PF,525093.0
129,Dwight Howard,HOU,30,71,34,37,32.1,5.2,8.5,62.0,0.0,0.1,0.0,3.3,6.7,48.9,3.4,8.4,11.8,1.4,2.3,1.0,1.6,3.1,38,0,13.7,0.2, C,22359364.0
130,Dwight Powell,DAL,24,69,35,34,14.4,2.1,4.3,49.3,0.0,0.2,12.5,1.5,2.1,73.9,1.2,2.7,4.0,0.6,0.6,0.5,0.3,1.7,3,0,5.8,-1.2, PF,8000000.0
131,Dwyane Wade,MIA,34,74,43,31,30.5,7.3,16.0,45.6,0.1,0.6,15.9,4.4,5.5,79.3,1.1,3.0,4.1,4.6,2.7,1.1,0.6,1.6,2,0,19.0,-0.1, SG,20000000.0
132,E'Twaun Moore,CHI,27,59,29,30,21.4,3.2,6.6,48.1,0.8,1.8,45.2,0.4,0.6,62.9,0.3,1.9,2.3,1.7,0.9,0.6,0.3,1.7,0,0,7.5,-0.6, SG,1015421.0
133,Ed Davis,POR,27,81,43,38,20.8,2.5,4.2,61.1,0.0,0.0,0.0,1.4,2.5,55.9,2.8,4.6,7.4,1.1,0.8,0.7,0.9,2.5,9,0,6.5,0.3, PF,6980802.0
134,Elfrid Payton,ORL,22,73,32,41,29.4,4.4,10.0,43.6,0.4,1.3,32.6,1.5,2.6,58.9,1.1,2.5,3.6,6.4,2.4,1.2,0.3,2.2,14,1,10.7,-0.9, PG,2505720.0
135,Elijah Millsap,UTA,28,20,9,11,8.6,0.6,2.0,28.2,0.1,0.6,8.3,0.7,0.9,72.2,0.3,1.5,1.8,1.0,0.5,0.4,0.2,1.7,0,0,1.8,1.1, SG,845059.0
136,Elliot Williams,CHA,27,5,4,1,9.0,0.4,2.0,20.0,0.2,0.8,25.0,0.6,0.8,75.0,0.2,0.6,0.8,0.8,0.2,0.0,0.0,0.4,0,0,1.6,-0.6, SG,55722.0
137,Elton Brand,PHI,37,17,2,15,13.2,1.8,4.2,43.1,0.0,0.1,0.0,0.5,0.5,88.9,0.5,3.2,3.7,1.1,0.6,0.5,0.5,1.9,1,0,4.1,-2.2, PF,1500000.0
138,Emmanuel Mudiay,DEN,20,68,29,39,30.4,4.8,13.3,36.4,1.1,3.4,31.9,2.1,3.1,67.0,0.5,2.9,3.4,5.5,3.2,1.0,0.5,2.1,4,0,12.8,-1.7, PG,3102240.0
139,Enes Kanter,OKC,24,82,55,27,21.0,5.0,8.8,57.6,0.1,0.3,47.6,2.4,3.1,79.7,3.0,5.1,8.1,0.4,1.4,0.3,0.4,2.0,25,0,12.7,1.5, C,16407500.0
140,Eric Bledsoe,PHX,26,31,12,19,34.2,7.2,15.9,45.3,1.5,4.2,37.2,4.5,5.5,80.2,0.6,3.5,4.0,6.1,3.5,2.0,0.6,2.4,3,0,20.4,-1.6, PG,13500000.0
141,Eric Gordon,NOP,27,45,14,31,32.9,5.1,12.3,41.8,2.5,6.5,38.4,2.5,2.8,88.8,0.2,2.0,2.2,2.7,1.6,1.0,0.3,2.2,0,0,15.2,-1.6, SG,15514031.0
142,Eric Moreland,SAC,24,8,1,7,5.9,0.4,0.8,50.0,0.0,0.0,0.0,0.3,0.5,50.0,0.4,1.0,1.4,0.1,0.4,0.0,0.5,0.5,0,0,1.0,0.8, PF,845059.0
143,Erick Green,DEN,25,9,6,3,4.7,0.6,1.4,38.5,0.1,0.6,20.0,0.2,0.2,100.0,0.3,0.3,0.7,0.3,0.0,0.1,0.0,0.4,0,0,1.4,-0.1, PG,99418.0
144,Ersan Ilyasova,ORL,29,74,35,39,25.4,3.8,8.9,42.4,1.3,3.5,37.1,1.5,2.1,72.1,1.9,3.5,5.4,0.9,1.0,0.7,0.4,2.3,4,0,10.4,-1.8, PF,7900000.0
145,Evan Fournier,ORL,23,79,33,46,32.5,5.4,11.8,46.2,2.0,4.9,40.0,2.5,3.0,83.6,0.4,2.4,2.8,2.7,1.7,1.2,0.0,2.7,0,0,15.4,-2.4, SG,2288205.0
146,Evan Turner,BOS,27,81,47,34,28.0,4.2,9.3,45.6,0.2,1.0,24.1,1.8,2.2,82.7,0.6,4.3,4.9,4.4,2.1,1.0,0.3,1.7,4,0,10.5,1.2, SG,3425510.0
147,Festus Ezeli,GSW,26,46,42,4,16.7,2.7,5.0,54.8,0.0,0.0,0.0,1.5,2.9,53.0,2.0,3.6,5.6,0.7,0.8,0.4,1.1,2.0,6,0,7.0,4.8, C,2008748.0
148,Frank Kaminsky III,CHA,23,81,47,34,21.1,2.7,6.5,41.0,0.8,2.5,33.7,1.3,1.8,73.0,0.9,3.3,4.1,1.2,0.7,0.5,0.5,1.6,1,0,7.5,-0.2, C,2612520.0
149,Garrett Temple,WAS,30,80,40,40,24.4,2.5,6.3,39.8,1.1,3.2,34.5,1.1,1.6,72.8,0.5,2.2,2.7,1.8,0.8,0.9,0.2,2.4,0,0,7.3,-0.5, SG,1100602.0
150,Gary Harris,DEN,21,76,31,45,32.1,4.7,10.1,46.9,1.4,3.9,35.4,1.4,1.8,82.0,0.7,2.2,2.9,1.9,1.3,1.3,0.2,1.9,0,0,12.3,-2.8, SG,1584480.0
151,Gary Neal,WAS,31,40,18,22,20.2,3.8,8.1,46.5,1.0,2.5,41.0,1.2,1.4,85.5,0.3,1.8,2.1,1.2,0.7,0.5,0.0,1.4,0,0,9.8,-4.1, PG,2139000.0
152,George Hill,IND,30,74,41,33,34.1,4.4,10.0,44.1,1.7,4.2,40.8,1.5,2.0,76.0,0.8,3.2,4.0,3.5,1.4,1.1,0.2,2.0,0,0,12.1,1.3, PG,8000000.0
153,Gerald Green,MIA,30,69,40,29,22.6,3.3,8.5,39.2,1.2,3.8,32.3,1.0,1.3,78.3,0.4,2.0,2.4,0.8,0.7,0.6,0.3,1.8,0,0,8.9,0.7, SF,1411000.0
154,Gerald Henderson,POR,28,72,39,33,19.9,3.2,7.3,43.9,0.7,1.9,35.3,1.6,2.0,76.7,0.4,2.5,2.9,1.0,0.9,0.5,0.3,1.2,0,0,8.7,0.3, SG,6000000.0
155,Giannis Antetokounmpo,MIL,21,80,32,48,35.3,6.4,12.7,50.6,0.4,1.4,25.7,3.7,5.1,72.4,1.4,6.2,7.7,4.3,2.6,1.2,1.4,3.2,21,5,16.9,-2.1, SF,1953960.0
156,Glenn Robinson III,IND,22,45,24,21,11.3,1.4,3.4,43.0,0.3,0.8,37.8,0.6,0.9,69.2,0.3,1.2,1.5,0.6,0.4,0.4,0.2,0.5,0,0,3.8,-0.8, SG,1100000.0
157,Goran Dragic,MIA,30,72,44,28,32.8,5.8,12.2,47.7,0.9,2.8,31.2,1.7,2.3,72.7,0.8,3.1,3.8,5.8,2.6,1.0,0.2,2.6,5,0,14.1,2.8, PG,14783000.0
158,Gordon Hayward,UTA,26,80,38,42,36.2,6.5,15.0,43.3,1.8,5.1,34.9,4.9,6.0,82.4,0.8,4.2,5.0,3.7,2.5,1.2,0.3,2.3,4,0,19.7,1.2, SF,15409570.0
159,Gorgui Dieng,MIN,26,82,29,53,27.1,3.8,7.1,53.2,0.1,0.2,30.0,2.5,3.0,82.7,1.9,5.2,7.1,1.7,1.7,1.1,1.2,2.7,15,0,10.1,-0.1, PF,1474440.0
160,Greg Monroe,MIL,26,79,32,47,29.3,6.2,11.9,52.2,0.0,0.0,0.0,2.9,3.9,74.0,2.8,6.1,8.8,2.3,1.6,0.9,0.8,2.1,32,0,15.3,-1.4, C,16410000.0
161,Greg Smith,MIN,25,18,8,10,10.7,1.0,1.8,56.3,0.0,0.0,0.0,0.4,0.9,41.2,0.7,1.7,2.3,0.3,0.4,0.2,0.1,1.6,0,0,2.4,-4.3, PF,297912.0
162,Greivis Vasquez,MIL,29,23,9,14,20.0,2.0,6.0,32.6,0.8,3.2,24.7,1.0,1.1,84.6,0.2,1.8,2.0,4.0,1.7,0.4,0.0,1.8,0,0,5.7,-4.1, PG,6600000.0
163,Harrison Barnes,GSW,24,66,59,7,30.9,4.5,9.6,46.6,1.2,3.2,38.3,1.5,2.0,76.1,1.2,3.8,4.9,1.8,0.9,0.6,0.2,2.1,1,0,11.7,6.9, SF,3873398.0
164,Hassan Whiteside,MIA,27,73,42,31,29.1,5.7,9.3,60.6,0.0,0.0,0.0,2.9,4.5,65.0,3.3,8.6,11.8,0.4,1.9,0.6,3.7,2.8,41,3,14.2,1.2, C,22000000.0
165,Henry Sims,BKN,26,14,2,12,18.8,2.4,5.5,42.9,0.0,0.0,0.0,1.8,2.1,83.3,1.5,3.6,5.1,0.6,0.9,0.6,1.0,2.6,0,0,6.5,-6.7, C,1000000.0
166,Hollis Thompson,PHI,25,77,10,67,28.0,3.5,8.8,39.7,1.9,5.1,38.0,0.9,1.2,71.9,0.7,2.8,3.5,1.3,1.0,0.5,0.3,2.4,0,0,9.8,-4.8, SF,490180.0
167,Ian Clark,GSW,25,66,59,7,8.8,1.3,3.1,44.1,0.5,1.3,35.7,0.4,0.5,82.4,0.2,0.8,1.0,1.0,0.7,0.3,0.2,0.9,0,0,3.6,-1.2, SG,1000000.0
168,Ian Mahinmi,IND,29,71,41,30,25.6,3.7,6.3,58.9,0.0,0.0,0.0,1.9,3.2,58.7,1.9,5.2,7.1,1.5,1.4,0.9,1.1,3.1,9,0,9.3,1.6, C,4000000.0
169,Iman Shumpert,CLE,26,54,39,15,24.4,2.1,5.6,37.4,0.8,2.7,29.5,0.7,0.9,78.4,0.6,3.2,3.8,1.7,1.1,1.0,0.4,2.2,1,0,5.8,3.4, SG,8988765.0
170,Isaiah Canaan,PHI,25,77,10,67,25.5,3.4,9.4,36.0,2.3,6.3,36.3,1.9,2.3,83.3,0.3,2.0,2.3,1.8,1.2,0.7,0.2,1.7,0,0,11.0,-6.3, PG,947276.0
171,Isaiah Thomas,BOS,27,82,48,34,32.2,7.2,16.9,42.8,2.0,5.7,35.9,5.8,6.6,87.1,0.6,2.4,3.0,6.2,2.7,1.1,0.1,2.0,7,0,22.2,3.6, PG,6912869.0
172,Ish Smith,PHI,27,77,16,61,29.1,5.2,12.6,41.1,0.7,2.2,32.9,1.6,2.3,69.3,0.6,3.4,4.0,6.5,2.3,1.1,0.3,1.7,12,0,12.6,-4.5, PG,6000000.0
173,J.J. O'Brien,UTA,24,2,2,0,3.1,0.0,0.5,0.0,0.0,0.0,0.0,0.0,0.0,0.0,0.0,0.5,0.5,0.0,0.0,0.5,0.0,0.5,0,0,0.0,-4.0, SF,99000.0
174,J.R. Smith,CLE,30,77,53,24,30.7,4.6,11.0,41.5,2.6,6.6,40.0,0.6,0.9,63.4,0.6,2.3,2.8,1.7,0.8,1.1,0.3,2.6,1,0,12.4,4.0, SG,15690000.0
175,JJ Hickson,WAS,27,35,17,18,12.5,2.3,4.4,51.6,0.0,0.0,0.0,1.3,2.9,44.7,1.1,2.7,3.8,0.7,0.7,0.4,0.4,1.3,2,0,5.9,-1.7, C,273038.0
176,J.J. Redick,LAC,32,75,50,25,28.0,5.6,11.7,48.0,2.7,5.6,47.5,2.4,2.7,88.8,0.1,1.7,1.9,1.4,1.0,0.6,0.1,1.8,0,0,16.3,6.8, SG,7085000.0
177,JaKarr Sampson,DEN,23,73,18,55,15.9,1.9,4.3,44.2,0.2,0.9,22.2,1.1,1.7,65.6,0.6,2.0,2.6,0.6,1.0,0.3,0.5,1.9,0,0,5.1,-3.2, SG,258489.0
178,JaMychal Green,MEM,26,78,39,39,18.5,2.9,6.3,46.5,0.2,0.6,33.3,1.3,1.8,75.2,1.8,3.0,4.8,0.9,1.1,0.6,0.4,2.4,7,0,7.4,-0.6, PF,845059.0
179,JaVale McGee,DAL,28,34,15,19,10.9,2.3,3.9,57.5,0.0,0.0,0.0,0.5,1.1,50.0,1.6,2.4,3.9,0.1,0.6,0.1,0.8,1.4,1,0,5.1,-1.6, C,1404000.0
180,Jabari Parker,MIL,21,76,32,44,31.7,5.8,11.8,49.3,0.1,0.5,25.7,2.3,3.0,76.8,1.6,3.6,5.2,1.7,1.5,0.9,0.4,2.0,6,0,14.1,-2.5, PF,5152440.0
181,Jae Crowder,BOS,25,73,43,30,31.6,4.9,11.1,44.3,1.7,5.0,33.6,2.7,3.3,82.0,1.0,4.2,5.1,1.8,1.1,1.7,0.5,2.7,5,0,14.2,2.9, SF,6796117.0
182,Jahlil Okafor,PHI,20,53,6,47,30.0,7.5,14.7,50.8,0.0,0.1,16.7,2.5,3.7,68.6,2.3,4.7,7.0,1.2,2.3,0.4,1.2,2.6,11,0,17.5,-9.4, C,4582680.0
183,Jamal Crawford,LAC,36,79,51,28,26.9,4.8,11.9,40.4,1.5,4.4,34.0,3.1,3.4,90.4,0.3,1.6,1.8,2.3,1.4,0.7,0.2,1.5,0,0,14.2,2.1, SG,5675000.0
184,Jameer Nelson,DEN,34,39,12,27,26.6,2.9,7.9,36.8,1.1,3.7,29.9,0.8,0.9,85.7,0.5,2.5,2.9,4.9,1.7,0.6,0.1,2.6,0,0,7.7,-3.4, PG,4345000.0
185,James Anderson,SAC,27,51,19,32,14.1,1.3,3.5,37.6,0.5,1.7,26.7,0.4,0.6,75.9,0.3,1.4,1.7,0.8,0.8,0.4,0.3,1.1,0,0,3.5,-1.6, SG,1015421.0
186,James Ennis,NOP,25,22,11,11,14.9,2.5,5.1,47.8,1.2,2.6,44.8,1.1,1.5,73.5,1.0,1.0,1.9,1.0,0.9,0.7,0.2,1.3,0,0,7.2,-2.0, SF,845059.0
187,James Harden,HOU,26,82,41,41,38.1,8.7,19.7,43.9,2.9,8.0,35.9,8.8,10.2,86.0,0.8,5.3,6.1,7.5,4.6,1.7,0.6,2.8,23,3,29.0,1.5, SG,15756438.0
188,James Johnson,TOR,29,57,35,22,16.2,2.0,4.2,47.5,0.4,1.2,30.3,0.7,1.2,57.4,0.5,1.7,2.2,1.2,0.9,0.5,0.6,1.5,0,0,5.0,0.1, PF,2500000.0
189,James Jones,CLE,35,48,33,15,9.7,1.2,3.0,40.8,0.9,2.2,39.4,0.4,0.5,80.8,0.2,0.9,1.0,0.3,0.3,0.2,0.2,1.0,0,0,3.7,-0.5, SG,1552000.0
190,James Michael McAdoo,GSW,23,41,37,4,6.4,1.1,2.0,53.6,0.0,0.0,50.0,0.6,1.2,53.1,0.7,0.7,1.4,0.4,0.4,0.2,0.2,1.0,0,0,2.9,-2.1, SF,980431.0
191,James Young,BOS,20,29,12,17,6.9,0.4,1.2,30.6,0.2,0.9,23.1,0.0,0.1,25.0,0.1,0.8,0.9,0.3,0.2,0.2,0.0,0.6,0,0,1.0,-0.9, SG,1749840.0
192,Jared Cunningham,CLE,25,44,31,13,9.3,0.8,2.4,34.3,0.3,0.9,30.8,0.8,1.3,65.5,0.1,0.8,0.9,0.5,0.5,0.3,0.0,0.9,0,0,2.7,-1.0, SG,981348.0
193,Jared Dudley,WAS,30,81,40,41,25.9,2.9,6.0,47.8,1.2,2.9,42.0,0.9,1.2,73.5,0.7,2.9,3.5,2.1,1.0,0.9,0.2,2.3,0,0,7.9,0.8, SF,4375000.0
194,Jared Sullinger,BOS,24,81,47,34,23.6,4.3,10.0,43.5,0.4,1.3,28.2,1.3,2.0,64.0,2.4,5.9,8.3,2.3,1.3,0.9,0.6,2.6,25,0,10.3,2.6, C,2569260.0
195,Jarell Eddie,WAS,24,26,13,13,5.6,0.8,2.5,30.8,0.6,1.8,31.9,0.3,0.3,100.0,0.1,0.8,0.9,0.2,0.0,0.2,0.0,0.2,0,0,2.4,-1.3, SG,561716.0
196,Jarell Martin,MEM,22,27,10,17,14.1,2.0,4.3,46.6,0.0,0.1,0.0,1.7,2.3,72.6,1.4,1.7,3.2,0.6,0.7,0.3,0.3,2.1,0,0,5.7,-1.4, PF,1230840.0
197,Jarnell Stokes,MEM,22,7,1,6,2.7,0.4,0.7,60.0,0.0,0.0,0.0,0.1,0.3,50.0,0.1,0.4,0.6,0.1,0.0,0.1,0.0,0.1,0,0,1.0,1.3, PF,980431.0
198,Jarrett Jack,BKN,32,32,10,22,32.1,4.4,11.2,39.1,1.0,3.2,30.4,3.1,3.5,89.3,0.3,4.0,4.3,7.4,2.9,1.1,0.2,2.4,6,0,12.8,-4.1, PG,6300000.0
199,Jason Smith,ORL,30,76,33,43,15.5,3.2,6.6,48.5,0.1,0.2,25.0,0.7,0.9,80.6,0.7,2.2,2.9,0.8,0.8,0.4,0.9,2.1,1,0,7.2,-0.5, PF,4300000.0
200,Jason Terry,HOU,38,72,37,35,17.5,2.1,5.2,40.2,1.3,3.6,35.6,0.4,0.5,81.8,0.2,0.9,1.1,1.4,0.7,0.7,0.1,1.3,0,0,5.9,0.5, SG,1552000.0
201,Jason Thompson,TOR,29,47,38,9,10.0,1.1,2.3,48.1,0.1,0.3,33.3,0.8,1.1,70.4,0.7,2.2,2.9,0.6,0.3,0.3,0.4,1.7,0,0,3.1,-0.1, PF,245177.0
202,Jeff Ayres,LAC,29,17,11,6,6.3,0.7,1.4,52.2,0.0,0.1,0.0,0.4,0.4,100.0,0.2,1.1,1.3,0.3,0.4,0.0,0.2,1.1,0,0,1.8,-2.7, PF,111444.0
203,Jeff Green,LAC,29,80,48,32,28.2,4.4,10.3,43.0,0.8,2.7,31.5,2.1,2.8,74.5,0.9,3.2,4.2,1.7,1.2,0.7,0.5,2.1,1,0,11.7,-0.5, SF,9650000.0
204,Jeff Teague,ATL,28,79,47,32,28.5,5.5,12.5,43.9,1.4,3.5,40.1,3.3,3.9,83.7,0.4,2.3,2.7,5.9,2.8,1.2,0.3,2.1,4,0,15.7,0.8, PG,8000000.0
205,Jeff Withey,UTA,26,51,25,26,12.9,1.7,3.2,53.7,0.0,0.0,0.0,0.8,1.2,72.9,1.1,2.3,3.4,0.4,0.5,0.4,1.0,1.5,2,0,4.3,1.1, C,947276.0
206,Jerami Grant,PHI,22,77,9,68,26.8,3.3,7.8,41.9,0.5,1.9,24.0,2.8,4.2,65.8,1.3,3.4,4.7,1.8,1.4,0.7,1.6,2.8,3,0,9.7,-6.4, SF,980431.0
207,Jeremy Evans,DAL,28,30,16,14,8.4,0.9,1.6,54.2,0.1,0.5,25.0,0.5,0.7,71.4,0.4,1.4,1.8,0.1,0.2,0.2,0.3,0.6,0,0,2.4,-1.4, SF,1100602.0
208,Jeremy Lamb,CHA,24,66,40,26,18.6,3.5,7.7,45.1,0.8,2.7,30.9,1.0,1.3,72.7,0.7,3.2,3.8,1.2,0.8,0.6,0.5,1.6,1,0,8.8,2.3, SG,3034356.0
209,Jeremy Lin,CHA,27,78,47,31,26.3,3.8,9.3,41.2,1.0,2.9,33.6,3.1,3.7,81.5,0.5,2.7,3.2,3.0,1.9,0.7,0.5,2.1,1,0,11.7,1.1, PG,2139000.0
210,Jerian Grant,NYK,23,76,29,47,16.6,2.0,5.1,39.4,0.3,1.3,22.0,1.3,1.6,78.0,0.3,1.6,1.9,2.3,1.1,0.7,0.1,1.3,0,0,5.6,-2.2, PG,1572360.0
211,Jerryd Bayless,MIL,27,52,21,31,28.9,3.6,8.4,42.3,1.9,4.4,43.7,1.3,1.7,77.8,0.4,2.3,2.7,3.1,1.4,0.9,0.2,2.1,1,0,10.4,-3.6, PG,8612000.0
212,Jimmer Fredette,SAS,27,6,1,5,2.9,0.3,0.8,40.0,0.2,0.3,50.0,0.7,0.8,80.0,0.0,0.0,0.0,0.2,0.3,0.2,0.0,0.3,0,0,1.5,-4.2, PG,874837.0
213,Jimmy Butler,CHI,26,67,37,30,36.9,7.0,15.4,45.4,1.0,3.1,31.2,5.9,7.1,83.2,1.2,4.2,5.3,4.8,2.0,1.6,0.6,1.9,10,2,20.9,-0.2, SF,16407500.0
214,Joakim Noah,CHI,31,29,15,14,21.9,1.8,4.6,38.3,0.0,0.0,0.0,0.8,1.6,48.9,3.0,5.8,8.8,3.8,1.8,0.6,1.0,2.7,1,0,4.3,-1.2, C,13400000.0
215,Jodie Meeks,DET,28,3,3,0,14.5,2.3,6.7,35.0,1.3,3.0,44.4,1.3,1.3,100.0,0.3,1.3,1.7,1.0,0.3,0.0,0.0,0.7,0,0,7.3,3.0, SG,6270000.0
216,Joe Harris,CLE,24,5,5,0,3.0,0.2,0.8,25.0,0.2,0.8,25.0,0.0,0.0,0.0,0.0,0.6,0.6,0.4,0.2,0.0,0.0,0.2,0,0,0.6,-4.2, SF,884879.0
217,Joe Ingles,UTA,28,81,40,41,15.3,1.5,3.6,42.6,1.0,2.6,38.6,0.2,0.2,72.2,0.2,1.6,1.9,1.2,0.8,0.7,0.0,1.2,0,0,4.2,0.0, SF,2050000.0
218,Joe Johnson,MIA,35,81,31,50,33.4,4.7,10.6,43.9,1.5,3.9,38.3,1.5,1.8,83.1,0.6,3.0,3.6,3.9,2.0,0.8,0.0,1.8,3,0,12.2,-0.7, SF,261894.0
219,Joe Young,IND,24,41,19,22,9.4,1.5,4.1,36.7,0.2,1.1,21.7,0.5,0.6,80.0,0.1,1.1,1.2,1.6,0.8,0.4,0.0,0.7,0,0,3.8,-0.8, PG,1007026.0
220,Joel Anthony,DET,33,19,12,7,5.0,0.3,0.5,60.0,0.0,0.0,0.0,0.3,0.4,75.0,0.4,0.7,1.1,0.1,0.1,0.1,0.6,0.8,0,0,0.9,-0.9, C,2500000.0
221,Joffrey Lauvergne,DEN,24,59,24,35,17.6,3.3,6.4,51.3,0.2,0.9,24.5,1.1,1.2,89.9,1.3,3.6,4.9,0.9,0.9,0.2,0.3,1.9,5,0,7.9,-3.7, C,1709719.0
222,John Henson,MIL,25,57,22,35,16.8,2.9,5.1,56.4,0.0,0.0,0.0,1.2,2.1,59.0,1.5,2.4,3.9,0.9,1.1,0.3,1.9,2.3,3,0,7.0,-2.6, C,2943221.0
223,John Jenkins,PHX,25,43,18,25,11.2,1.7,3.7,44.4,0.4,1.2,31.4,0.5,0.6,83.3,0.2,1.1,1.3,0.8,0.6,0.2,0.0,0.5,0,0,4.1,-1.5, SG,981348.0
224,John Wall,WAS,25,77,37,40,36.2,7.4,17.5,42.4,1.5,4.3,35.1,3.5,4.5,79.1,0.5,4.4,4.9,10.2,4.1,1.9,0.8,2.1,49,4,19.9,1.3, PG,15851950.0
225,Johnny O'Bryant III,MIL,23,66,27,39,13.0,1.3,3.2,41.1,0.0,0.0,100.0,0.4,0.6,68.4,1.0,1.7,2.7,0.5,0.5,0.3,0.1,1.5,0,0,3.0,-2.0, PF,
226,Jon Leuer,PHX,27,67,22,45,18.7,3.3,7.0,48.1,0.6,1.6,38.2,1.1,1.5,76.2,1.1,4.4,5.6,1.1,1.1,0.6,0.4,1.9,10,0,8.5,-1.0, PF,1035000.0
227,Jonas Jerebko,BOS,29,78,47,31,15.1,1.5,3.7,41.3,0.6,1.4,39.8,0.8,1.0,78.2,1.0,2.7,3.7,0.8,0.7,0.3,0.3,1.8,1,0,4.4,0.4, PF,5000000.0
228,Jonas Valanciunas,TOR,24,60,40,20,25.9,5.1,8.9,56.5,0.0,0.0,0.0,2.7,3.6,76.1,3.1,6.1,9.1,0.7,1.4,0.4,1.3,2.6,22,0,12.8,2.4, C,4660482.0
229,Jonathon Simmons,SAS,26,55,47,8,14.8,2.2,4.4,50.4,0.3,0.9,38.3,1.3,1.7,75.0,0.3,1.5,1.7,1.1,1.0,0.4,0.1,1.9,0,0,6.0,1.7, SG,874636.0
230,Jordan Adams,MEM,21,2,0,2,7.3,1.0,3.0,33.3,0.0,0.5,0.0,1.5,2.5,60.0,0.0,1.0,1.0,1.5,1.0,1.5,0.0,1.0,0,0,3.5,2.0, SG,1404600.0
231,Jordan Clarkson,LAL,24,79,17,62,32.3,6.0,13.9,43.3,1.4,4.1,34.7,2.1,2.6,80.4,1.2,2.8,4.0,2.4,1.7,1.1,0.1,2.1,1,0,15.5,-7.9, PG,12500000.0
232,Jordan Farmar,MEM,29,12,2,10,24.3,3.5,8.3,42.0,1.3,3.8,35.6,0.8,0.8,100.0,0.3,1.8,2.1,3.1,1.5,1.3,0.2,1.8,0,0,9.2,-5.3, PG,1344000.0
233,Jordan Hamilton,NOP,25,11,4,7,27.6,4.5,10.5,42.2,1.2,4.1,28.9,1.3,1.9,66.7,1.1,4.5,5.6,2.3,1.5,0.7,0.3,2.2,1,0,11.4,-5.8, SG,150591.0
234,Jordan Hill,IND,28,73,40,33,20.7,3.8,7.5,50.6,0.0,0.0,0.0,1.2,1.7,71.2,2.1,4.0,6.2,1.2,1.3,0.5,0.5,2.1,9,0,8.8,0.7, PF,4000000.0
235,Jordan McRae,CLE,25,22,10,12,8.9,1.5,3.5,43.6,0.5,1.0,45.5,1.0,1.3,75.0,0.2,0.7,0.9,1.1,0.7,0.1,0.0,0.8,0,0,4.5,2.0, SG,111196.0
236,Jordan Mickey,BOS,21,16,9,7,3.6,0.5,1.4,36.4,0.0,0.0,0.0,0.3,0.6,50.0,0.4,0.4,0.8,0.1,0.1,0.0,0.7,0.3,0,0,1.3,0.4, PF,1170960.0
237,Jorge Gutierrez,CHA,27,12,9,3,5.3,0.5,0.9,54.5,0.0,0.2,0.0,0.8,0.9,90.9,0.0,0.6,0.6,1.4,0.5,0.3,0.0,0.3,0,0,1.8,0.7, PG,189455.0
238,Jose Calderon,NYK,34,72,29,43,28.1,2.9,6.3,45.9,1.2,2.8,41.4,0.6,0.7,87.5,0.3,2.9,3.2,4.1,1.2,0.9,0.1,1.9,1,0,7.6,-1.0, PG,7402812.0
239,J.J. Barea,DAL,32,74,38,36,22.5,4.3,9.6,44.6,1.4,3.5,38.5,1.0,1.3,77.1,0.4,1.7,2.1,4.1,1.5,0.4,0.0,1.5,2,0,10.9,-1.0, PG,4290000.0
240,Josh Huestis,OKC,24,5,2,3,11.0,1.0,2.4,41.7,0.8,1.2,66.7,0.0,0.8,0.0,0.4,1.6,2.0,0.0,0.6,0.2,0.4,0.6,0,0,2.8,0.4, SF,1140240.0
241,Josh McRoberts,MIA,29,42,27,15,14.2,1.3,3.5,37.2,0.3,1.2,24.5,0.7,1.0,70.0,0.5,2.0,2.5,1.9,0.7,0.4,0.2,1.6,1,0,3.6,0.1, PF,5543725.0
242,Josh Richardson,MIA,22,52,29,23,21.3,2.4,5.2,45.2,1.0,2.2,46.1,0.8,1.2,66.7,0.4,1.7,2.1,1.4,0.7,0.7,0.5,2.1,0,0,6.6,0.8, SG,525093.0
243,Josh Smith,HOU,30,55,31,24,16.0,2.3,6.3,36.4,0.7,2.6,28.7,0.7,1.2,55.2,0.9,2.6,3.5,1.6,1.4,0.6,0.9,2.1,0,0,6.0,-1.5, C,1499000.0
244,Jrue Holiday,NOP,26,65,27,38,28.2,6.3,14.4,43.9,1.3,4.0,33.6,2.8,3.3,84.3,0.4,2.6,3.0,6.0,2.6,1.4,0.3,2.3,5,0,16.8,0.4, PG,10595507.0
245,Julius Randle,LAL,21,81,17,64,28.2,4.4,10.3,42.9,0.1,0.4,27.8,2.4,3.3,71.5,2.1,8.1,10.2,1.8,1.8,0.7,0.4,3.0,34,1,11.3,-8.4, PF,3132240.0
246,Justin Anderson,DAL,22,55,28,27,11.8,1.3,3.2,40.6,0.4,1.5,26.5,0.8,1.0,80.0,0.3,2.1,2.4,0.5,0.4,0.3,0.5,0.8,1,0,3.8,0.1, SG,1449000.0
247,Justin Harper,BKN,26,5,4,1,7.0,0.8,2.0,40.0,0.8,1.8,44.4,0.2,0.4,50.0,0.0,0.2,0.2,0.0,0.4,0.2,0.0,0.6,0,0,2.6,-6.4, PF,845059.0
248,Justin Holiday,CHI,27,53,28,25,14.6,1.7,4.3,38.6,0.7,2.0,34.3,0.5,0.7,73.0,0.2,1.5,1.7,1.1,0.7,0.6,0.4,1.2,0,0,4.5,-1.7, SG,947276.0
249,Justise Winslow,MIA,20,78,46,32,28.6,2.5,5.9,42.2,0.4,1.5,27.6,1.0,1.5,68.4,1.0,4.1,5.2,1.5,1.2,0.9,0.3,2.4,0,0,6.4,1.3, SF,2481720.0
250,Jusuf Nurkic,DEN,21,32,14,18,17.1,3.2,7.6,41.7,0.0,0.1,0.0,1.9,3.1,61.6,2.0,3.4,5.5,1.3,1.7,0.8,1.4,2.8,4,0,8.2,-0.2, C,1842000.0
251,K.J. McDaniels,HOU,23,37,17,20,6.4,0.8,1.9,40.3,0.2,0.7,28.0,0.6,0.8,80.0,0.4,0.7,1.1,0.3,0.5,0.2,0.2,0.8,0,0,2.4,2.0, SG,3189794.0
252,Karl-Anthony Towns,MIN,20,82,29,53,32.0,7.6,14.1,54.2,0.4,1.1,34.1,2.7,3.4,81.1,2.8,7.7,10.5,2.0,2.2,0.7,1.7,3.0,52,0,18.3,-1.6, C,5703600.0
253,Kawhi Leonard,SAS,25,72,60,12,33.1,7.7,15.1,50.6,1.8,4.0,44.3,4.1,4.6,87.4,1.3,5.5,6.8,2.6,1.5,1.8,1.0,1.8,12,0,21.2,9.1, SF,16407500.0
254,Keith Appling,ORL,24,5,0,5,5.4,0.4,1.6,25.0,0.0,0.6,0.0,0.4,0.4,100.0,0.0,0.2,0.2,0.2,0.6,0.2,0.0,1.0,0,0,1.2,2.8, PG,61776.0
255,Kelly Olynyk,BOS,25,69,40,29,20.2,3.7,8.1,45.5,1.2,3.0,40.5,1.4,1.9,75.0,1.0,3.0,4.1,1.5,1.1,0.8,0.5,2.4,1,0,10.0,3.2, C,2165160.0
256,Kelly Oubre Jr.,WAS,20,63,31,32,10.7,1.4,3.3,42.7,0.4,1.3,31.6,0.5,0.8,63.3,0.4,1.7,2.1,0.2,0.5,0.3,0.1,1.6,0,0,3.7,-0.7, SF,1920240.0
257,Kemba Walker,CHA,26,81,47,34,35.6,7.0,16.4,42.7,2.2,6.0,37.1,4.6,5.4,84.7,0.7,3.7,4.4,5.2,2.1,1.6,0.5,1.4,3,0,20.9,3.0, PG,12000000.0
258,Kendall Marshall,PHI,24,30,3,27,13.3,1.4,3.9,36.4,0.5,1.6,32.7,0.3,0.4,69.2,0.1,0.9,0.9,2.4,1.4,0.5,0.1,1.0,0,0,3.7,-3.8, PG,2144772.0
259,Kendrick Perkins,NOP,31,37,13,24,14.6,1.1,2.0,53.3,0.0,0.0,0.0,0.3,0.7,44.0,0.7,2.8,3.5,0.8,1.1,0.3,0.3,1.7,0,0,2.5,-2.1, C,1500000.0
260,Kenneth Faried,DEN,26,67,26,41,25.3,5.2,9.3,55.8,0.0,0.0,50.0,2.0,3.3,61.3,3.5,5.2,8.7,1.2,1.4,0.5,0.9,2.5,21,0,12.5,-1.6, PF,11235955.0
261,Kent Bazemore,ATL,26,75,44,31,27.8,4.3,9.7,44.1,1.5,4.1,35.7,1.6,2.0,81.5,0.4,4.7,5.1,2.3,1.8,1.3,0.5,2.3,1,0,11.6,1.0, SF,2000000.0
262,Kentavious Caldwell-Pope,DET,23,76,41,35,36.7,5.3,12.6,42.0,1.5,4.9,30.9,2.4,3.0,81.1,0.9,2.8,3.7,1.8,1.4,1.4,0.2,2.2,1,0,14.5,2.3, SG,2891760.0
263,Kevin Durant,OKC,27,72,52,20,35.8,9.7,19.2,50.5,2.6,6.7,38.7,6.2,6.9,89.8,0.6,7.6,8.2,5.0,3.5,1.0,1.2,1.9,27,1,28.2,9.0, SF,20158622.0
264,Kevin Garnett,MIN,40,38,14,24,14.6,1.4,3.0,47.0,0.0,0.0,0.0,0.4,0.6,66.7,0.4,3.6,3.9,1.6,0.4,0.7,0.3,1.8,0,0,3.2,1.5, PF,8500000.0
265,Kevin Love,CLE,27,77,53,24,31.5,5.3,12.7,41.9,2.1,5.7,36.0,3.4,4.1,82.2,1.9,8.0,9.9,2.4,1.8,0.8,0.5,2.1,35,0,16.0,5.6, PF,19689000.0
266,Kevin Martin,SAS,33,55,24,31,19.9,2.8,7.6,37.2,0.9,2.5,36.0,2.8,3.1,89.0,0.3,1.7,2.0,1.1,1.0,0.5,0.1,1.5,0,0,9.3,-2.2, SG,200600.0
267,Kevin Seraphin,NYK,26,48,15,33,11.0,1.8,4.3,41.0,0.0,0.0,0.0,0.4,0.5,82.6,0.6,2.0,2.6,1.0,0.9,0.2,0.8,1.4,0,0,3.9,-1.8, C,2814000.0
268,Kevon Looney,GSW,20,5,4,1,4.1,0.8,1.4,57.1,0.2,0.4,50.0,0.0,0.0,0.0,0.8,1.2,2.0,0.0,0.2,0.0,0.0,0.4,0,0,1.8,-4.4, SF,1131960.0
269,Khris Middleton,MIL,24,79,33,46,36.1,6.4,14.5,44.4,1.8,4.6,39.6,3.5,3.9,88.8,0.6,3.3,3.8,4.2,2.3,1.7,0.2,2.6,1,0,18.2,-0.4, SG,14700000.0
270,Kirk Hinrich,ATL,35,46,26,20,13.7,1.1,2.8,38.0,0.5,1.3,38.7,0.3,0.3,93.8,0.2,1.3,1.5,1.6,0.7,0.3,0.0,1.4,0,0,3.0,0.3, SG,2854940.0
271,Klay Thompson,GSW,26,80,71,9,33.3,8.1,17.3,47.0,3.5,8.1,42.5,2.4,2.8,87.3,0.4,3.4,3.8,2.1,1.7,0.8,0.6,1.9,0,0,22.1,10.5, SG,15501000.0
272,Kobe Bryant,LAL,37,66,13,53,28.2,6.0,16.9,35.8,2.0,7.1,28.5,3.5,4.3,82.6,0.6,3.1,3.7,2.8,2.0,0.9,0.2,1.7,2,0,17.6,-8.7, SF,25000000.0
273,Kosta Koufos,SAC,27,78,32,46,19.0,3.0,5.7,53.2,0.0,0.0,0.0,0.7,1.3,54.8,2.2,3.3,5.4,0.4,0.6,0.5,0.9,2.4,5,0,6.8,-2.9, C,7700000.0
274,Kostas Papanikolaou,DEN,25,26,8,18,11.3,0.9,2.5,36.4,0.4,1.2,31.3,0.3,0.5,64.3,0.3,1.2,1.5,0.6,0.8,0.5,0.2,0.9,0,0,2.6,-0.3, SF,800321.0
275,Kris Humphries,ATL,31,53,29,24,15.7,2.3,5.6,41.0,0.6,2.0,31.5,1.3,1.6,79.8,1.1,3.0,4.1,0.7,0.7,0.3,0.4,1.8,1,0,6.5,-1.9, PF,1000000.0
276,Kristaps Porzingis,NYK,20,72,28,44,28.4,5.2,12.3,42.1,1.1,3.4,33.3,2.8,3.3,83.8,1.8,5.5,7.3,1.3,1.7,0.7,1.9,2.8,21,0,14.3,0.2, PF,4131720.0
277,Kyle Anderson,SAS,22,78,64,14,16.0,1.8,3.8,46.8,0.2,0.5,32.4,0.8,1.1,74.7,0.3,2.8,3.1,1.6,0.8,0.8,0.4,1.2,1,0,4.5,2.6, SG,1142880.0
278,Kyle Korver,ATL,35,80,46,34,30.0,3.4,7.7,43.4,2.0,5.0,39.8,0.6,0.7,83.3,0.2,3.1,3.3,2.1,1.2,0.8,0.4,2.0,0,0,9.2,5.3, SG,5746479.0
279,Kyle Lowry,TOR,30,77,54,23,37.0,6.6,15.6,42.7,2.8,7.1,38.8,5.2,6.4,81.1,0.7,4.0,4.7,6.4,2.9,2.1,0.4,2.7,12,1,21.2,4.9, PG,12000000.0
280,Kyle O'Quinn,NYK,26,65,26,39,11.8,2.0,4.2,47.6,0.1,0.3,22.7,0.7,0.9,76.7,1.2,2.7,3.8,1.1,0.9,0.3,0.8,1.6,1,0,4.8,-1.0, C,3750000.0
281,Kyle Singler,OKC,28,68,43,25,14.4,1.3,3.3,38.9,0.4,1.4,30.9,0.4,0.6,65.9,0.7,1.3,2.1,0.4,0.5,0.4,0.1,1.8,0,0,3.4,-0.3, SF,4500000.0
282,Kyrie Irving,CLE,24,53,37,16,31.5,7.4,16.6,44.8,1.6,4.9,32.1,3.2,3.6,88.5,0.8,2.1,3.0,4.7,2.3,1.1,0.3,2.0,1,0,19.6,3.9, PG,16407501.0
283,LaMarcus Aldridge,SAS,30,74,61,13,30.6,7.2,14.1,51.3,0.0,0.2,0.0,3.5,4.1,85.8,2.4,6.2,8.5,1.5,1.3,0.5,1.1,2.0,26,0,18.0,6.9, PF,19689000.0
284,Lamar Patterson,ATL,24,35,23,12,11.3,0.8,2.3,35.0,0.3,1.4,24.5,0.5,0.6,72.7,0.1,1.3,1.4,1.1,0.7,0.3,0.1,1.3,0,0,2.4,0.9, SG,525093.0
285,Lance Stephenson,MEM,25,69,36,33,19.9,3.3,6.9,48.1,0.4,1.1,38.5,1.3,1.6,78.4,0.6,2.7,3.2,1.9,1.4,0.6,0.1,2.0,1,0,8.3,-0.9, SG,9000000.0
286,Lance Thomas,NYK,28,59,25,34,22.3,2.9,6.5,44.2,0.7,1.8,40.4,1.7,2.0,85.7,0.6,1.6,2.2,0.9,1.0,0.4,0.1,1.8,0,0,8.2,-0.7, SF,1636842.0
287,Langston Galloway,NYK,24,82,32,50,24.8,2.8,7.2,39.3,0.9,2.7,34.4,1.0,1.4,75.4,0.5,3.0,3.5,2.5,0.7,0.9,0.3,2.2,1,0,7.6,-1.3, SG,845059.0
288,Larry Nance Jr.,LAL,23,63,14,49,20.1,2.5,4.8,52.7,0.0,0.2,10.0,0.5,0.7,68.1,1.6,3.3,5.0,0.7,0.7,0.9,0.4,2.0,3,0,5.5,-1.5, PF,1155600.0
289,Lavoy Allen,IND,27,79,43,36,20.2,2.4,4.7,51.6,0.0,0.0,0.0,0.6,0.9,63.0,2.1,3.3,5.4,1.0,0.9,0.3,0.5,1.9,4,0,5.4,2.4, PF,4050000.0
290,LeBron James,CLE,31,76,56,20,35.6,9.7,18.6,52.0,1.1,3.7,30.9,4.7,6.5,73.1,1.5,6.0,7.4,6.8,3.3,1.4,0.6,1.9,28,3,25.3,8.1, SF,22970500.0
291,Leandro Barbosa,GSW,33,68,60,8,15.9,2.5,5.4,46.2,0.6,1.6,35.5,0.8,0.9,83.9,0.4,1.3,1.7,1.2,0.8,0.6,0.1,1.6,0,0,6.4,0.6, SG,2500000.0
292,Lorenzo Brown,DET,25,8,1,7,7.6,1.0,3.1,32.0,0.1,1.0,12.5,0.4,0.5,75.0,0.0,0.9,0.9,1.4,1.1,0.4,0.1,0.5,0,0,2.5,-3.8, PG,111444.0
293,Lou Amundson,NYK,33,29,11,18,7.0,0.7,1.8,35.8,0.0,0.0,0.0,0.5,0.9,51.9,0.8,0.9,1.7,0.4,0.5,0.2,0.2,1.5,0,0,1.8,-1.7, PF,1635476.0
294,Louis Williams,LAL,29,67,14,53,28.5,4.2,10.3,40.8,1.6,4.8,34.4,5.3,6.3,83.0,0.5,2.1,2.5,2.5,1.6,0.9,0.3,1.6,0,0,15.3,-6.0, SG,7000000.0
295,Luc Mbah a Moute,LAC,29,75,49,26,17.0,1.3,2.8,45.4,0.2,0.5,32.5,0.4,0.8,52.6,0.8,1.5,2.3,0.4,0.5,0.6,0.3,1.3,0,0,3.1,2.1, PF,2200000.0
296,Lucas Nogueira,TOR,23,29,17,12,7.7,1.0,1.5,63.6,0.0,0.1,33.3,0.3,0.5,53.3,0.6,1.0,1.6,0.2,0.4,0.4,0.4,1.0,0,0,2.2,0.8, C,1842000.0
297,Luis Montero,POR,23,12,6,6,3.5,0.4,1.6,26.3,0.1,0.8,11.1,0.3,0.3,75.0,0.0,0.3,0.3,0.1,0.3,0.0,0.0,0.1,0,0,1.2,-3.3, SG,525000.0
298,Luis Scola,TOR,36,76,50,26,21.5,3.5,7.9,45.0,0.9,2.1,40.4,0.8,1.1,72.6,1.1,3.6,4.8,0.9,0.9,0.6,0.4,2.3,3,0,8.7,-0.3, PF,2900000.0
299,Luke Babbitt,NOP,27,47,16,31,18.0,2.6,6.1,42.2,0.9,2.3,40.4,0.8,1.1,78.0,0.5,2.6,3.1,1.1,0.5,0.2,0.1,1.9,1,0,7.0,-0.6, SF,1100602.0
300,Luol Deng,MIA,31,74,45,29,32.4,4.6,10.1,45.5,1.2,3.5,34.4,2.0,2.6,75.5,1.5,4.5,6.0,1.9,1.1,1.0,0.4,1.6,13,0,12.3,0.4, SF,10151612.0
301,Manu Ginobili,SAS,38,58,47,11,19.6,3.4,7.5,45.3,1.2,3.1,39.1,1.6,1.9,81.3,0.4,2.1,2.5,3.1,1.7,1.1,0.2,1.7,0,0,9.6,5.7, SG,2814000.0
302,Marc Gasol,MEM,31,52,30,22,34.4,6.3,13.6,46.4,0.0,0.1,66.7,3.9,4.7,82.9,1.1,5.8,7.0,3.8,2.3,1.0,1.3,2.7,9,1,16.6,0.2, C,19688000.0
303,Marcelo Huertas,LAL,33,53,8,45,16.4,1.8,4.3,42.2,0.3,1.2,26.2,0.5,0.5,93.1,0.3,1.4,1.7,3.4,1.5,0.5,0.1,1.4,0,0,4.5,0.4, PG,1500000.0
304,Marcin Gortat,WAS,32,75,35,40,30.1,5.8,10.2,56.7,0.0,0.0,0.0,1.9,2.8,70.5,3.0,6.9,9.9,1.4,1.6,0.6,1.3,2.6,41,0,13.5,0.8, C,11217391.0
305,Marco Belinelli,SAC,30,68,27,41,24.6,3.6,9.3,38.6,1.3,4.4,30.6,1.7,2.0,83.3,0.1,1.6,1.7,1.9,1.2,0.5,0.0,1.3,0,0,10.2,-2.8, SG,6060606.0
306,Marcus Morris,DET,26,80,42,38,35.7,5.1,11.8,43.4,1.4,3.7,36.2,2.5,3.4,74.9,1.1,3.9,5.1,2.5,1.8,0.8,0.3,2.1,4,0,14.1,2.0, PF,5000000.0
307,Marcus Smart,BOS,22,61,36,25,27.3,3.0,8.7,34.8,1.0,4.0,25.3,2.1,2.7,77.7,1.2,2.9,4.2,3.0,1.3,1.5,0.3,3.0,2,1,9.1,1.4, PG,3431040.0
308,Marcus Thornton,WAS,29,61,32,29,18.2,3.5,8.9,39.9,1.5,4.4,33.7,1.1,1.3,84.8,0.6,1.8,2.5,1.4,0.8,0.8,0.1,1.5,0,0,9.7,0.7, SG,200600.0
309,Mario Chalmers,MIA,30,61,38,23,22.5,3.0,7.3,41.0,0.8,2.4,30.9,3.6,4.3,83.2,0.4,2.2,2.6,3.8,1.8,1.4,0.2,3.0,0,0,10.3,1.3, PG,4300000.0
310,Mario Hezonja,ORL,21,79,33,46,17.9,2.3,5.3,43.3,0.8,2.4,34.9,0.6,0.7,90.7,0.4,1.9,2.2,1.4,1.2,0.5,0.2,1.6,0,0,6.1,-0.1, SG,3741480.0
311,Markel Brown,BKN,24,62,12,50,15.8,2.0,5.2,39.4,0.6,2.0,31.4,1.1,1.5,75.5,0.4,1.6,2.0,1.5,0.9,0.6,0.2,1.5,1,0,5.9,-3.8, SG,980000.0
312,Markieff Morris,WAS,26,64,22,42,25.5,4.8,11.2,42.5,0.7,2.4,30.3,1.7,2.3,73.5,1.1,4.4,5.5,1.9,2.1,0.9,0.5,2.9,2,0,12.0,-1.4, PF,8000000.0
313,Marreese Speights,GSW,28,72,64,8,11.6,2.7,6.3,43.2,0.3,0.9,38.7,1.3,1.6,82.5,1.1,2.3,3.3,0.8,0.9,0.3,0.5,1.6,1,0,7.1,0.1, C,3815000.0
314,Marvin Williams,CHA,30,81,47,34,28.9,4.2,9.2,45.2,1.9,4.7,40.2,1.5,1.8,83.3,1.6,4.9,6.4,1.4,0.8,0.7,1.0,1.6,10,0,11.7,3.1, PF,7000000.0
315,Mason Plumlee,POR,26,82,44,38,25.4,3.3,6.3,51.6,0.0,0.0,0.0,2.6,4.1,64.2,2.5,5.2,7.7,2.8,1.9,0.8,1.0,3.1,15,0,9.1,0.4, C,1415520.0
316,Matt Barnes,MEM,36,76,38,38,28.8,3.5,9.1,38.1,1.6,4.9,32.2,1.5,1.8,80.4,1.1,4.4,5.5,2.1,1.6,1.0,0.8,3.1,7,1,10.0,-2.8, SF,3542500.0
317,Matt Bonner,SAS,36,30,25,5,6.9,1.0,1.9,50.9,0.5,1.1,44.1,0.1,0.1,75.0,0.1,0.8,0.9,0.3,0.1,0.2,0.0,0.5,0,0,2.5,2.1, C,1499000.0
318,Matthew Dellavedova,CLE,25,76,54,22,24.6,2.7,6.7,40.5,1.3,3.1,41.0,0.8,0.9,86.4,0.4,1.7,2.1,4.4,1.5,0.6,0.1,2.3,1,0,7.5,5.0, PG,1147276.0
319,Maurice Harkless,POR,23,78,40,38,18.7,2.5,5.3,47.4,0.5,1.8,27.9,0.9,1.4,62.2,1.3,2.3,3.6,0.9,0.8,0.6,0.4,1.6,4,0,6.4,0.4, SF,2894059.0
320,Metta World Peace,LAL,36,35,6,29,16.9,1.6,5.1,31.1,0.7,2.4,31.0,1.1,1.6,70.2,0.5,2.0,2.5,0.8,0.4,0.6,0.3,1.9,0,0,5.0,-1.8, SF,1552000.0
321,Meyers Leonard,POR,24,61,33,28,21.8,3.2,7.1,44.8,1.4,3.7,37.7,0.6,0.8,76.1,0.8,4.3,5.1,1.5,1.3,0.1,0.3,3.0,4,0,8.4,1.6, PF,3075880.0
322,Michael Beasley,HOU,27,20,10,10,18.1,5.4,10.3,52.2,0.2,0.5,33.3,1.9,2.5,77.6,1.5,3.5,4.9,0.8,1.2,0.6,0.5,2.0,1,0,12.8,-3.4, SF,306527.0
323,Michael Carter-Williams,MIL,24,54,21,33,30.5,4.6,10.3,45.2,0.3,1.0,27.3,2.0,3.0,66.3,0.9,4.2,5.1,5.2,2.8,1.5,0.8,3.0,6,0,11.5,-2.4, PG,2399040.0
324,Michael Kidd-Gilchrist,CHA,22,7,5,2,29.2,4.7,8.7,54.1,0.4,1.0,42.9,2.9,4.1,69.0,1.7,4.7,6.4,1.3,1.1,0.4,0.4,1.3,2,0,12.7,8.3, SF,6331404.0
325,Mike Conley,MEM,28,56,33,23,31.4,5.3,12.4,42.2,1.4,3.8,36.3,3.4,4.1,83.4,0.5,2.5,2.9,6.1,1.5,1.2,0.3,1.8,4,0,15.3,1.1, PG,9588426.0
326,Mike Dunleavy,CHI,35,31,13,18,22.7,2.5,6.1,41.0,1.3,3.2,39.4,0.9,1.2,78.4,0.3,2.4,2.7,1.3,0.8,0.5,0.3,2.1,0,0,7.2,-2.1, SG,4500000.0
327,Mike Miller,DEN,36,47,21,26,7.9,0.5,1.3,35.5,0.4,1.1,36.5,0.0,0.0,0.0,0.1,1.0,1.1,0.9,0.4,0.3,0.1,1.1,0,0,1.3,-1.9, SG,1499000.0
328,Mike Muscala,ATL,24,60,34,26,9.4,1.3,2.5,50.0,0.2,0.7,30.8,0.5,0.7,79.5,0.6,1.3,2.0,0.6,0.5,0.2,0.5,1.2,0,0,3.3,-0.6, PF,816482.0
329,Mike Scott,ATL,27,75,46,29,15.3,2.3,5.0,46.8,0.8,2.1,39.2,0.7,0.8,79.4,0.7,2.0,2.7,1.0,0.6,0.3,0.2,1.4,0,0,6.2,1.5, PF,3333333.0
330,Miles Plumlee,MIL,27,61,23,38,14.3,2.3,3.8,60.1,0.0,0.0,0.0,0.6,1.0,57.6,1.5,2.3,3.8,0.3,0.7,0.3,0.8,1.2,0,0,5.1,-1.6, C,2109294.0
331,Mirza Teletovic,PHX,30,79,23,56,21.3,4.2,9.8,42.7,2.3,5.8,39.3,1.5,2.0,77.4,0.7,3.1,3.8,1.1,1.1,0.4,0.3,2.0,2,0,12.2,-2.1, PF,5500000.0
332,Mitch McGary,OKC,24,20,17,3,3.6,0.6,1.2,47.8,0.0,0.2,0.0,0.2,0.5,40.0,0.2,0.7,0.9,0.2,0.4,0.1,0.1,0.5,0,0,1.3,-2.5, PF,1463040.0
333,Mo Williams,CLE,33,41,27,14,18.2,3.2,7.4,43.7,0.9,2.5,35.3,0.9,1.0,90.5,0.1,1.6,1.8,2.4,1.4,0.3,0.1,1.5,0,0,8.2,-1.2, PG,2100000.0
334,Monta Ellis,IND,30,81,44,37,33.8,5.4,12.6,42.7,1.1,3.5,30.9,2.0,2.5,78.6,0.5,2.8,3.3,4.7,2.5,1.9,0.5,2.1,1,0,13.8,1.3, SG,10300000.0
335,Montrezl Harrell,HOU,22,39,17,22,9.7,1.5,2.3,64.4,0.0,0.0,0.0,0.6,1.2,52.2,0.6,1.0,1.7,0.4,0.4,0.3,0.3,1.2,0,0,3.6,1.0, PF,1000000.0
336,Myles Turner,IND,20,60,32,28,22.8,4.4,8.8,49.8,0.1,0.2,21.4,1.5,2.0,72.7,1.1,4.4,5.5,0.7,1.1,0.4,1.4,2.6,4,0,10.3,-1.2, C,2357760.0
337,Nate Robinson,NOP,32,2,0,2,11.6,0.0,0.5,0.0,0.0,0.5,0.0,0.0,0.0,0.0,0.0,0.0,0.0,2.0,0.0,0.5,0.0,2.5,0,0,0.0,-10.0, PG,44094.0
338,Nazr Mohammed,OKC,38,5,5,0,3.9,0.6,1.0,60.0,0.0,0.0,0.0,0.4,0.4,100.0,0.2,0.6,0.8,0.0,0.6,0.0,0.0,0.8,0,0,1.6,-0.6, C,222888.0
339,Nemanja Bjelica,MIN,28,60,20,40,17.9,1.8,3.9,46.8,0.8,2.1,38.4,0.7,0.9,72.7,0.8,2.7,3.5,1.4,0.8,0.4,0.4,2.6,3,0,5.1,-2.1, PF,3950001.0
340,Nene Hilario,WAS,33,57,28,29,19.2,3.7,6.7,54.4,0.0,0.1,0.0,1.9,3.2,57.8,0.9,3.6,4.5,1.7,1.3,0.9,0.5,2.7,1,0,9.2,0.6, C,13000000.0
341,Nerlens Noel,PHI,22,67,10,57,29.3,4.6,8.8,52.1,0.0,0.0,50.0,2.0,3.4,59.0,2.3,5.8,8.1,1.8,2.4,1.8,1.5,2.9,16,0,11.1,-6.9, PF,3457800.0
342,Nick Collison,OKC,35,59,39,20,11.9,0.8,1.8,45.9,0.0,0.0,0.0,0.4,0.6,69.7,1.2,1.7,2.9,0.9,0.8,0.3,0.3,1.8,0,0,2.1,0.4, PF,3750000.0
343,Nick Young,LAL,31,54,13,41,19.1,2.3,6.9,33.9,1.4,4.4,32.5,1.2,1.4,82.9,0.3,1.5,1.8,0.6,0.6,0.4,0.1,0.9,0,0,7.3,-3.7, SG,5219169.0
344,Nicolas Batum,CHA,27,70,41,29,35.0,5.3,12.5,42.6,2.0,5.7,34.8,2.3,2.7,84.9,0.8,5.3,6.1,5.8,2.9,0.9,0.6,1.6,11,2,14.9,3.0, SG,13125306.0
345,Nik Stauskas,PHI,22,73,8,65,24.8,2.9,7.5,38.5,1.5,4.5,32.6,1.2,1.6,77.1,0.3,2.2,2.5,1.9,1.3,0.6,0.3,1.6,0,0,8.5,-5.5, SG,2869440.0
346,Nikola Jokic,DEN,21,80,31,49,21.7,3.8,7.5,51.2,0.4,1.1,33.3,1.9,2.4,81.1,2.3,4.7,7.0,2.4,1.3,1.0,0.6,2.6,16,0,10.0,1.2, PF,1300000.0
347,Nikola Mirotic,CHI,25,66,37,29,24.9,3.8,9.2,40.7,2.0,5.2,39.0,2.2,2.7,80.7,0.9,4.6,5.5,1.5,1.5,0.9,0.7,2.3,5,0,11.8,0.6, PF,5543725.0
348,Nikola Pekovic,MIN,30,12,2,10,13.0,1.6,4.2,38.0,0.0,0.0,0.0,1.3,1.7,80.0,0.6,1.2,1.8,0.9,0.8,0.1,0.0,1.8,0,0,4.5,-5.3, C,12100000.0
349,Nikola Vucevic,ORL,25,65,28,37,31.3,8.2,16.1,51.0,0.0,0.1,22.2,1.7,2.3,75.3,2.7,6.2,8.9,2.8,1.9,0.8,1.1,2.7,29,0,18.2,-0.7, C,11250000.0
350,Noah Vonleh,POR,20,78,41,37,15.0,1.5,3.6,42.1,0.1,0.6,23.9,0.5,0.7,74.5,1.2,2.7,3.9,0.4,0.6,0.3,0.3,1.9,0,0,3.6,-0.8, PF,2637720.0
351,Norman Powell,TOR,23,49,32,17,14.8,2.0,4.7,42.4,0.7,1.8,40.4,0.9,1.1,81.1,0.3,1.9,2.3,1.0,0.7,0.6,0.2,1.2,0,0,5.6,1.3, SG,650000.0
352,Norris Cole,NOP,27,45,20,25,26.6,4.4,10.8,40.5,0.7,2.3,32.4,1.2,1.4,80.0,0.2,3.1,3.4,3.7,1.7,0.8,0.1,2.3,2,0,10.6,-2.3, PG,3036927.0
353,O.J. Mayo,MIL,28,41,17,24,26.6,2.9,7.8,37.1,1.3,4.0,32.1,0.8,1.0,77.5,0.3,2.2,2.6,2.9,1.8,1.2,0.2,3.1,0,0,7.8,-1.4, SG,5633000.0
354,Omer Asik,NOP,29,68,29,39,17.3,1.5,2.9,53.3,0.0,0.0,0.0,0.9,1.6,54.5,1.8,4.3,6.1,0.4,0.9,0.3,0.3,1.8,2,0,4.0,-3.0, C,9213483.0
355,Omri Casspi,SAC,28,69,27,42,27.3,4.3,9.0,48.1,1.6,4.0,40.9,1.5,2.3,64.8,0.8,5.1,5.9,1.4,1.4,0.8,0.2,2.2,6,0,11.8,0.1, SF,2836186.0
356,Orlando Johnson,NOP,27,7,1,6,14.5,1.3,4.9,26.5,0.3,1.4,20.0,0.9,1.1,75.0,0.6,1.6,2.1,0.3,0.6,0.4,0.4,1.3,0,0,3.7,-5.3, SG,55722.0
357,Otto Porter Jr.,WAS,23,75,36,39,30.3,4.5,9.6,47.3,1.3,3.6,36.7,1.3,1.7,75.4,1.3,3.9,5.2,1.6,0.9,1.4,0.4,2.2,5,0,11.6,0.6, SF,4662960.0
358,P.J. Hairston,MEM,23,66,31,35,19.9,2.2,6.2,35.5,1.1,3.7,29.0,0.8,1.0,78.1,0.4,2.3,2.6,0.6,0.6,0.5,0.2,2.1,1,0,6.2,-2.9, SF,1201440.0
359,P.J. Tucker,PHX,31,82,23,59,31.0,2.9,7.1,41.1,0.8,2.5,33.0,1.3,1.7,74.6,2.0,4.2,6.2,2.2,1.4,1.3,0.2,2.5,7,0,8.0,-4.3, SF,5500000.0
360,Pablo Prigioni,LAC,39,59,37,22,13.9,0.9,2.5,37.4,0.5,1.6,29.5,0.1,0.1,87.5,0.6,1.3,1.9,2.2,0.8,0.9,0.0,1.4,0,0,2.5,-1.1, PG,947726.0
361,Pat Connaughton,POR,23,34,17,17,4.2,0.4,1.4,26.5,0.1,0.6,23.8,0.1,0.1,100.0,0.3,0.6,0.9,0.3,0.3,0.1,0.0,0.2,0,0,1.1,-0.4, SG,625093.0
362,Patrick Beverley,HOU,27,71,35,36,28.7,3.6,8.4,43.4,1.7,4.4,40.0,0.8,1.2,68.2,1.0,2.5,3.5,3.4,1.3,1.3,0.4,3.3,1,0,9.9,1.9, PG,6486486.0
363,Patrick Patterson,TOR,27,79,54,25,25.6,2.6,6.2,41.4,1.3,3.7,36.2,0.4,0.4,85.3,1.0,3.4,4.3,1.2,0.8,0.7,0.4,1.6,0,0,6.9,5.1, PF,6268675.0
364,Patty Mills,SAS,27,81,66,15,20.5,3.2,7.6,42.5,1.5,4.0,38.4,0.6,0.7,81.0,0.3,1.6,2.0,2.8,0.9,0.7,0.1,1.3,0,0,8.5,4.7, PG,3578947.0
365,Pau Gasol,CHI,35,72,36,36,31.8,6.5,13.8,46.9,0.3,1.0,34.8,3.2,4.0,79.2,2.2,8.9,11.0,4.1,2.3,0.6,2.0,2.1,46,2,16.5,0.0, C,7448760.0
366,Paul George,IND,26,81,44,37,34.8,7.5,17.9,41.8,2.6,7.0,37.1,5.6,6.5,86.0,1.0,6.0,7.0,4.1,3.3,1.9,0.4,2.8,15,0,23.1,2.2, SF,17120106.0
367,Paul Millsap,ATL,31,81,48,33,32.7,6.2,13.2,47.0,0.9,2.9,31.9,3.8,5.0,75.7,2.4,6.6,9.0,3.3,2.4,1.8,1.7,2.9,32,0,17.1,2.7, PF,18671659.0
368,Paul Pierce,LAC,38,68,44,24,18.1,2.1,5.8,36.3,1.1,3.6,31.0,0.8,1.0,81.8,0.2,2.6,2.7,1.0,0.9,0.5,0.3,1.9,0,0,6.1,0.8, SF,3376000.0
369,Phil Pressey,POR,25,23,3,20,12.3,1.3,3.4,38.5,0.2,0.8,22.2,0.6,1.1,52.0,0.1,1.2,1.3,3.3,1.4,0.8,0.2,1.2,0,0,3.3,-1.7, PG,55722.0
370,Quincy Acy,SAC,25,59,21,38,14.8,2.0,3.6,55.6,0.3,0.8,38.8,0.8,1.2,73.5,1.1,2.1,3.2,0.5,0.5,0.5,0.4,1.7,0,0,5.2,-2.2, SF,981348.0
371,R.J. Hunter,BOS,22,36,21,15,8.7,1.0,2.7,36.7,0.5,1.8,30.2,0.2,0.2,85.7,0.1,1.0,1.0,0.4,0.3,0.4,0.1,0.8,0,0,2.7,-0.8, SG,1148640.0
372,Rajon Rondo,SAC,30,72,29,43,35.2,4.9,10.9,45.4,0.9,2.4,36.5,1.2,2.1,58.0,1.1,5.0,6.0,11.7,3.9,2.0,0.1,2.4,37,6,11.9,-2.1, PG,9500000.0
373,Rakeem Christmas,IND,24,1,1,0,6.1,2.0,2.0,100.0,0.0,0.0,0.0,0.0,0.0,0.0,1.0,0.0,1.0,0.0,0.0,0.0,0.0,1.0,0,0,4.0,-10.0, PF,1007026.0
374,Ramon Sessions,WAS,30,82,41,41,20.3,3.4,7.2,47.3,0.4,1.4,32.4,2.6,3.5,75.6,0.3,2.2,2.5,2.9,1.4,0.6,0.1,1.2,3,0,9.9,-0.7, PG,2170465.0
375,Randy Foye,OKC,32,81,37,44,20.3,2.1,6.0,35.1,0.9,3.1,30.0,0.8,0.9,82.4,0.3,1.6,1.9,2.0,1.1,0.5,0.4,1.6,0,0,5.9,0.3, SG,3135000.0
376,Rashad Vaughn,MIL,19,70,30,40,14.3,1.2,3.8,30.5,0.6,2.1,29.3,0.2,0.2,80.0,0.2,1.1,1.3,0.6,0.4,0.4,0.2,1.0,0,0,3.1,-2.1, SG,1733040.0
377,Rasual Butler,SAS,37,46,41,5,9.4,1.1,2.3,47.1,0.3,1.1,30.6,0.2,0.3,68.8,0.1,1.2,1.2,0.5,0.2,0.3,0.5,0.2,0,0,2.7,1.7, SF,854389.0
378,Raul Neto,UTA,24,81,40,41,18.5,2.2,5.2,43.1,0.8,2.0,39.5,0.6,0.9,74.3,0.2,1.3,1.5,2.1,1.3,0.8,0.0,1.5,0,0,5.9,0.9, PG,900000.0
379,Ray McCallum,SAS,25,41,30,11,11.6,1.3,3.6,37.7,0.4,1.0,35.7,0.3,0.4,80.0,0.2,1.0,1.1,1.5,0.6,0.3,0.2,0.7,0,0,3.3,0.5, PG,947276.0
380,Raymond Felton,DAL,32,80,40,40,27.4,3.5,8.5,40.6,0.8,2.7,28.2,1.9,2.2,84.7,0.5,2.8,3.2,3.6,1.5,0.9,0.2,1.8,3,1,9.5,-0.8, PG,3950313.0
381,Reggie Bullock,DET,25,37,22,15,11.6,1.2,2.6,43.9,0.6,1.4,41.5,0.4,0.4,93.3,0.4,1.5,1.8,0.7,0.2,0.3,0.1,0.8,0,0,3.3,-1.6, SF,1252440.0
382,Reggie Jackson,DET,26,79,43,36,30.7,6.8,15.7,43.4,1.5,4.2,35.3,3.7,4.3,86.4,0.7,2.5,3.2,6.2,2.8,0.7,0.1,2.4,9,0,18.8,1.6, PG,13913044.0
383,Richard Jefferson,CLE,36,74,51,23,17.9,1.9,4.2,45.8,0.9,2.3,38.2,0.8,1.2,66.7,0.2,1.5,1.7,0.8,0.6,0.4,0.2,1.7,0,0,5.5,-0.6, SF,2445000.0
384,Richaun Holmes,PHI,22,51,7,44,13.8,2.2,4.4,51.4,0.2,0.9,18.2,1.0,1.5,68.9,1.2,1.4,2.6,0.6,0.6,0.4,0.8,1.8,0,0,5.6,-1.0, PF,1074169.0
385,Ricky Rubio,MIN,25,76,28,48,30.6,2.9,7.7,37.4,0.8,2.5,32.6,3.5,4.1,84.7,0.5,3.8,4.3,8.7,2.5,2.1,0.1,2.6,14,0,10.1,0.2, PG,12700000.0
386,Robert Covington,PHI,25,67,10,57,28.4,4.1,10.6,38.5,2.5,7.2,35.3,2.1,2.6,79.1,1.0,5.3,6.3,1.4,2.1,1.6,0.6,3.5,7,0,12.8,-4.2, SF,1000000.0
387,Robert Sacre,LAL,27,25,2,23,12.8,1.2,3.0,41.3,0.0,0.0,0.0,1.0,1.5,65.8,1.3,1.6,2.9,0.6,0.5,0.2,0.4,1.7,0,0,3.5,-1.3, C,981348.0
388,Robin Lopez,NYK,28,82,32,50,27.1,4.4,8.1,53.9,0.0,0.0,0.0,1.6,2.0,79.5,3.3,4.1,7.3,1.4,1.6,0.2,1.6,2.2,15,0,10.3,-1.2, C,12650000.0
389,Rodney Hood,UTA,23,79,39,40,32.2,5.2,12.3,42.0,2.0,5.7,35.9,2.2,2.5,86.0,0.5,2.9,3.4,2.7,1.6,0.9,0.2,2.6,0,0,14.5,1.7, SG,1348440.0
390,Rodney Stuckey,IND,30,58,33,25,22.0,3.2,7.6,41.3,0.3,1.4,24.1,2.3,2.7,82.9,0.3,2.4,2.7,2.4,1.3,0.7,0.1,1.3,0,0,8.9,0.2, PG,7000000.0
391,Rondae Hollis-Jefferson,BKN,21,29,7,22,21.2,2.2,4.8,45.7,0.1,0.5,28.6,1.3,1.8,71.2,1.3,4.0,5.3,1.5,0.9,1.3,0.6,2.1,2,0,5.8,-2.1, SF,1335480.0
392,Ronnie Price,PHX,33,62,20,42,19.5,1.9,4.9,38.4,1.1,3.2,34.7,0.5,0.7,75.6,0.4,1.2,1.6,2.4,1.1,1.2,0.2,2.6,0,0,5.3,-1.2, PG,947276.0
393,Roy Hibbert,LAL,29,81,17,64,23.2,2.2,5.1,44.3,0.0,0.0,0.0,1.4,1.8,80.7,1.6,3.3,4.9,1.2,0.9,0.4,1.4,3.1,3,0,5.9,-8.4, C,15592217.0
394,Rudy Gay,SAC,29,70,29,41,34.0,6.7,14.4,46.3,1.1,3.1,34.4,2.8,3.6,78.0,1.5,5.0,6.5,1.7,2.0,1.4,0.7,2.6,7,0,17.2,-1.2, SF,12403101.0
395,Rudy Gobert,UTA,24,61,33,28,31.7,3.2,5.8,55.9,0.0,0.0,0.0,2.6,4.6,56.9,3.4,7.5,11.0,1.5,1.9,0.7,2.2,2.7,20,0,9.1,2.5, C,1175880.0
396,Russ Smith,MEM,25,15,6,9,4.4,0.5,1.5,31.8,0.1,0.3,20.0,0.5,0.9,61.5,0.1,0.5,0.6,0.7,0.5,0.3,0.1,0.3,0,0,1.5,-2.7, PG,845059.0
397,Russell Westbrook,OKC,27,80,55,25,34.4,8.2,18.1,45.4,1.3,4.3,29.6,5.8,7.2,81.2,1.8,6.0,7.8,10.4,4.3,2.0,0.3,2.5,54,18,23.5,7.9, PG,16744218.0
398,Ryan Anderson,NOP,28,66,24,42,30.4,6.0,14.1,42.7,2.0,5.4,36.6,3.0,3.5,87.3,2.0,4.0,6.0,1.1,1.4,0.6,0.4,1.7,8,0,17.0,0.5, PF,18740000.0
399,Ryan Hollins,MEM,31,37,18,19,12.4,1.3,2.1,62.0,0.0,0.0,0.0,0.7,1.1,61.9,1.3,1.4,2.6,0.3,0.6,0.2,0.6,1.7,0,0,3.4,-4.0, C,239605.0
400,Ryan Kelly,LAL,25,36,3,33,13.1,1.5,4.1,36.9,0.1,1.0,13.5,1.0,1.5,68.5,0.6,2.8,3.4,0.6,0.5,0.4,0.3,1.1,0,0,4.2,0.0, PF,1724250.0
401,Salah Mejri,DAL,30,34,16,18,11.7,1.4,2.3,62.8,0.0,0.0,0.0,0.8,1.4,58.7,1.2,2.4,3.6,0.3,0.7,0.2,1.1,1.6,3,0,3.7,1.2, C,525093.0
402,Sam Dekker,HOU,22,3,1,2,2.0,0.0,0.0,0.0,0.0,0.0,0.0,0.0,0.0,0.0,0.0,0.3,0.3,0.0,0.0,0.3,0.0,0.0,0,0,0.0,-0.7, SF,1646400.0
403,Sasha Kaun,CLE,31,25,18,7,3.8,0.4,0.7,52.9,0.0,0.0,0.0,0.2,0.4,45.5,0.5,0.6,1.0,0.1,0.3,0.2,0.2,0.4,0,0,0.9,-0.2, C,1276000.0
404,Sasha Vujacic,NYK,32,61,22,39,14.9,1.7,4.5,38.3,0.9,2.3,36.4,0.5,0.6,82.1,0.4,2.0,2.4,1.4,0.7,0.6,0.1,1.4,0,0,4.9,-0.7, SG,1411000.0
405,Sean Kilpatrick,BKN,26,31,7,24,19.9,4.0,8.7,45.6,1.3,3.7,34.2,1.9,2.2,89.6,0.4,1.4,1.8,0.9,1.0,0.4,0.1,1.2,0,0,11.1,-4.7, SG,134215.0
406,Serge Ibaka,OKC,26,78,54,24,32.1,5.3,11.1,47.9,0.8,2.4,32.6,1.2,1.6,75.2,1.8,5.0,6.8,0.8,1.4,0.5,1.9,2.7,9,0,12.6,6.8, PF,12250000.0
407,Sergey Karasev,BKN,22,40,9,31,10.0,0.8,1.9,40.5,0.3,0.9,29.7,0.7,0.7,92.9,0.2,1.3,1.5,0.9,0.6,0.2,0.1,0.7,0,0,2.4,-0.2, SG,1599840.0
408,Seth Curry,SAC,25,44,17,27,15.7,2.3,5.1,45.5,1.1,2.5,45.0,1.0,1.2,83.3,0.2,1.2,1.4,1.5,0.8,0.5,0.1,0.9,1,0,6.8,-0.9, SG,3028000.0
409,Shabazz Muhammad,MIN,23,82,29,53,20.5,3.9,8.3,46.5,0.5,1.9,28.9,2.3,3.0,76.4,1.2,2.0,3.3,0.6,0.9,0.3,0.1,1.1,0,0,10.5,-3.3, SF,2056920.0
410,Shabazz Napier,ORL,24,55,23,32,10.9,1.2,3.7,33.8,0.6,1.9,32.7,0.6,0.8,73.3,0.2,0.8,1.0,1.8,0.8,0.4,0.0,0.7,0,0,3.7,-1.0, PG,1294440.0
411,Shane Larkin,BKN,23,78,20,58,22.4,2.8,6.4,44.2,0.5,1.4,36.1,1.1,1.4,77.6,0.4,1.9,2.3,4.4,1.9,1.2,0.2,1.6,0,0,7.3,-4.4, PG,1500000.0
412,Shaun Livingston,GSW,30,78,69,9,19.5,2.6,4.9,53.6,0.0,0.2,16.7,1.0,1.2,86.0,0.5,1.6,2.2,3.0,1.0,0.7,0.3,1.8,0,0,6.3,2.7, PG,5543725.0
413,Shayne Whittington,IND,25,7,4,3,5.8,0.7,1.6,45.5,0.0,0.3,0.0,0.1,0.3,50.0,0.7,1.0,1.7,0.4,0.7,0.1,0.1,1.0,0,0,1.6,-0.9, PF,845059.0
414,Shelvin Mack,UTA,26,52,27,25,20.3,3.5,8.0,43.9,0.8,2.4,31.2,0.9,1.2,73.8,0.3,2.2,2.5,3.6,1.8,0.7,0.1,1.4,3,0,8.6,1.9, PG,2433333.0
415,Solomon Hill,IND,25,59,31,28,14.7,1.6,3.5,44.7,0.4,1.3,32.4,0.6,0.7,85.7,0.7,2.2,2.8,1.0,0.6,0.6,0.2,1.2,1,0,4.2,0.8, SF,1358880.0
416,Sonny Weems,PHX,29,43,6,37,11.6,1.0,2.6,38.2,0.3,1.0,36.6,0.2,0.3,53.3,0.2,1.1,1.2,1.1,1.0,0.2,0.0,1.1,0,0,2.5,-2.3, SG,2814000.0
417,Spencer Dinwiddie,CHI,23,12,5,7,13.3,1.6,4.5,35.2,0.1,0.8,10.0,1.6,2.8,57.6,0.3,1.1,1.4,1.8,0.6,0.3,0.0,1.7,0,0,4.8,-4.7, PG,845059.0
418,Spencer Hawes,CHA,28,57,30,27,18.2,2.2,5.4,40.5,0.7,1.8,37.3,0.9,1.1,83.1,0.9,3.4,4.3,1.9,1.0,0.4,0.5,1.9,1,0,6.0,0.8, PF,6110034.0
419,Stanley Johnson,DET,20,73,37,36,23.1,3.1,8.2,37.5,0.9,2.8,30.7,1.1,1.4,78.4,0.8,3.4,4.2,1.6,1.6,0.8,0.2,2.4,3,0,8.1,-1.9, SF,2841960.0
420,Stephen Curry,GSW,28,79,71,8,34.2,10.2,20.2,50.4,5.1,11.2,45.4,4.6,5.1,90.8,0.9,4.6,5.4,6.7,3.3,2.1,0.2,2.0,15,2,30.1,12.9, PG,11370786.0
421,Steve Blake,DET,36,58,34,24,17.0,1.6,4.1,38.8,0.9,2.6,34.4,0.3,0.3,80.0,0.2,1.4,1.5,3.4,1.4,0.4,0.1,1.2,0,0,4.4,-1.0, PG,2170465.0
422,Steve Novak,MIL,33,10,8,2,4.4,0.8,1.8,44.4,0.7,1.5,46.7,0.1,0.1,100.0,0.0,0.5,0.5,0.0,0.1,0.0,0.0,0.3,0,0,2.4,0.7, SF,295327.0
423,Steven Adams,OKC,22,80,54,26,25.2,3.3,5.3,61.3,0.0,0.0,0.0,1.4,2.5,58.2,2.7,3.9,6.7,0.8,1.1,0.5,1.1,2.8,6,0,8.0,6.0, C,2279040.0
424,T.J. McConnell,PHI,24,81,10,71,19.8,2.7,5.7,47.0,0.4,1.1,34.8,0.3,0.5,63.4,0.5,2.6,3.1,4.5,1.7,1.2,0.1,1.4,0,0,6.1,-3.4, PG,
425,TJ Warren,PHX,22,47,14,33,22.8,4.7,9.4,50.1,0.6,1.5,40.0,1.0,1.4,70.3,1.2,1.9,3.1,0.9,0.7,0.8,0.3,2.0,1,0,11.0,-2.4, SF,2041080.0
426,Taj Gibson,CHI,31,73,37,36,26.5,3.6,6.8,52.6,0.0,0.0,0.0,1.4,2.0,69.2,2.8,4.1,6.9,1.5,1.1,0.6,1.1,2.5,7,0,8.6,-2.1, PF,8500000.0
427,Tarik Black,LAL,24,39,6,33,12.7,1.5,2.7,54.8,0.0,0.0,0.0,0.5,1.2,42.2,1.1,2.9,4.0,0.4,0.6,0.4,0.5,2.0,0,0,3.4,0.5, C,6191000.0
428,Tayshaun Prince,MIN,36,77,27,50,19.0,1.3,3.0,44.5,0.1,0.3,17.4,0.2,0.2,68.4,0.4,1.5,1.9,1.0,0.4,0.5,0.2,0.8,0,0,2.9,-1.7, SF,1499000.0
429,Terrence Jones,HOU,24,50,24,26,20.9,3.3,7.3,45.2,0.5,1.6,31.6,1.5,2.3,66.4,1.2,3.0,4.2,0.8,1.0,0.5,0.8,1.7,0,0,8.7,-4.8, PF,2489530.0
430,Terrence Ross,TOR,25,73,53,20,23.9,3.7,8.6,43.1,1.8,4.6,38.8,0.7,0.8,79.0,0.3,2.2,2.5,0.8,0.6,0.7,0.3,1.6,1,0,9.9,3.4, SF,3553917.0
431,Terry Rozier,BOS,22,39,24,15,8.0,0.7,2.7,27.4,0.2,0.7,22.2,0.2,0.3,80.0,0.6,1.0,1.6,0.9,0.5,0.2,0.0,0.6,0,0,1.8,-1.2, PG,1824360.0
432,Thabo Sefolosha,ATL,32,75,42,33,23.4,2.5,4.9,50.7,0.6,1.6,34.1,0.8,1.3,62.6,0.7,3.8,4.5,1.4,0.9,1.1,0.5,1.5,1,0,6.4,-0.3, SF,4000000.0
433,Thaddeus Young,BKN,28,73,21,52,33.0,6.8,13.2,51.4,0.1,0.4,23.3,1.4,2.2,64.4,2.4,6.6,9.0,1.9,1.9,1.5,0.5,2.5,28,0,15.1,-3.2, PF,11235955.0
434,Thanasis Antetokounmpo,NYK,23,2,1,1,3.1,1.5,2.0,75.0,0.0,0.5,0.0,0.0,0.0,0.0,0.0,0.5,0.5,0.0,0.0,0.0,0.0,1.0,0,0,3.0,-3.0, SF,30888.0
435,Thomas Robinson,BKN,25,71,16,55,12.9,1.8,4.1,44.7,0.0,0.0,0.0,0.7,1.5,43.1,1.9,3.1,5.1,0.6,1.0,0.5,0.5,1.6,8,0,4.3,-3.9, PF,981348.0
436,Tiago Splitter,ATL,31,36,21,15,16.1,2.3,4.3,52.3,0.0,0.1,0.0,1.1,1.3,81.3,1.3,2.1,3.3,0.8,0.7,0.6,0.3,2.0,0,0,5.6,2.8, C,9756250.0
437,Tibor Pleiss,UTA,26,12,7,5,6.8,0.9,2.1,44.0,0.0,0.2,0.0,0.2,0.2,100.0,0.5,0.8,1.3,0.2,0.7,0.1,0.2,1.6,0,0,2.0,-1.3, C,2900000.0
438,Tim Duncan,SAS,40,61,50,11,25.2,3.5,7.2,48.8,0.0,0.0,0.0,1.5,2.1,70.2,1.9,5.4,7.3,2.7,1.5,0.8,1.3,2.0,11,0,8.6,7.0, C,5250000.0
439,Tim Frazier,NOP,25,51,25,26,14.5,1.9,4.5,41.9,0.3,0.9,33.3,1.0,1.5,71.6,0.5,1.6,2.2,3.2,1.3,0.6,0.0,1.4,2,0,5.1,-0.6, PG,2000000.0
440,Tim Hardaway Jr.,ATL,24,51,29,22,16.9,2.2,5.2,43.0,0.9,2.8,33.6,1.0,1.1,89.3,0.1,1.5,1.7,1.0,0.5,0.4,0.1,0.9,0,0,6.4,2.0, SG,1304520.0
441,Timofey Mozgov,CLE,29,76,52,24,17.4,2.7,4.7,56.5,0.0,0.1,14.3,0.9,1.3,71.6,1.4,3.0,4.4,0.4,0.9,0.3,0.8,2.1,2,0,6.3,0.0, C,4950000.0
442,Tobias Harris,DET,23,76,37,39,33.1,5.5,11.7,46.9,1.1,3.1,33.5,2.7,3.2,83.1,1.3,5.4,6.7,2.2,1.4,0.9,0.5,2.0,12,0,14.7,0.3, SF,16000000.0
443,Toney Douglas,NOP,30,61,22,39,20.7,3.0,7.3,41.1,1.3,3.3,39.9,1.4,1.6,84.8,0.4,1.9,2.3,2.6,1.0,1.1,0.1,2.1,1,0,8.7,-2.3, PG,1164858.0
444,Tony Allen,MEM,34,64,34,30,25.3,3.4,7.3,45.8,0.2,0.7,35.7,1.4,2.2,65.2,1.6,3.0,4.6,1.1,1.2,1.7,0.3,2.7,1,0,8.4,-1.4, SG,5158539.0
445,Tony Parker,SAS,34,72,59,13,27.5,4.9,9.9,49.3,0.4,0.9,41.5,1.8,2.4,76.0,0.2,2.2,2.4,5.3,1.8,0.8,0.2,1.6,3,0,11.9,5.7, PG,13437500.0
446,Tony Snell,CHI,24,64,33,31,20.3,2.0,5.3,37.2,0.9,2.4,36.1,0.5,0.5,90.9,0.3,2.8,3.1,1.0,0.8,0.3,0.3,1.6,1,0,5.3,1.5, SG,1535880.0
447,Tony Wroten,NYK,23,8,0,8,18.0,2.8,8.1,33.8,0.4,2.1,17.6,2.5,4.6,54.1,0.3,2.4,2.6,2.5,3.6,0.4,0.0,1.4,0,0,8.4,-8.5, SG,167406.0
448,Trevor Ariza,HOU,31,81,40,41,35.3,4.4,10.6,41.6,2.3,6.2,37.1,1.6,2.0,78.3,0.8,3.7,4.5,2.3,1.4,2.0,0.3,2.2,1,0,12.7,0.5, SF,8193030.0
449,Trevor Booker,UTA,28,79,39,40,20.7,2.4,4.9,49.0,0.2,0.5,29.3,0.9,1.3,67.0,2.1,3.6,5.7,1.1,1.0,0.7,0.5,2.1,4,0,5.9,0.8, PF,4775000.0
450,Trey Burke,UTA,23,64,31,33,21.3,4.1,9.9,41.3,1.4,4.0,34.4,1.0,1.3,81.7,0.3,1.5,1.8,2.3,1.3,0.5,0.1,1.3,0,0,10.6,0.0, PG,2658240.0
451,Trey Lyles,UTA,20,80,38,42,17.3,2.4,5.5,43.8,0.6,1.6,38.3,0.7,1.0,69.5,0.7,3.0,3.7,0.7,0.8,0.3,0.2,1.4,2,0,6.1,-0.6, PF,2239800.0
452,Tristan Thompson,CLE,25,82,57,25,27.7,3.0,5.1,58.8,0.0,0.0,0.0,1.8,3.0,61.6,3.3,5.7,9.0,0.8,0.7,0.5,0.6,2.5,23,0,7.8,4.4, C,14260870.0
453,Troy Daniels,CHA,24,43,25,18,11.1,2.1,4.3,47.6,1.4,2.8,48.4,0.1,0.2,55.6,0.2,1.2,1.3,0.5,0.6,0.3,0.1,0.9,0,0,5.6,-1.0, SG,947276.0
454,Ty Lawson,IND,28,66,31,35,21.4,2.1,5.4,39.3,0.5,1.6,33.3,0.9,1.3,68.6,0.4,1.4,1.8,3.6,1.4,0.8,0.1,1.3,1,0,5.7,-2.4, PG,211744.0
455,Tyler Ennis,MIL,21,46,17,29,14.2,1.8,4.1,44.9,0.3,0.8,33.3,0.5,0.7,73.5,0.3,1.3,1.6,2.1,1.0,0.5,0.0,1.4,0,0,4.5,-1.5, PG,1662360.0
456,Tyler Hansbrough,CHA,30,44,28,16,7.8,0.7,1.6,45.1,0.0,0.1,66.7,0.9,1.5,58.5,0.9,1.1,2.0,0.2,0.3,0.3,0.2,1.3,1,0,2.4,-0.8, PF,947276.0
457,Tyler Johnson,MIA,24,36,19,17,24.0,3.3,6.8,48.6,0.8,2.0,38.0,1.4,1.8,79.7,0.8,2.3,3.0,2.2,1.3,0.7,0.4,1.8,0,0,8.7,0.3, SG,854059.0
458,Tyler Zeller,BOS,26,60,38,22,11.8,2.3,4.8,47.6,0.0,0.0,0.0,1.5,1.8,81.5,1.0,1.9,3.0,0.5,0.8,0.2,0.4,1.6,1,0,6.1,-1.1, C,2616975.0
459,Tyreke Evans,NOP,26,25,11,14,30.6,5.4,12.6,43.3,1.3,3.4,38.8,3.0,3.7,79.6,0.8,4.4,5.2,6.6,2.9,1.3,0.3,2.6,6,0,15.2,-0.6, SG,10734586.0
460,Tyson Chandler,PHX,33,66,18,48,24.5,2.8,4.8,58.3,0.0,0.0,0.0,1.6,2.6,62.0,2.7,6.1,8.7,1.0,1.4,0.5,0.7,2.2,20,0,7.2,-6.0, C,13000000.0
461,Tyus Jones,MIN,20,37,13,24,15.5,1.5,4.2,35.9,0.4,1.4,30.2,0.8,1.1,71.8,0.2,1.1,1.3,2.9,0.9,0.8,0.1,0.9,0,0,4.2,-3.6, PG,1282080.0
462,Udonis Haslem,MIA,36,37,25,12,7.0,0.6,1.6,37.7,0.0,0.2,11.1,0.3,0.4,78.6,0.3,1.8,2.0,0.4,0.1,0.1,0.1,0.7,0,0,1.6,-0.5, PF,4000000.0
463,Victor Oladipo,ORL,24,72,32,40,33.0,5.9,13.5,43.8,1.4,3.9,34.8,2.8,3.4,83.0,0.7,4.1,4.8,3.9,2.1,1.6,0.8,2.4,3,1,16.0,-0.3, SG,5192520.0
464,Vince Carter,MEM,39,60,33,27,16.8,2.2,5.7,38.8,1.0,2.8,34.9,1.2,1.4,83.3,0.5,1.9,2.4,0.9,0.6,0.6,0.3,1.7,0,0,6.6,-0.6, SG,4088019.0
465,Walter Tavares,ATL,24,11,7,4,6.6,1.0,1.7,57.9,0.0,0.0,0.0,0.3,0.7,37.5,0.6,1.3,1.9,0.3,0.5,0.1,0.5,0.7,0,0,2.3,-0.9, C,1000000.0
466,Wayne Ellington,BKN,28,76,18,58,21.3,2.9,7.4,38.9,1.3,3.5,35.8,0.7,0.8,85.7,0.3,2.0,2.3,1.1,0.6,0.6,0.1,1.1,0,0,7.7,-4.2, SG,1500000.0
467,Wesley Johnson,LAC,28,80,51,29,20.8,2.6,6.4,40.4,1.3,3.9,33.3,0.4,0.6,65.2,0.5,2.6,3.1,0.6,0.7,1.1,0.7,2.2,0,0,6.9,1.5, SF,5628000.0
468,Wesley Matthews,DAL,29,78,40,38,33.9,4.2,10.9,38.8,2.4,6.7,36.0,1.6,1.9,86.3,0.3,2.7,3.1,1.9,1.0,1.0,0.2,2.3,0,0,12.5,1.3, SG,16410000.0
469,Will Barton,DEN,25,82,33,49,28.7,5.2,12.0,43.2,1.4,4.0,34.5,2.6,3.3,80.6,0.7,5.1,5.8,2.5,1.7,0.9,0.5,1.8,6,0,14.4,-1.6, SG,3533333.0
470,Willie Cauley-Stein,SAC,22,66,26,40,21.4,2.9,5.1,56.3,0.0,0.0,0.0,1.2,1.9,64.8,2.0,3.3,5.3,0.6,0.7,0.7,1.0,2.2,3,0,7.0,-1.2, C,3398280.0
471,Willie Reed,BKN,26,39,8,31,10.9,1.9,3.4,57.1,0.0,0.0,0.0,0.8,1.4,54.5,1.3,1.9,3.1,0.3,0.4,0.2,0.8,1.2,0,0,4.7,-2.1, PF,1016000.0
472,Xavier Munford,MEM,24,14,3,11,17.4,2.3,5.5,41.6,0.6,1.6,39.1,0.5,1.0,50.0,0.2,2.0,2.2,1.6,1.1,0.9,0.2,1.8,0,0,5.7,-1.8, PG,874636.0
473,Zach LaVine,MIN,21,82,29,53,28.0,5.3,11.7,45.2,1.5,3.9,38.9,2.0,2.5,79.3,0.3,2.5,2.8,3.1,1.9,0.8,0.2,2.4,0,0,14.0,-3.6, PG,2148360.0
474,Zach Randolph,MEM,34,68,37,31,29.7,6.3,13.3,47.5,0.1,0.4,23.1,2.5,3.2,79.6,2.6,5.1,7.8,2.1,1.5,0.6,0.2,2.1,17,1,15.3,-0.2, PF,9638555.0
475,Zaza Pachulia,DAL,32,76,40,36,26.4,2.9,6.2,46.6,0.0,0.0,0.0,2.8,3.6,76.8,3.3,6.2,9.4,1.7,1.6,0.8,0.3,2.4,26,0,8.6,0.0, C,5200000.0
