,PLAYER,TEAM,AGE,GP,W,L,MIN,PTS,FGM,FGA,FG%,15:00:00,3PA,3P%,FTM,FTA,FT%,OREB,DREB,REB,AST,TOV,STL,BLK,PF,DD2,TD3,+/-,PosicAbbrev
0,Aaron Brooks,CHI,31,69,36,33,1108,0.4,0.2,0.4,40.1,0.1,0.2,35.7,0.0,0.1,76.6,0.0,0.1,0.1,0.2,0.1,0.0,0.0,0.1,0,0,-0.0, PG
1,Aaron Gordon,ORL,20,78,32,46,1863,0.4,0.1,0.3,47.3,0.0,0.1,29.6,0.1,0.1,66.8,0.1,0.2,0.3,0.1,0.0,0.0,0.0,0.1,12,0,-0.0, PF
2,Aaron Harrison,CHA,21,21,15,6,93,0.2,0.1,0.2,26.3,0.0,0.1,30.0,0.1,0.1,41.7,0.0,0.1,0.2,0.0,0.0,0.1,0.0,0.1,0,0,-0.1, SG
3,Adreian Payne,MIN,25,52,18,34,486,0.3,0.1,0.3,36.6,0.0,0.1,28.1,0.0,0.1,65.4,0.0,0.2,0.2,0.1,0.1,0.0,0.0,0.2,0,0,-0.3, PF
4,Al Horford,ATL,30,82,48,34,2631,0.5,0.2,0.4,50.5,0.0,0.1,34.4,0.0,0.1,79.8,0.1,0.2,0.2,0.1,0.0,0.0,0.1,0.1,17,0,0.1, C
5,Al Jefferson,CHA,31,47,33,14,1096,0.5,0.2,0.5,48.5,0.0,0.0,0.0,0.1,0.1,64.9,0.1,0.2,0.3,0.1,0.0,0.0,0.0,0.1,7,0,0.0, C
6,Al-Farouq Aminu,POR,25,82,44,38,2341,0.4,0.1,0.3,41.6,0.1,0.1,36.1,0.1,0.1,73.7,0.0,0.2,0.2,0.1,0.1,0.0,0.0,0.1,8,0,0.0, SF
7,Alan Anderson,WAS,33,13,8,5,192,0.3,0.1,0.3,35.6,0.1,0.2,32.4,0.1,0.1,73.3,0.0,0.1,0.1,0.1,0.0,0.0,0.0,0.1,0,0,0.2, SG
8,Alan Williams,PHX,23,10,3,7,68,0.4,0.1,0.3,41.7,0.0,0.0,0.0,0.1,0.2,64.3,0.2,0.3,0.6,0.1,0.1,0.1,0.1,0.2,1,0,0.0, PF
9,Alec Burks,UTA,24,31,13,18,797,0.5,0.2,0.4,41.0,0.0,0.1,40.5,0.1,0.2,75.2,0.0,0.1,0.1,0.1,0.1,0.0,0.0,0.1,0,0,-0.0, SG
10,Alex Len,PHX,23,78,23,55,1821,0.4,0.1,0.3,42.3,0.0,0.0,14.3,0.1,0.1,72.8,0.1,0.2,0.3,0.1,0.1,0.0,0.0,0.1,19,0,-0.2, C
11,Alex Stepheson,MEM,28,8,2,6,72,0.3,0.1,0.4,33.3,0.0,0.0,0.0,0.1,0.2,33.3,0.3,0.1,0.4,0.0,0.0,0.0,0.1,0.2,1,0,-0.0, PF
12,Alexis Ajinca,NOP,28,59,20,39,861,0.4,0.2,0.4,47.6,0.0,0.0,0.0,0.1,0.1,83.9,0.1,0.2,0.3,0.0,0.1,0.0,0.0,0.2,4,0,-0.1, C
13,Allen Crabbe,POR,24,81,43,38,2105,0.4,0.1,0.3,45.9,0.1,0.1,39.3,0.1,0.1,86.7,0.0,0.1,0.1,0.1,0.0,0.0,0.0,0.1,0,0,0.0, SG
14,Alonzo Gee,NOP,29,73,27,46,1632,0.2,0.1,0.2,51.8,0.0,0.0,28.3,0.0,0.0,66.7,0.0,0.1,0.1,0.0,0.0,0.0,0.0,0.1,0,0,-0.1, SF
15,Amar'e Stoudemire,MIA,33,52,30,22,762,0.4,0.2,0.3,56.6,0.0,0.0,0.0,0.1,0.1,74.6,0.1,0.2,0.3,0.0,0.1,0.0,0.1,0.1,2,0,0.0, C
16,Amir Johnson,BOS,29,79,45,34,1800,0.3,0.1,0.2,58.5,0.0,0.0,23.3,0.0,0.1,57.0,0.1,0.2,0.3,0.1,0.1,0.0,0.1,0.1,8,0,0.1, PF
17,Anderson Varejao,GSW,33,53,41,12,496,0.3,0.1,0.3,42.7,0.0,0.0,0.0,0.1,0.1,64.0,0.1,0.2,0.3,0.1,0.0,0.0,0.0,0.1,0,0,0.0, C
18,Andre Drummond,DET,22,81,43,38,2666,0.5,0.2,0.4,52.1,0.0,0.0,33.3,0.1,0.2,35.5,0.1,0.3,0.5,0.0,0.1,0.0,0.0,0.1,66,0,0.1, C
19,Andre Iguodala,GSW,32,65,59,6,1732,0.3,0.1,0.2,47.8,0.0,0.1,35.1,0.0,0.1,61.4,0.0,0.1,0.1,0.1,0.1,0.0,0.0,0.1,1,0,0.3, SF
20,Andre Miller,SAS,40,39,20,19,461,0.3,0.1,0.2,55.7,0.0,0.0,25.0,0.1,0.1,75.0,0.0,0.1,0.1,0.2,0.1,0.0,0.0,0.1,0,0,0.1, PG
21,Andre Roberson,OKC,24,70,48,22,1553,0.2,0.1,0.2,49.6,0.0,0.1,31.1,0.0,0.0,61.1,0.1,0.1,0.2,0.0,0.0,0.0,0.0,0.1,0,0,0.2, SF
22,Andrea Bargnani,BKN,30,46,11,35,634,0.5,0.2,0.4,45.5,0.0,0.0,18.8,0.1,0.1,82.5,0.0,0.1,0.1,0.0,0.0,0.0,0.0,0.1,0,0,-0.3, C
23,Andrew Bogut,GSW,31,70,62,8,1451,0.3,0.1,0.2,62.7,0.0,0.0,100,0.0,0.0,48.0,0.1,0.3,0.3,0.1,0.1,0.0,0.1,0.1,5,0,0.3, C
24,Andrew Goudelock,HOU,27,8,5,3,50,0.4,0.2,0.4,45.0,0.0,0.2,11.1,0.1,0.1,75.0,0.0,0.0,0.0,0.1,0.1,0.1,0.0,0.1,0,0,0.2, PG
25,Andrew Nicholson,ORL,26,56,22,34,823,0.5,0.2,0.4,47.1,0.1,0.1,36.0,0.1,0.1,78.5,0.0,0.2,0.2,0.0,0.1,0.0,0.0,0.1,0,0,0.0, PF
26,Andrew Wiggins,MIN,21,81,29,52,2845,0.6,0.2,0.5,45.9,0.0,0.1,30.0,0.1,0.2,76.1,0.0,0.1,0.1,0.1,0.1,0.0,0.0,0.1,1,0,-0.0, SF
27,Anthony Bennett,TOR,23,19,12,7,84,0.3,0.1,0.3,29.6,0.0,0.2,21.4,0.1,0.1,90.0,0.1,0.2,0.3,0.0,0.1,0.1,0.0,0.1,0,0,-0.4, PF
28,Anthony Brown,LAL,23,29,4,25,599,0.2,0.1,0.2,31.0,0.0,0.1,28.6,0.0,0.0,85.0,0.0,0.1,0.1,0.0,0.0,0.0,0.0,0.1,0,0,-0.1, SF
29,Anthony Davis,NOP,23,61,24,37,2164,0.7,0.3,0.5,49.3,0.0,0.1,32.4,0.1,0.2,75.8,0.1,0.2,0.3,0.1,0.1,0.0,0.1,0.1,36,0,-0.1, PF
30,Anthony Morrow,OKC,30,68,46,22,926,0.4,0.1,0.4,40.8,0.1,0.2,38.7,0.0,0.0,74.4,0.0,0.1,0.1,0.0,0.0,0.0,0.0,0.1,0,0,0.1, SG
31,Anthony Tolliver,DET,31,72,36,36,1341,0.3,0.1,0.3,38.6,0.1,0.2,36.0,0.0,0.0,61.7,0.0,0.1,0.2,0.0,0.0,0.0,0.0,0.1,0,0,0.0, PF
32,Archie Goodwin,PHX,21,57,14,43,1114,0.5,0.2,0.4,41.7,0.0,0.1,23.2,0.1,0.2,67.4,0.0,0.1,0.1,0.1,0.1,0.0,0.0,0.1,1,0,-0.2, SG
33,Aron Baynes,DET,29,81,43,38,1233,0.4,0.2,0.3,50.5,0.0,0.0,0.0,0.1,0.1,76.4,0.1,0.2,0.3,0.0,0.1,0.0,0.0,0.1,1,0,-0.0, C
34,Arron Afflalo,NYK,30,71,27,44,2371,0.4,0.1,0.3,44.3,0.0,0.1,38.2,0.1,0.1,84.0,0.0,0.1,0.1,0.1,0.0,0.0,0.0,0.1,1,0,-0.1, SG
35,Austin Rivers,LAC,23,67,42,25,1464,0.4,0.1,0.3,43.8,0.0,0.1,33.5,0.1,0.1,68.1,0.0,0.1,0.1,0.1,0.0,0.0,0.0,0.1,0,0,-0.1, PG
36,Avery Bradley,BOS,25,76,45,31,2536,0.5,0.2,0.4,44.7,0.1,0.2,36.1,0.0,0.1,78.0,0.0,0.1,0.1,0.1,0.0,0.1,0.0,0.1,0,0,0.1, SG
37,Axel Toupane,DEN,23,21,9,12,305,0.3,0.1,0.2,35.7,0.0,0.1,32.5,0.0,0.1,76.5,0.0,0.1,0.1,0.1,0.0,0.0,0.0,0.1,0,0,-0.1, SG
38,Ben McLemore,SAC,23,68,28,40,1443,0.4,0.1,0.3,42.9,0.1,0.1,36.2,0.1,0.1,71.8,0.0,0.1,0.1,0.1,0.1,0.0,0.0,0.1,0,0,0.0, SG
39,Beno Udrih,MEM,33,44,26,18,708,0.3,0.1,0.3,43.4,0.0,0.1,34.1,0.0,0.0,90.0,0.0,0.1,0.1,0.2,0.1,0.0,0.0,0.1,1,0,-0.0, PG
40,Bismack Biyombo,TOR,23,82,56,26,1808,0.3,0.1,0.2,54.2,0.0,0.0,0.0,0.1,0.1,62.8,0.1,0.3,0.4,0.0,0.0,0.0,0.1,0.1,9,0,0.1, C
41,Blake Griffin,LAC,27,35,22,13,1170,0.6,0.3,0.5,49.9,0.0,0.0,33.3,0.1,0.2,72.7,0.0,0.2,0.3,0.1,0.1,0.0,0.0,0.1,13,0,0.2, PF
42,Boban Marjanovic,SAS,27,54,47,7,508,0.6,0.2,0.3,60.3,0.0,0.0,0.0,0.2,0.2,76.3,0.1,0.2,0.4,0.0,0.1,0.0,0.1,0.1,3,0,0.1, C
43,Bobby Portis,CHI,21,62,29,33,1102,0.4,0.2,0.4,42.7,0.0,0.1,30.8,0.0,0.1,72.7,0.1,0.2,0.3,0.1,0.1,0.0,0.0,0.1,6,0,-0.2, PF
44,Bojan Bogdanovic,BKN,27,79,21,58,2115,0.4,0.1,0.3,43.3,0.1,0.2,38.2,0.1,0.1,83.3,0.0,0.1,0.1,0.1,0.1,0.0,0.0,0.1,1,0,-0.2, SG
45,Boris Diaw,SAS,34,76,64,12,1386,0.3,0.1,0.3,52.7,0.0,0.1,36.2,0.0,0.1,73.7,0.0,0.1,0.2,0.1,0.1,0.0,0.0,0.1,0,0,0.2, C
46,Bradley Beal,WAS,23,55,28,27,1708,0.6,0.2,0.5,44.9,0.1,0.2,38.7,0.1,0.1,76.7,0.0,0.1,0.1,0.1,0.1,0.0,0.0,0.1,0,0,-0.0, SG
47,Brandan Wright,MEM,28,12,6,6,212,0.4,0.2,0.3,67.3,0.0,0.0,0.0,0.1,0.1,54.2,0.1,0.1,0.2,0.0,0.1,0.0,0.1,0.1,0,0,-0.3, PF
48,Branden Dawson,LAC,23,6,5,1,29,0.2,0.1,0.2,40.0,0.0,0.0,0.0,0.0,0.0,100,0.1,0.1,0.1,0.0,0.0,0.0,0.0,0.1,0,0,-0.5, SF
49,Brandon Bass,LAL,31,66,16,50,1342,0.3,0.1,0.2,54.9,0.0,0.0,0.0,0.1,0.1,84.5,0.1,0.1,0.2,0.1,0.0,0.0,0.0,0.1,0,0,-0.0, PF
50,Brandon Jennings,ORL,26,48,20,28,867,0.4,0.1,0.3,36.8,0.1,0.2,32.9,0.1,0.1,73.1,0.0,0.1,0.1,0.2,0.1,0.0,0.0,0.1,1,0,0.0, PG
51,Brandon Knight,PHX,24,52,16,36,1870,0.5,0.2,0.5,41.5,0.1,0.2,34.2,0.1,0.1,85.2,0.0,0.1,0.1,0.1,0.1,0.0,0.0,0.1,4,1,-0.1, PG
52,Brandon Rush,GSW,30,72,63,9,1055,0.3,0.1,0.3,42.7,0.1,0.1,41.4,0.0,0.0,64.3,0.0,0.1,0.2,0.1,0.0,0.0,0.0,0.1,0,0,-0.0, SG
53,Brian Roberts,POR,30,51,26,25,470,0.4,0.2,0.3,44.8,0.0,0.1,35.7,0.1,0.1,89.4,0.0,0.1,0.1,0.1,0.1,0.0,0.0,0.1,0,0,-0.1, PG
54,Briante Weber,MIA,23,7,3,4,169,0.2,0.1,0.2,35.9,0.0,0.0,0.0,0.0,0.0,75.0,0.1,0.1,0.1,0.1,0.1,0.1,0.0,0.1,0,0,-0.4, PG
55,Brook Lopez,BKN,28,73,21,52,2457,0.6,0.2,0.5,51.1,0.0,0.0,14.3,0.1,0.2,78.7,0.1,0.1,0.2,0.1,0.1,0.0,0.1,0.1,26,0,-0.1, C
56,Bruno Caboclo,TOR,20,6,6,0,43,0.1,0.0,0.3,8.3,0.0,0.2,14.3,0.0,0.0,0.0,0.0,0.0,0.1,0.0,0.1,0.1,0.0,0.1,0,0,-0.2, SF
57,Bryce Cotton,MEM,23,8,1,7,39,0.2,0.1,0.3,40.0,0.0,0.1,0.0,0.0,0.0,0.0,0.0,0.0,0.0,0.1,0.1,0.1,0.0,0.1,0,0,-0.6, PG
58,Bryce Dejean-Jones,NOP,23,14,8,6,279,0.3,0.1,0.3,40.6,0.0,0.1,37.5,0.0,0.1,52.4,0.0,0.1,0.2,0.1,0.0,0.0,0.0,0.1,0,0,-0.1, SG
59,CJ McCollum,POR,24,80,44,36,2780,0.6,0.2,0.5,44.8,0.1,0.2,41.7,0.1,0.1,82.7,0.0,0.1,0.1,0.1,0.1,0.0,0.0,0.1,2,0,0.1, SG
60,CJ Miles,IND,29,64,34,30,1464,0.5,0.2,0.4,40.9,0.1,0.3,36.7,0.1,0.1,75.0,0.0,0.1,0.1,0.0,0.1,0.0,0.0,0.1,0,0,0.0, SF
61,CJ Watson,ORL,32,33,14,19,656,0.2,0.1,0.2,34.3,0.0,0.1,29.2,0.1,0.1,87.2,0.0,0.1,0.1,0.1,0.0,0.0,0.0,0.1,0,0,-0.1, PG
62,CJ Wilcox,LAC,25,23,15,8,167,0.4,0.2,0.4,39.4,0.1,0.1,39.1,0.1,0.1,75.0,0.0,0.1,0.1,0.1,0.0,0.1,0.0,0.1,0,0,0.1, SG
63,Cameron Bairstow,DET,25,18,4,14,103,0.3,0.1,0.4,32.5,0.0,0.1,20.0,0.1,0.1,87.5,0.0,0.2,0.3,0.1,0.0,0.0,0.0,0.2,0,0,-0.1, PF
64,Cameron Payne,OKC,21,57,44,13,698,0.4,0.2,0.4,41.0,0.1,0.2,32.4,0.0,0.0,79.2,0.0,0.1,0.1,0.1,0.1,0.1,0.0,0.1,0,0,-0.0, PG
65,Carl Landry,PHI,32,36,5,31,569,0.6,0.2,0.4,55.6,0.0,0.0,46.2,0.1,0.2,73.6,0.1,0.2,0.3,0.1,0.0,0.0,0.0,0.1,0,0,-0.2, PF
66,Carmelo Anthony,NYK,32,72,32,40,2530,0.6,0.2,0.5,43.4,0.0,0.1,33.9,0.1,0.2,82.9,0.0,0.2,0.2,0.1,0.1,0.0,0.0,0.1,22,0,-0.0, SF
67,Caron Butler,SAC,36,17,2,15,176,0.4,0.1,0.3,42.4,0.0,0.1,16.7,0.1,0.1,83.3,0.0,0.1,0.1,0.1,0.0,0.1,0.0,0.1,0,0,-0.2, SF
68,Chandler Parsons,DAL,27,61,29,32,1799,0.5,0.2,0.4,49.2,0.1,0.1,41.4,0.1,0.1,68.4,0.0,0.1,0.2,0.1,0.1,0.0,0.0,0.1,3,0,0.0, SF
69,Channing Frye,CLE,33,70,35,35,1199,0.3,0.1,0.3,43.8,0.1,0.2,38.7,0.0,0.0,85.7,0.0,0.2,0.2,0.1,0.0,0.0,0.0,0.1,0,0,0.1, PF
70,Charles Hayes,LAC,33,2,1,1,24,0.2,0.0,0.1,50.0,0.0,0.0,0.0,0.1,0.1,100,0.0,0.3,0.3,0.1,0.1,0.0,0.0,0.3,0,0,-0.1, PF
71,Charlie Villanueva,DAL,31,62,29,33,665,0.5,0.2,0.5,38.2,0.1,0.3,27.3,0.0,0.0,91.7,0.0,0.2,0.2,0.0,0.1,0.0,0.0,0.1,0,0,-0.1, PF
72,Chase Budinger,PHX,28,66,29,37,930,0.3,0.1,0.3,43.5,0.0,0.1,27.9,0.0,0.1,69.6,0.1,0.1,0.2,0.1,0.1,0.0,0.0,0.1,0,0,0.0, SF
73,Chris Andersen,MEM,37,27,11,16,403,0.3,0.1,0.2,52.8,0.0,0.0,28.6,0.1,0.1,69.4,0.1,0.1,0.2,0.0,0.0,0.0,0.0,0.1,0,0,-0.2, PF
74,Chris Bosh,MIA,32,53,29,24,1778,0.6,0.2,0.4,46.7,0.1,0.1,36.5,0.1,0.1,79.5,0.0,0.2,0.2,0.1,0.0,0.0,0.0,0.1,15,0,0.0, PF
75,Chris Copeland,MIL,32,24,10,14,156,0.3,0.1,0.3,33.3,0.1,0.2,27.8,0.0,0.0,85.7,0.0,0.1,0.1,0.1,0.0,0.0,0.0,0.1,0,0,-0.5, SF
76,Chris Johnson,UTA,26,70,38,32,857,0.2,0.1,0.2,37.1,0.0,0.1,27.3,0.0,0.1,81.0,0.0,0.1,0.1,0.1,0.1,0.0,0.0,0.1,0,0,0.0, SF
77,Chris Kaman,POR,34,16,11,5,112,0.4,0.2,0.4,46.5,0.0,0.0,25.0,0.0,0.0,100,0.1,0.1,0.2,0.1,0.1,0.0,0.0,0.1,0,0,-0.3, C
78,Chris McCullough,BKN,21,24,7,17,362,0.3,0.1,0.3,40.4,0.0,0.1,38.2,0.0,0.1,47.8,0.1,0.1,0.2,0.0,0.0,0.1,0.0,0.1,0,0,-0.3, PF
79,Chris Paul,LAC,31,74,50,24,2420,0.6,0.2,0.5,46.2,0.1,0.1,37.1,0.1,0.1,89.6,0.0,0.1,0.1,0.3,0.1,0.1,0.0,0.1,38,0,0.2, PG
80,Christian Wood,PHI,20,17,0,17,145,0.4,0.1,0.4,41.5,0.0,0.1,36.4,0.1,0.1,61.9,0.1,0.2,0.3,0.0,0.0,0.0,0.1,0.1,0,0,-0.3, PF
81,Cleanthony Early,NYK,25,17,6,11,154,0.2,0.1,0.3,30.0,0.0,0.1,26.7,0.0,0.0,75.0,0.0,0.1,0.2,0.0,0.1,0.0,0.0,0.1,0,0,0.0, SF
82,Cliff Alexander,POR,20,8,3,5,36,0.3,0.1,0.3,50.0,0.0,0.0,0.0,0.0,0.0,0.0,0.1,0.1,0.2,0.0,0.0,0.0,0.1,0.0,0,0,-0.4, PF
83,Clint Capela,HOU,22,77,39,38,1471,0.4,0.2,0.3,58.2,0.0,0.0,0.0,0.1,0.1,37.9,0.1,0.2,0.3,0.0,0.0,0.0,0.1,0.1,10,0,0.1, C
84,Cody Zeller,CHA,23,73,42,31,1774,0.4,0.1,0.3,52.9,0.0,0.0,10.0,0.1,0.1,75.4,0.1,0.2,0.3,0.0,0.0,0.0,0.0,0.1,5,0,0.1, C
85,Cole Aldrich,LAC,27,60,41,19,800,0.4,0.2,0.3,59.6,0.0,0.0,0.0,0.1,0.1,71.4,0.1,0.3,0.4,0.1,0.1,0.1,0.1,0.2,3,0,-0.0, C
86,Corey Brewer,HOU,30,82,41,41,1669,0.3,0.1,0.3,38.4,0.0,0.1,27.2,0.1,0.1,75.0,0.0,0.1,0.1,0.1,0.1,0.1,0.0,0.1,0,0,-0.1, SF
87,Cory Jefferson,PHX,25,8,2,6,50,0.4,0.2,0.4,40.9,0.0,0.0,0.0,0.1,0.1,66.7,0.1,0.2,0.3,0.0,0.0,0.0,0.0,0.2,0,0,-0.1, PF
88,Cory Joseph,TOR,24,80,54,26,2046,0.3,0.1,0.3,43.9,0.0,0.1,27.3,0.1,0.1,76.4,0.0,0.1,0.1,0.1,0.1,0.0,0.0,0.1,0,0,0.1, PG
89,Coty Clarke,BOS,23,3,0,3,6,1.0,0.3,0.7,50.0,0.3,0.3,100,0.0,0.0,0.0,0.0,0.2,0.2,0.0,0.2,0.0,0.0,0.0,0,0,0.7, PF
90,Courtney Lee,CHA,30,79,49,30,2334,0.3,0.1,0.3,45.4,0.0,0.1,37.8,0.0,0.1,83.9,0.0,0.1,0.1,0.1,0.0,0.0,0.0,0.1,0,0,0.1, SG
91,Cristiano Felicio,CHI,23,31,14,17,321,0.3,0.1,0.2,55.6,0.0,0.0,0.0,0.1,0.1,71.4,0.1,0.2,0.3,0.1,0.0,0.0,0.0,0.1,0,0,0.2, PF
92,D'Angelo Russell,LAL,20,80,17,63,2259,0.5,0.2,0.4,41.0,0.1,0.2,35.1,0.1,0.1,73.7,0.0,0.1,0.1,0.1,0.1,0.0,0.0,0.1,1,0,-0.2, PG
93,D.J. Augustin,DEN,28,62,35,27,1178,0.4,0.1,0.3,42.3,0.1,0.1,40.5,0.1,0.1,80.5,0.0,0.1,0.1,0.2,0.1,0.0,0.0,0.1,2,0,-0.0, PG
94,Dahntay Jones,CLE,35,1,0,1,42,0.3,0.1,0.3,42.9,0.0,0.1,50.0,0.0,0.0,0.0,0.0,0.1,0.1,0.1,0.0,0.0,0.1,0.1,0,0,-0.0, SG
95,Damian Lillard,POR,25,75,40,35,2676,0.7,0.2,0.6,41.9,0.1,0.2,37.5,0.1,0.2,89.2,0.0,0.1,0.1,0.2,0.1,0.0,0.0,0.1,15,0,0.0, PG
96,Damien Inglis,MIL,21,20,5,15,156,0.2,0.1,0.2,35.1,0.0,0.1,23.1,0.0,0.1,87.5,0.0,0.2,0.2,0.1,0.1,0.0,0.0,0.1,0,0,-0.3, SF
97,Damjan Rudez,MIN,30,33,9,24,277,0.3,0.1,0.2,40.3,0.1,0.2,34.0,0.0,0.0,100,0.0,0.1,0.1,0.0,0.1,0.0,0.0,0.1,0,0,-0.1, SF
98,Danilo Gallinari,DEN,27,53,22,31,1839,0.6,0.2,0.4,41.0,0.1,0.1,36.4,0.2,0.2,86.8,0.0,0.1,0.1,0.1,0.0,0.0,0.0,0.1,3,0,-0.1, SF
99,Danny Green,SAS,29,79,65,14,2062,0.3,0.1,0.3,37.6,0.1,0.2,33.2,0.0,0.0,73.9,0.0,0.1,0.1,0.1,0.0,0.0,0.0,0.1,0,0,0.3, SG
100,Dante Cunningham,NOP,29,80,28,52,1971,0.3,0.1,0.2,45.1,0.0,0.1,31.6,0.0,0.0,69.5,0.0,0.1,0.1,0.0,0.0,0.0,0.0,0.1,0,0,-0.1, PF
101,Darrell Arthur,DEN,28,70,26,44,1516,0.3,0.1,0.3,45.2,0.0,0.1,38.5,0.0,0.0,75.5,0.1,0.1,0.2,0.1,0.0,0.0,0.0,0.1,2,0,-0.0, PF
102,Darren Collison,SAC,28,74,29,45,2219,0.5,0.2,0.3,48.6,0.0,0.1,40.1,0.1,0.1,85.8,0.0,0.1,0.1,0.1,0.1,0.0,0.0,0.1,4,0,-0.0, PG
103,Darrun Hilliard,DET,23,38,17,21,383,0.4,0.1,0.3,39.7,0.1,0.1,38.0,0.1,0.1,72.5,0.0,0.1,0.1,0.1,0.1,0.0,0.0,0.1,0,0,-0.0, SG
104,David Lee,DAL,33,55,27,28,903,0.5,0.2,0.4,53.1,0.0,0.0,0.0,0.1,0.1,76.3,0.1,0.2,0.3,0.1,0.1,0.0,0.0,0.1,4,0,-0.1, PF
105,David West,SAS,35,78,63,15,1404,0.4,0.2,0.3,54.5,0.0,0.0,42.9,0.0,0.1,78.8,0.1,0.2,0.2,0.1,0.1,0.0,0.0,0.1,1,0,0.2, PF
106,DeAndre Jordan,LAC,27,77,51,26,2598,0.4,0.1,0.2,70.3,0.0,0.0,0.0,0.1,0.2,43.0,0.1,0.3,0.4,0.0,0.0,0.0,0.1,0.1,49,0,0.2, C
107,DeJuan Blair,WAS,27,29,12,17,218,0.3,0.1,0.3,41.2,0.0,0.0,0.0,0.0,0.1,38.5,0.1,0.2,0.3,0.1,0.1,0.0,0.0,0.2,0,0,-0.2, C
108,DeMar DeRozan,TOR,26,78,53,25,2804,0.7,0.2,0.5,44.6,0.0,0.1,33.8,0.2,0.2,85.0,0.0,0.1,0.1,0.1,0.1,0.0,0.0,0.1,3,0,0.1, SG
109,DeMarcus Cousins,SAC,25,65,29,36,2246,0.8,0.3,0.6,45.1,0.0,0.1,33.3,0.2,0.3,71.8,0.1,0.3,0.3,0.1,0.1,0.0,0.0,0.1,47,1,0.0, PF
110,DeMarre Carroll,TOR,29,26,16,10,786,0.4,0.1,0.3,38.9,0.1,0.1,39.0,0.0,0.1,60.0,0.0,0.1,0.2,0.0,0.0,0.1,0.0,0.1,0,0,0.1, SF
111,Delon Wright,TOR,24,27,19,8,229,0.5,0.2,0.3,45.0,0.0,0.1,38.5,0.1,0.1,74.3,0.0,0.1,0.2,0.1,0.1,0.0,0.0,0.0,0,0,0.1, PG
112,Dennis Schroder,ATL,22,80,47,33,1621,0.5,0.2,0.5,42.1,0.1,0.1,32.2,0.1,0.1,79.1,0.0,0.1,0.1,0.2,0.1,0.0,0.0,0.1,2,0,0.1, PG
113,Deron Williams,DAL,32,65,31,34,2106,0.4,0.1,0.4,41.4,0.1,0.1,34.4,0.1,0.1,86.9,0.0,0.1,0.1,0.2,0.1,0.0,0.0,0.1,4,0,0.0, PG
114,Derrick Favors,UTA,24,62,30,32,1983,0.5,0.2,0.4,51.5,0.0,0.0,0.0,0.1,0.1,70.9,0.1,0.2,0.3,0.1,0.1,0.0,0.1,0.1,19,0,0.1, PF
115,Derrick Rose,CHI,27,66,32,34,2097,0.5,0.2,0.5,42.7,0.0,0.1,29.3,0.1,0.1,79.3,0.0,0.1,0.1,0.1,0.1,0.0,0.0,0.0,1,0,-0.1, PG
116,Derrick Williams,NYK,25,80,32,48,1435,0.5,0.2,0.4,45.0,0.0,0.1,29.3,0.1,0.2,75.8,0.0,0.2,0.2,0.1,0.0,0.0,0.0,0.1,4,0,-0.1, PF
117,Devin Booker,PHX,19,76,20,56,2108,0.5,0.2,0.4,42.3,0.1,0.1,34.3,0.1,0.1,84.0,0.0,0.1,0.1,0.1,0.1,0.0,0.0,0.1,3,0,-0.2, SG
118,Devin Harris,DAL,33,64,35,29,1280,0.4,0.1,0.3,44.7,0.0,0.1,32.9,0.1,0.1,72.1,0.0,0.1,0.1,0.1,0.1,0.1,0.0,0.1,0,0,-0.1, PG
119,Devyn Marble,ORL,23,28,12,16,249,0.2,0.1,0.3,29.6,0.0,0.1,25.0,0.0,0.1,41.7,0.0,0.1,0.1,0.1,0.0,0.1,0.0,0.1,0,0,-0.1, SF
120,Dewayne Dedmon,ORL,26,58,21,37,705,0.4,0.1,0.3,55.9,0.0,0.0,0.0,0.1,0.1,75.0,0.1,0.2,0.3,0.0,0.1,0.0,0.1,0.1,1,0,-0.1, C
121,Dion Waiters,OKC,24,78,53,25,2152,0.3,0.1,0.3,39.9,0.0,0.1,35.8,0.1,0.1,71.3,0.0,0.1,0.1,0.1,0.1,0.0,0.0,0.1,0,0,0.1, SG
122,Dirk Nowitzki,DAL,38,75,38,37,2363,0.6,0.2,0.5,44.8,0.1,0.1,36.8,0.1,0.1,89.3,0.0,0.2,0.2,0.1,0.0,0.0,0.0,0.1,10,0,0.1, PF
123,Donald Sloan,BKN,28,61,13,48,1318,0.3,0.1,0.3,44.0,0.0,0.1,38.4,0.1,0.1,75.0,0.0,0.1,0.1,0.2,0.1,0.0,0.0,0.1,3,0,-0.1, PG
124,Donatas Motiejunas,HOU,25,37,19,18,547,0.4,0.2,0.4,43.9,0.0,0.1,28.1,0.1,0.1,64.2,0.1,0.1,0.2,0.1,0.1,0.0,0.0,0.1,0,0,0.1, PF
125,Doug McDermott,CHI,24,81,41,40,1861,0.4,0.2,0.3,45.2,0.1,0.1,42.5,0.0,0.1,85.7,0.0,0.1,0.1,0.0,0.0,0.0,0.0,0.1,0,0,-0.0, SF
126,Draymond Green,GSW,26,81,73,8,2808,0.4,0.1,0.3,49.0,0.0,0.1,38.8,0.1,0.1,69.6,0.1,0.2,0.3,0.2,0.1,0.0,0.0,0.1,33,13,0.4, PF
127,Drew Gooden,WAS,34,30,18,12,305,0.3,0.1,0.3,32.0,0.0,0.1,17.1,0.0,0.1,64.3,0.1,0.2,0.3,0.0,0.0,0.0,0.0,0.1,2,0,-0.3, PF
128,Duje Dukan,SAC,24,1,0,1,24,0.3,0.1,0.4,20.0,0.1,0.2,40.0,0.0,0.0,0.0,0.1,0.1,0.2,0.0,0.0,0.0,0.0,0.1,0,0,-0.3, PF
129,Dwight Howard,HOU,30,71,34,37,2280,0.4,0.2,0.3,62.0,0.0,0.0,0.0,0.1,0.2,48.9,0.1,0.3,0.4,0.0,0.1,0.0,0.1,0.1,38,0,0.0, C
130,Dwight Powell,DAL,24,69,35,34,992,0.4,0.1,0.3,49.3,0.0,0.0,12.5,0.1,0.1,73.9,0.1,0.2,0.3,0.0,0.0,0.0,0.0,0.1,3,0,-0.1, PF
131,Dwyane Wade,MIA,34,74,43,31,2258,0.6,0.2,0.5,45.6,0.0,0.0,15.9,0.1,0.2,79.3,0.0,0.1,0.1,0.1,0.1,0.0,0.0,0.1,2,0,0.0, SG
132,E'Twaun Moore,CHI,27,59,29,30,1263,0.3,0.1,0.3,48.1,0.0,0.1,45.2,0.0,0.0,62.9,0.0,0.1,0.1,0.1,0.0,0.0,0.0,0.1,0,0,-0.0, SG
133,Ed Davis,POR,27,81,43,38,1684,0.3,0.1,0.2,61.1,0.0,0.0,0.0,0.1,0.1,55.9,0.1,0.2,0.4,0.1,0.0,0.0,0.0,0.1,9,0,0.0, PF
134,Edy Tavares,ATL,24,11,7,4,73,0.3,0.1,0.3,57.9,0.0,0.0,0.0,0.0,0.1,37.5,0.1,0.2,0.3,0.0,0.1,0.0,0.1,0.1,0,0,-0.1, PG
135,Elfrid Payton,ORL,22,73,32,41,2145,0.4,0.1,0.3,43.6,0.0,0.0,32.6,0.1,0.1,58.9,0.0,0.1,0.1,0.2,0.1,0.0,0.0,0.1,14,1,-0.0, SG
136,Elijah Millsap,UTA,28,20,9,11,173,0.2,0.1,0.2,28.2,0.0,0.1,8.3,0.1,0.1,72.2,0.0,0.2,0.2,0.1,0.1,0.0,0.0,0.2,0,0,0.1, SG
137,Elliot Williams,CHA,27,5,4,1,45,0.2,0.0,0.2,20.0,0.0,0.1,25.0,0.1,0.1,75.0,0.0,0.1,0.1,0.1,0.0,0.0,0.0,0.0,0,0,-0.1, PF
138,Elton Brand,PHI,37,17,2,15,225,0.3,0.1,0.3,43.1,0.0,0.0,0.0,0.0,0.0,88.9,0.0,0.2,0.3,0.1,0.1,0.0,0.0,0.1,1,0,-0.2, PG
139,Emmanuel Mudiay,DEN,20,68,29,39,2068,0.4,0.2,0.4,36.4,0.0,0.1,31.9,0.1,0.1,67.0,0.0,0.1,0.1,0.2,0.1,0.0,0.0,0.1,4,0,-0.1, C
140,Enes Kanter,OKC,24,82,55,27,1721,0.6,0.2,0.4,57.6,0.0,0.0,47.6,0.1,0.1,79.7,0.1,0.2,0.4,0.0,0.1,0.0,0.0,0.1,25,0,0.1, PG
141,Eric Bledsoe,PHX,26,31,12,19,1059,0.6,0.2,0.5,45.3,0.1,0.1,37.2,0.1,0.2,80.2,0.0,0.1,0.1,0.2,0.1,0.1,0.0,0.1,3,0,-0.1, SG
142,Eric Gordon,NOP,27,45,14,31,1481,0.5,0.2,0.4,41.8,0.1,0.2,38.4,0.1,0.1,88.8,0.0,0.1,0.1,0.1,0.1,0.0,0.0,0.1,0,0,-0.1, PF
143,Eric Moreland,SAC,24,8,1,7,48,0.2,0.1,0.1,50.0,0.0,0.0,0.0,0.0,0.1,50.0,0.1,0.2,0.2,0.0,0.1,0.0,0.1,0.1,0,0,0.1, PG
144,Erick Green,DEN,25,9,6,3,42,0.3,0.1,0.3,38.5,0.0,0.1,20.0,0.1,0.1,100,0.1,0.1,0.1,0.1,0.0,0.0,0.0,0.1,0,0,-0.0, PF
145,Ersan Ilyasova,ORL,29,74,35,39,1880,0.4,0.1,0.3,42.4,0.1,0.1,37.1,0.1,0.1,72.1,0.1,0.1,0.2,0.0,0.0,0.0,0.0,0.1,4,0,-0.1, SG
146,Evan Fournier,ORL,23,79,33,46,2566,0.5,0.2,0.4,46.2,0.1,0.1,40.0,0.1,0.1,83.6,0.0,0.1,0.1,0.1,0.1,0.0,0.0,0.1,0,0,-0.1, SG
147,Evan Turner,BOS,27,81,47,34,2271,0.4,0.1,0.3,45.6,0.0,0.0,24.1,0.1,0.1,82.7,0.0,0.1,0.2,0.2,0.1,0.0,0.0,0.1,4,0,0.0, C
148,Festus Ezeli,GSW,26,46,42,4,770,0.4,0.2,0.3,54.8,0.0,0.0,0.0,0.1,0.2,53.0,0.1,0.2,0.3,0.0,0.1,0.0,0.1,0.1,6,0,0.3, C
149,Frank Kaminsky,CHA,23,81,47,34,1708,0.3,0.1,0.3,41.0,0.0,0.1,33.7,0.1,0.1,73.0,0.0,0.2,0.2,0.1,0.0,0.0,0.0,0.1,1,0,-0.0, SG
150,Garrett Temple,WAS,30,80,40,40,1951,0.3,0.1,0.3,39.8,0.1,0.1,34.5,0.1,0.1,72.8,0.0,0.1,0.1,0.1,0.0,0.0,0.0,0.1,0,0,-0.0, SG
151,Gary Harris,DEN,21,76,31,45,2439,0.4,0.1,0.3,46.9,0.0,0.1,35.4,0.0,0.1,82.0,0.0,0.1,0.1,0.1,0.0,0.0,0.0,0.1,0,0,-0.1, PG
152,Gary Neal,WAS,31,40,18,22,807,0.5,0.2,0.4,46.5,0.1,0.1,41.0,0.1,0.1,85.5,0.0,0.1,0.1,0.1,0.0,0.0,0.0,0.1,0,0,-0.2, PG
153,George Hill,IND,30,74,41,33,2524,0.3,0.1,0.3,44.1,0.1,0.1,40.8,0.1,0.1,76.0,0.0,0.1,0.1,0.1,0.0,0.0,0.0,0.1,0,0,0.0, SF
154,Gerald Green,MIA,30,69,40,29,1557,0.4,0.1,0.4,39.2,0.1,0.2,32.3,0.1,0.1,78.3,0.0,0.1,0.1,0.0,0.0,0.0,0.0,0.1,0,0,0.0, SG
155,Gerald Henderson,POR,28,72,39,33,1431,0.4,0.2,0.4,43.9,0.0,0.1,35.3,0.1,0.1,76.7,0.0,0.1,0.1,0.1,0.1,0.0,0.0,0.1,0,0,0.0, SF
156,Giannis Antetokounmpo,MIL,21,80,32,48,2823,0.5,0.2,0.4,50.6,0.0,0.0,25.7,0.1,0.1,72.4,0.0,0.2,0.2,0.1,0.1,0.0,0.0,0.1,21,5,-0.1, SG
157,Glenn Robinson,IND,22,45,24,21,508,0.3,0.1,0.3,43.0,0.0,0.1,37.8,0.1,0.1,69.2,0.0,0.1,0.1,0.1,0.0,0.0,0.0,0.0,0,0,-0.1, PG
158,Goran Dragic,MIA,30,72,44,28,2363,0.4,0.2,0.4,47.7,0.0,0.1,31.2,0.1,0.1,72.7,0.0,0.1,0.1,0.2,0.1,0.0,0.0,0.1,5,0,0.1, SF
159,Gordon Hayward,UTA,26,80,38,42,2893,0.6,0.2,0.4,43.3,0.1,0.1,34.9,0.1,0.2,82.4,0.0,0.1,0.1,0.1,0.1,0.0,0.0,0.1,4,0,0.0, PF
160,Gorgui Dieng,MIN,26,82,29,53,2220,0.4,0.1,0.3,53.2,0.0,0.0,30.0,0.1,0.1,82.7,0.1,0.2,0.3,0.1,0.1,0.0,0.0,0.1,15,0,0.0, C
161,Greg Monroe,MIL,26,79,32,47,2314,0.5,0.2,0.4,52.2,0.0,0.0,0.0,0.1,0.1,74.0,0.1,0.2,0.3,0.1,0.1,0.0,0.0,0.1,32,0,-0.1, PF
162,Greg Smith,MIN,25,18,8,10,192,0.2,0.1,0.2,56.3,0.0,0.0,0.0,0.0,0.1,41.2,0.1,0.2,0.2,0.0,0.0,0.0,0.0,0.1,0,0,-0.4, PG
163,Greivis Vasquez,MIL,29,23,9,14,460,0.3,0.1,0.3,32.6,0.0,0.2,24.7,0.1,0.1,84.6,0.0,0.1,0.1,0.2,0.1,0.0,0.0,0.1,0,0,-0.2, SF
164,Harrison Barnes,GSW,24,66,59,7,2042,0.4,0.1,0.3,46.6,0.0,0.1,38.3,0.1,0.1,76.1,0.0,0.1,0.2,0.1,0.0,0.0,0.0,0.1,1,0,0.2, C
165,Hassan Whiteside,MIA,27,73,42,31,2125,0.5,0.2,0.3,60.6,0.0,0.0,0.0,0.1,0.1,65.0,0.1,0.3,0.4,0.0,0.1,0.0,0.1,0.1,41,3,0.0, C
166,Henry Sims,BKN,26,14,2,12,263,0.3,0.1,0.3,42.9,0.0,0.0,0.0,0.1,0.1,83.3,0.1,0.2,0.3,0.0,0.1,0.0,0.1,0.1,0,0,-0.4, SF
167,Hollis Thompson,PHI,25,77,10,67,2154,0.3,0.1,0.3,39.7,0.1,0.2,38.0,0.0,0.0,71.9,0.0,0.1,0.1,0.1,0.0,0.0,0.0,0.1,0,0,-0.2, SG
168,Ian Clark,GSW,25,66,59,7,578,0.4,0.1,0.3,44.1,0.1,0.1,35.7,0.1,0.1,82.4,0.0,0.1,0.1,0.1,0.1,0.0,0.0,0.1,0,0,-0.1, C
169,Ian Mahinmi,IND,29,71,41,30,1816,0.4,0.1,0.3,58.9,0.0,0.0,0.0,0.1,0.1,58.7,0.1,0.2,0.3,0.1,0.1,0.0,0.0,0.1,9,0,0.1, SG
170,Iman Shumpert,CLE,26,54,39,15,1316,0.2,0.1,0.2,37.4,0.0,0.1,29.5,0.0,0.0,78.4,0.0,0.1,0.1,0.1,0.0,0.0,0.0,0.1,1,0,0.1, PG
171,Isaiah Canaan,PHI,25,77,10,67,1966,0.4,0.1,0.4,36.0,0.1,0.3,36.3,0.1,0.1,83.3,0.0,0.1,0.1,0.1,0.1,0.0,0.0,0.1,0,0,-0.3, PG
172,Isaiah Thomas,BOS,27,82,48,34,2644,0.7,0.2,0.5,42.8,0.1,0.2,35.9,0.2,0.2,87.1,0.0,0.1,0.1,0.2,0.1,0.0,0.0,0.1,7,0,0.1, PG
173,Ish Smith,PHI,27,77,16,61,2239,0.4,0.2,0.4,41.1,0.0,0.1,32.9,0.1,0.1,69.3,0.0,0.1,0.1,0.2,0.1,0.0,0.0,0.1,12,0,-0.1, SF
174,J.J. Barea,DAL,32,74,38,36,1667,0.5,0.2,0.4,44.6,0.1,0.2,38.5,0.0,0.1,77.1,0.0,0.1,0.1,0.2,0.1,0.0,0.0,0.1,2,0,-0.0, SG
175,JJ Hickson,WAS,27,35,17,18,437,0.5,0.2,0.4,51.6,0.0,0.0,0.0,0.1,0.2,44.7,0.1,0.2,0.3,0.1,0.1,0.0,0.0,0.1,2,0,-0.1, C
176,JJ O'Brien,UTA,24,2,2,0,6,0.0,0.0,0.2,0.0,0.0,0.0,0.0,0.0,0.0,0.0,0.0,0.2,0.2,0.0,0.0,0.2,0.0,0.2,0,0,-1.3, SG
177,JJ Redick,LAC,32,75,50,25,2097,0.6,0.2,0.4,48.0,0.1,0.2,47.5,0.1,0.1,88.8,0.0,0.1,0.1,0.1,0.0,0.0,0.0,0.1,0,0,0.2, SG
178,JR Smith,CLE,30,77,53,24,2362,0.4,0.1,0.4,41.5,0.1,0.2,40.0,0.0,0.0,63.4,0.0,0.1,0.1,0.1,0.0,0.0,0.0,0.1,1,0,0.1, PF
179,JaKarr Sampson,DEN,23,73,18,55,1160,0.3,0.1,0.3,44.2,0.0,0.1,22.2,0.1,0.1,65.6,0.0,0.1,0.2,0.0,0.1,0.0,0.0,0.1,0,0,-0.2, C
180,JaMychal Green,MEM,26,78,39,39,1446,0.4,0.2,0.3,46.5,0.0,0.0,33.3,0.1,0.1,75.2,0.1,0.2,0.3,0.1,0.1,0.0,0.0,0.1,7,0,-0.0, PF
181,JaVale McGee,DAL,28,34,15,19,370,0.5,0.2,0.4,57.5,0.0,0.0,0.0,0.1,0.1,50.0,0.1,0.2,0.4,0.0,0.1,0.0,0.1,0.1,1,0,-0.1, SF
182,Jabari Parker,MIL,21,76,32,44,2408,0.4,0.2,0.4,49.3,0.0,0.0,25.7,0.1,0.1,76.8,0.1,0.1,0.2,0.1,0.1,0.0,0.0,0.1,6,0,-0.1, C
183,Jae Crowder,BOS,25,73,43,30,2308,0.5,0.2,0.3,44.3,0.1,0.2,33.6,0.1,0.1,82.0,0.0,0.1,0.2,0.1,0.0,0.1,0.0,0.1,5,0,0.1, SG
184,Jahlil Okafor,PHI,20,53,6,47,1591,0.6,0.3,0.5,50.8,0.0,0.0,16.7,0.1,0.1,68.6,0.1,0.2,0.2,0.0,0.1,0.0,0.0,0.1,11,0,-0.3, PG
185,Jamal Crawford,LAC,36,79,51,28,2126,0.5,0.2,0.4,40.4,0.1,0.2,34.0,0.1,0.1,90.4,0.0,0.1,0.1,0.1,0.1,0.0,0.0,0.1,0,0,0.1, SG
186,Jameer Nelson,DEN,34,39,12,27,1036,0.3,0.1,0.3,36.8,0.0,0.1,29.9,0.0,0.0,85.7,0.0,0.1,0.1,0.2,0.1,0.0,0.0,0.1,0,0,-0.1, SF
187,James Anderson,SAC,27,51,19,32,721,0.3,0.1,0.3,37.6,0.0,0.1,26.7,0.0,0.0,75.9,0.0,0.1,0.1,0.1,0.1,0.0,0.0,0.1,0,0,-0.1, SG
188,James Ennis III,NOP,25,22,11,11,329,0.5,0.2,0.3,47.8,0.1,0.2,44.8,0.1,0.1,73.5,0.1,0.1,0.1,0.1,0.1,0.1,0.0,0.1,0,0,-0.1, PF
189,James Harden,HOU,26,82,41,41,3125,0.8,0.2,0.5,43.9,0.1,0.2,35.9,0.2,0.3,86.0,0.0,0.1,0.2,0.2,0.1,0.0,0.0,0.1,23,3,0.0, SG
190,James Johnson,TOR,29,57,35,22,926,0.3,0.1,0.3,47.5,0.0,0.1,30.3,0.0,0.1,57.4,0.0,0.1,0.1,0.1,0.1,0.0,0.0,0.1,0,0,0.0, SF
191,James Jones,CLE,35,48,33,15,463,0.4,0.1,0.3,40.8,0.1,0.2,39.4,0.1,0.1,80.8,0.0,0.1,0.1,0.0,0.0,0.0,0.0,0.1,0,0,-0.1, SG
192,James Michael McAdoo,GSW,23,41,37,4,262,0.5,0.2,0.3,53.6,0.0,0.0,50.0,0.1,0.2,53.1,0.1,0.1,0.2,0.1,0.1,0.0,0.0,0.1,0,0,-0.3, SG
193,James Young,BOS,20,29,12,17,199,0.1,0.1,0.2,30.6,0.0,0.1,23.1,0.0,0.0,25.0,0.0,0.1,0.1,0.1,0.0,0.0,0.0,0.1,0,0,-0.1, SF
194,Jared Cunningham,CLE,25,44,31,13,410,0.3,0.1,0.3,34.3,0.0,0.1,30.8,0.1,0.1,65.5,0.0,0.1,0.1,0.1,0.1,0.0,0.0,0.1,0,0,-0.1, C
195,Jared Dudley,WAS,30,81,40,41,2098,0.3,0.1,0.2,47.8,0.1,0.1,42.0,0.0,0.1,73.5,0.0,0.1,0.1,0.1,0.0,0.0,0.0,0.1,0,0,0.0, SG
196,Jared Sullinger,BOS,24,81,47,34,1915,0.4,0.2,0.4,43.5,0.0,0.1,28.2,0.1,0.1,64.0,0.1,0.3,0.3,0.1,0.1,0.0,0.0,0.1,25,0,0.1, PF
197,Jarell Eddie,WAS,24,26,13,13,147,0.4,0.1,0.4,30.8,0.1,0.3,31.9,0.1,0.1,100,0.0,0.1,0.2,0.0,0.0,0.0,0.0,0.0,0,0,-0.2, PF
198,Jarell Martin,MEM,22,27,10,17,380,0.4,0.1,0.3,46.6,0.0,0.0,0.0,0.1,0.2,72.6,0.1,0.1,0.2,0.0,0.1,0.0,0.0,0.1,0,0,-0.1, PG
199,Jarnell Stokes,MEM,22,7,1,6,19,0.4,0.2,0.3,60.0,0.0,0.0,0.0,0.1,0.1,50.0,0.1,0.2,0.2,0.1,0.0,0.1,0.0,0.1,0,0,0.5, PF
200,Jarrett Jack,BKN,32,32,10,22,1027,0.4,0.1,0.3,39.1,0.0,0.1,30.4,0.1,0.1,89.3,0.0,0.1,0.1,0.2,0.1,0.0,0.0,0.1,6,0,-0.1, SG
201,Jason Smith,ORL,30,76,33,43,1181,0.5,0.2,0.4,48.5,0.0,0.0,25.0,0.1,0.1,80.6,0.0,0.1,0.2,0.1,0.1,0.0,0.1,0.1,1,0,-0.0, PF
202,Jason Terry,HOU,38,72,37,35,1258,0.3,0.1,0.3,40.2,0.1,0.2,35.6,0.0,0.0,81.8,0.0,0.1,0.1,0.1,0.0,0.0,0.0,0.1,0,0,0.0, PF
203,Jason Thompson,TOR,29,47,38,9,471,0.3,0.1,0.2,48.1,0.0,0.0,33.3,0.1,0.1,70.4,0.1,0.2,0.3,0.1,0.0,0.0,0.0,0.2,0,0,-0.0, SF
204,Jeff Ayres,LAC,29,17,11,6,107,0.3,0.1,0.2,52.2,0.0,0.0,0.0,0.1,0.1,100,0.0,0.2,0.2,0.1,0.1,0.0,0.0,0.2,0,0,-0.4, PG
205,Jeff Green,LAC,29,80,48,32,2253,0.4,0.2,0.4,43.0,0.0,0.1,31.5,0.1,0.1,74.5,0.0,0.1,0.1,0.1,0.0,0.0,0.0,0.1,1,0,-0.0, C
206,Jeff Teague,ATL,28,79,47,32,2255,0.6,0.2,0.4,43.9,0.1,0.1,40.1,0.1,0.1,83.7,0.0,0.1,0.1,0.2,0.1,0.0,0.0,0.1,4,0,0.0, SF
207,Jeff Withey,UTA,26,51,25,26,658,0.3,0.1,0.3,53.7,0.0,0.0,0.0,0.1,0.1,72.9,0.1,0.2,0.3,0.0,0.0,0.0,0.1,0.1,2,0,0.1, SF
208,Jerami Grant,PHI,22,77,9,68,2066,0.4,0.1,0.3,41.9,0.0,0.1,24.0,0.1,0.2,65.8,0.1,0.1,0.2,0.1,0.1,0.0,0.1,0.1,3,0,-0.2, SG
209,Jeremy Evans,DAL,28,30,16,14,251,0.3,0.1,0.2,54.2,0.0,0.1,25.0,0.1,0.1,71.4,0.0,0.2,0.2,0.0,0.0,0.0,0.0,0.1,0,0,-0.2, PG
210,Jeremy Lamb,CHA,24,66,40,26,1227,0.5,0.2,0.4,45.1,0.1,0.1,30.9,0.1,0.1,72.7,0.0,0.2,0.2,0.1,0.0,0.0,0.0,0.1,1,0,0.1, PG
211,Jeremy Lin,CHA,27,78,47,31,2048,0.5,0.1,0.4,41.2,0.0,0.1,33.6,0.1,0.1,81.5,0.0,0.1,0.1,0.1,0.1,0.0,0.0,0.1,1,0,0.0, PG
212,Jerian Grant,NYK,23,76,29,47,1265,0.3,0.1,0.3,39.4,0.0,0.1,22.0,0.1,0.1,78.0,0.0,0.1,0.1,0.1,0.1,0.0,0.0,0.1,0,0,-0.1, PG
213,Jerryd Bayless,MIL,27,52,21,31,1505,0.4,0.1,0.3,42.3,0.1,0.1,43.7,0.1,0.1,77.8,0.0,0.1,0.1,0.1,0.1,0.0,0.0,0.1,1,0,-0.1, SF
214,Jimmer Fredette,SAS,27,6,1,5,18,0.5,0.1,0.3,40.0,0.1,0.1,50.0,0.2,0.3,80.0,0.0,0.0,0.0,0.1,0.1,0.1,0.0,0.1,0,0,-1.4, C
215,Jimmy Butler,CHI,26,67,37,30,2474,0.6,0.2,0.4,45.4,0.0,0.1,31.2,0.2,0.2,83.2,0.0,0.1,0.1,0.1,0.1,0.0,0.0,0.1,10,2,-0.0, SG
216,Joakim Noah,CHI,31,29,15,14,635,0.2,0.1,0.2,38.3,0.0,0.0,0.0,0.0,0.1,48.9,0.1,0.3,0.4,0.2,0.1,0.0,0.1,0.1,1,0,-0.1, SF
217,Jodie Meeks,DET,28,3,3,0,43,0.5,0.2,0.5,35.0,0.1,0.2,44.4,0.1,0.1,100,0.0,0.1,0.1,0.1,0.0,0.0,0.0,0.1,0,0,0.2, SF
218,Joe Harris,CLE,24,5,5,0,15,0.2,0.1,0.3,25.0,0.1,0.3,25.0,0.0,0.0,0.0,0.0,0.2,0.2,0.1,0.1,0.0,0.0,0.1,0,0,-1.4, SF
219,Joe Ingles,UTA,28,81,40,41,1241,0.3,0.1,0.2,42.6,0.1,0.2,38.6,0.0,0.0,72.2,0.0,0.1,0.1,0.1,0.1,0.0,0.0,0.1,0,0,0.0, PG
220,Joe Johnson,MIA,35,81,31,50,2703,0.4,0.1,0.3,43.9,0.0,0.1,38.3,0.0,0.1,83.1,0.0,0.1,0.1,0.1,0.1,0.0,0.0,0.1,3,0,-0.0, C
221,Joe Young,IND,24,41,19,22,383,0.4,0.2,0.4,36.7,0.0,0.1,21.7,0.1,0.1,80.0,0.0,0.1,0.1,0.2,0.1,0.0,0.0,0.1,0,0,-0.1, C
222,Joel Anthony,DET,33,19,12,7,96,0.2,0.1,0.1,60.0,0.0,0.0,0.0,0.1,0.1,75.0,0.1,0.1,0.2,0.0,0.0,0.0,0.1,0.2,0,0,-0.2, C
223,Joffrey Lauvergne,DEN,24,59,24,35,1041,0.5,0.2,0.4,51.3,0.0,0.1,24.5,0.1,0.1,89.9,0.1,0.2,0.3,0.1,0.1,0.0,0.0,0.1,5,0,-0.2, SG
224,John Henson,MIL,25,57,22,35,959,0.4,0.2,0.3,56.4,0.0,0.0,0.0,0.1,0.1,59.0,0.1,0.1,0.2,0.1,0.1,0.0,0.1,0.1,3,0,-0.1, PG
225,John Jenkins,PHX,25,43,18,25,480,0.4,0.1,0.3,44.4,0.0,0.1,31.4,0.0,0.1,83.3,0.0,0.1,0.1,0.1,0.1,0.0,0.0,0.1,0,0,-0.1, PF
226,John Wall,WAS,25,77,37,40,2784,0.6,0.2,0.5,42.4,0.0,0.1,35.1,0.1,0.1,79.1,0.0,0.1,0.1,0.3,0.1,0.1,0.0,0.1,49,4,0.0, PF
227,Johnny O'Bryant III,MIL,23,66,27,39,857,0.2,0.1,0.2,41.1,0.0,0.0,100,0.0,0.0,68.4,0.1,0.1,0.2,0.0,0.0,0.0,0.0,0.1,0,0,-0.1, PF
228,Jon Leuer,PHX,27,67,22,45,1255,0.5,0.2,0.4,48.1,0.0,0.1,38.2,0.1,0.1,76.2,0.1,0.2,0.3,0.1,0.1,0.0,0.0,0.1,10,0,-0.1, C
229,Jonas Jerebko,BOS,29,78,47,31,1176,0.3,0.1,0.2,41.3,0.0,0.1,39.8,0.1,0.1,78.2,0.1,0.2,0.2,0.1,0.0,0.0,0.0,0.1,1,0,0.0, SG
230,Jonas Valanciunas,TOR,24,60,40,20,1557,0.5,0.2,0.3,56.5,0.0,0.0,0.0,0.1,0.1,76.1,0.1,0.2,0.3,0.0,0.1,0.0,0.1,0.1,22,0,0.1, SG
231,Jonathon Simmons,SAS,26,55,47,8,813,0.4,0.1,0.3,50.4,0.0,0.1,38.3,0.1,0.1,75.0,0.0,0.1,0.1,0.1,0.1,0.0,0.0,0.1,0,0,0.1, PG
232,Jordan Adams,MEM,21,2,0,2,15,0.5,0.1,0.4,33.3,0.0,0.1,0.0,0.2,0.3,60.0,0.0,0.1,0.1,0.2,0.1,0.2,0.0,0.1,0,0,0.3, PG
233,Jordan Clarkson,LAL,24,79,17,62,2552,0.5,0.2,0.4,43.3,0.0,0.1,34.7,0.1,0.1,80.4,0.0,0.1,0.1,0.1,0.1,0.0,0.0,0.1,1,0,-0.3, SG
234,Jordan Farmar,MEM,29,12,2,10,291,0.4,0.1,0.3,42.0,0.1,0.1,35.6,0.0,0.0,100,0.0,0.1,0.1,0.1,0.1,0.1,0.0,0.1,0,0,-0.2, PF
235,Jordan Hamilton,NOP,25,11,4,7,304,0.4,0.2,0.4,42.2,0.0,0.1,28.9,0.1,0.1,66.7,0.0,0.2,0.2,0.1,0.1,0.0,0.0,0.1,1,0,-0.2, SG
236,Jordan Hill,IND,28,73,40,33,1513,0.4,0.2,0.4,50.6,0.0,0.0,0.0,0.1,0.1,71.2,0.1,0.2,0.3,0.1,0.1,0.0,0.0,0.1,9,0,0.0, PF
237,Jordan McRae,CLE,25,22,10,12,196,0.5,0.2,0.4,43.6,0.1,0.1,45.5,0.1,0.1,75.0,0.0,0.1,0.1,0.1,0.1,0.0,0.0,0.1,0,0,0.2, PG
238,Jordan Mickey,BOS,21,16,9,7,57,0.4,0.1,0.4,36.4,0.0,0.0,0.0,0.1,0.2,50.0,0.1,0.1,0.2,0.0,0.0,0.0,0.2,0.1,0,0,0.1, PG
239,Jorge Gutierrez,CHA,27,12,9,3,63,0.3,0.1,0.2,54.5,0.0,0.0,0.0,0.2,0.2,90.9,0.0,0.1,0.1,0.3,0.1,0.1,0.0,0.1,0,0,0.1, PG
240,Jose Calderon,NYK,34,72,29,43,2024,0.3,0.1,0.2,45.9,0.0,0.1,41.4,0.0,0.0,87.5,0.0,0.1,0.1,0.1,0.0,0.0,0.0,0.1,1,0,-0.0, SF
241,Josh Huestis,OKC,24,5,2,3,55,0.3,0.1,0.2,41.7,0.1,0.1,66.7,0.0,0.1,0.0,0.0,0.1,0.2,0.0,0.1,0.0,0.0,0.1,0,0,0.0, PF
242,Josh McRoberts,MIA,29,42,27,15,595,0.3,0.1,0.3,37.2,0.0,0.1,24.5,0.1,0.1,70.0,0.0,0.1,0.2,0.1,0.1,0.0,0.0,0.1,1,0,0.0, SG
243,Josh Richardson,MIA,22,52,29,23,1107,0.3,0.1,0.3,45.2,0.1,0.1,46.1,0.0,0.1,66.7,0.0,0.1,0.1,0.1,0.0,0.0,0.0,0.1,0,0,0.0, C
244,Josh Smith,HOU,30,55,31,24,880,0.4,0.1,0.4,36.4,0.1,0.2,28.7,0.0,0.1,55.2,0.1,0.2,0.2,0.1,0.1,0.0,0.1,0.1,0,0,-0.1, PG
245,Jrue Holiday,NOP,26,65,27,38,1831,0.6,0.2,0.5,43.9,0.1,0.1,33.6,0.1,0.1,84.3,0.0,0.1,0.1,0.2,0.1,0.1,0.0,0.1,5,0,0.0, PF
246,Julius Randle,LAL,21,81,17,64,2286,0.4,0.2,0.4,42.9,0.0,0.0,27.8,0.1,0.1,71.5,0.1,0.3,0.4,0.1,0.1,0.0,0.0,0.1,34,1,-0.3, SG
247,Justin Anderson,DAL,22,55,28,27,647,0.3,0.1,0.3,40.6,0.0,0.1,26.5,0.1,0.1,80.0,0.0,0.2,0.2,0.0,0.0,0.0,0.0,0.1,1,0,0.0, PF
248,Justin Harper,BKN,26,5,4,1,35,0.4,0.1,0.3,40.0,0.1,0.3,44.4,0.0,0.1,50.0,0.0,0.0,0.0,0.0,0.1,0.0,0.0,0.1,0,0,-0.9, SG
249,Justin Holiday,CHI,27,53,28,25,772,0.3,0.1,0.3,38.6,0.1,0.1,34.3,0.0,0.1,73.0,0.0,0.1,0.1,0.1,0.1,0.0,0.0,0.1,0,0,-0.1, SF
250,Justise Winslow,MIA,20,78,46,32,2232,0.2,0.1,0.2,42.2,0.0,0.1,27.6,0.0,0.1,68.4,0.0,0.1,0.2,0.1,0.0,0.0,0.0,0.1,0,0,0.1, C
251,Jusuf Nurkic,DEN,21,32,14,18,547,0.5,0.2,0.4,41.7,0.0,0.0,0.0,0.1,0.2,61.6,0.1,0.2,0.3,0.1,0.1,0.0,0.1,0.2,4,0,-0.0, SG
252,KJ McDaniels,HOU,23,37,17,20,235,0.4,0.1,0.3,40.3,0.0,0.1,28.0,0.1,0.1,80.0,0.1,0.1,0.2,0.0,0.1,0.0,0.0,0.1,0,0,0.3, C
253,Karl-Anthony Towns,MIN,20,82,29,53,2627,0.6,0.2,0.4,54.2,0.0,0.0,34.1,0.1,0.1,81.1,0.1,0.2,0.3,0.1,0.1,0.0,0.1,0.1,52,0,-0.1, SF
254,Kawhi Leonard,SAS,25,72,60,12,2380,0.6,0.2,0.5,50.6,0.1,0.1,44.3,0.1,0.1,87.4,0.0,0.2,0.2,0.1,0.0,0.1,0.0,0.1,12,0,0.3, PG
255,Keith Appling,ORL,24,5,0,5,27,0.2,0.1,0.3,25.0,0.0,0.1,0.0,0.1,0.1,100,0.0,0.0,0.0,0.0,0.1,0.0,0.0,0.2,0,0,0.5, C
256,Kelly Olynyk,BOS,25,69,40,29,1395,0.5,0.2,0.4,45.5,0.1,0.1,40.5,0.1,0.1,75.0,0.1,0.1,0.2,0.1,0.1,0.0,0.0,0.1,1,0,0.2, SF
257,Kelly Oubre Jr.,WAS,20,63,31,32,671,0.3,0.1,0.3,42.7,0.0,0.1,31.6,0.1,0.1,63.3,0.0,0.2,0.2,0.0,0.1,0.0,0.0,0.1,0,0,-0.1, PG
258,Kemba Walker,CHA,26,81,47,34,2885,0.6,0.2,0.5,42.7,0.1,0.2,37.1,0.1,0.1,84.7,0.0,0.1,0.1,0.1,0.1,0.0,0.0,0.0,3,0,0.1, PG
259,Kendall Marshall,PHI,24,30,3,27,400,0.3,0.1,0.3,36.4,0.0,0.1,32.7,0.0,0.0,69.2,0.0,0.1,0.1,0.2,0.1,0.0,0.0,0.1,0,0,-0.3, C
260,Kendrick Perkins,NOP,31,37,13,24,542,0.2,0.1,0.1,53.3,0.0,0.0,0.0,0.0,0.1,44.0,0.1,0.2,0.2,0.1,0.1,0.0,0.0,0.1,0,0,-0.1, PF
261,Kenneth Faried,DEN,26,67,26,41,1694,0.5,0.2,0.4,55.8,0.0,0.0,50.0,0.1,0.1,61.3,0.1,0.2,0.3,0.1,0.1,0.0,0.0,0.1,21,0,-0.1, SF
262,Kent Bazemore,ATL,26,75,44,31,2083,0.4,0.1,0.3,44.1,0.1,0.1,35.7,0.1,0.1,81.5,0.0,0.2,0.2,0.1,0.1,0.1,0.0,0.1,1,0,0.0, SG
263,Kentavious Caldwell-Pope,DET,23,76,41,35,2789,0.4,0.1,0.3,42.0,0.0,0.1,30.9,0.1,0.1,81.1,0.0,0.1,0.1,0.1,0.0,0.0,0.0,0.1,1,0,0.1, SF
264,Kevin Durant,OKC,27,72,52,20,2578,0.8,0.3,0.5,50.5,0.1,0.2,38.7,0.2,0.2,89.8,0.0,0.2,0.2,0.1,0.1,0.0,0.0,0.1,27,1,0.3, PF
265,Kevin Garnett,MIN,40,38,14,24,556,0.2,0.1,0.2,47.0,0.0,0.0,0.0,0.0,0.0,66.7,0.0,0.2,0.3,0.1,0.0,0.1,0.0,0.1,0,0,0.1, PF
266,Kevin Love,CLE,27,77,53,24,2424,0.5,0.2,0.4,41.9,0.1,0.2,36.0,0.1,0.1,82.2,0.1,0.3,0.3,0.1,0.1,0.0,0.0,0.1,35,0,0.2, SG
267,Kevin Martin,SAS,33,55,24,31,1095,0.5,0.1,0.4,37.2,0.0,0.1,36.0,0.1,0.2,89.0,0.0,0.1,0.1,0.1,0.1,0.0,0.0,0.1,0,0,-0.1, C
268,Kevin Seraphin,NYK,26,48,15,33,527,0.4,0.2,0.4,41.0,0.0,0.0,0.0,0.0,0.0,82.6,0.1,0.2,0.2,0.1,0.1,0.0,0.1,0.1,0,0,-0.2, SF
269,Kevon Looney,GSW,20,5,4,1,21,0.4,0.2,0.3,57.1,0.1,0.1,50.0,0.0,0.0,0.0,0.2,0.3,0.5,0.0,0.1,0.0,0.0,0.1,0,0,-1.1, SG
270,Khris Middleton,MIL,24,79,33,46,2852,0.5,0.2,0.4,44.4,0.1,0.1,39.6,0.1,0.1,88.8,0.0,0.1,0.1,0.1,0.1,0.1,0.0,0.1,1,0,-0.0, SG
271,Kirk Hinrich,ATL,35,46,26,20,631,0.2,0.1,0.2,38.0,0.0,0.1,38.7,0.0,0.0,93.8,0.0,0.1,0.1,0.1,0.1,0.0,0.0,0.1,0,0,0.0, SG
272,Klay Thompson,GSW,26,80,71,9,2666,0.7,0.2,0.5,47.0,0.1,0.2,42.5,0.1,0.1,87.3,0.0,0.1,0.1,0.1,0.1,0.0,0.0,0.1,0,0,0.3, SF
273,Kobe Bryant,LAL,37,66,13,53,1863,0.6,0.2,0.6,35.8,0.1,0.3,28.5,0.1,0.1,82.6,0.0,0.1,0.1,0.1,0.1,0.0,0.0,0.1,2,0,-0.3, C
274,Kosta Koufos,SAC,27,78,32,46,1482,0.4,0.2,0.3,53.2,0.0,0.0,0.0,0.0,0.1,54.8,0.1,0.2,0.3,0.0,0.0,0.0,0.1,0.1,5,0,-0.1, SF
275,Kostas Papanikolaou,DEN,25,26,8,18,294,0.2,0.1,0.2,36.4,0.0,0.1,31.3,0.0,0.1,64.3,0.0,0.1,0.1,0.1,0.1,0.0,0.0,0.1,0,0,-0.0, PF
276,Kris Humphries,ATL,31,53,29,24,835,0.4,0.1,0.3,41.0,0.0,0.1,31.5,0.1,0.1,79.8,0.1,0.2,0.3,0.0,0.1,0.0,0.0,0.1,1,0,-0.1, PF
277,Kristaps Porzingis,NYK,20,72,28,44,2046,0.5,0.2,0.4,42.1,0.0,0.1,33.3,0.1,0.1,83.8,0.1,0.2,0.3,0.1,0.1,0.0,0.1,0.1,21,0,0.0, SG
278,Kyle Anderson,SAS,22,78,64,14,1245,0.3,0.1,0.2,46.8,0.0,0.0,32.4,0.1,0.1,74.7,0.0,0.2,0.2,0.1,0.1,0.1,0.0,0.1,1,0,0.2, SG
279,Kyle Korver,ATL,35,80,46,34,2401,0.3,0.1,0.3,43.4,0.1,0.2,39.8,0.0,0.0,83.3,0.0,0.1,0.1,0.1,0.0,0.0,0.0,0.1,0,0,0.2, PG
280,Kyle Lowry,TOR,30,77,54,23,2851,0.6,0.2,0.4,42.7,0.1,0.2,38.8,0.1,0.2,81.1,0.0,0.1,0.1,0.2,0.1,0.1,0.0,0.1,12,1,0.1, C
281,Kyle O'Quinn,NYK,26,65,26,39,764,0.4,0.2,0.3,47.6,0.0,0.0,22.7,0.1,0.1,76.7,0.1,0.2,0.3,0.1,0.1,0.0,0.1,0.1,1,0,-0.1, SF
282,Kyle Singler,OKC,28,68,43,25,977,0.2,0.1,0.2,38.9,0.0,0.1,30.9,0.0,0.1,65.9,0.1,0.1,0.1,0.0,0.0,0.0,0.0,0.1,0,0,-0.0, PG
283,Kyrie Irving,CLE,24,53,37,16,1667,0.6,0.2,0.5,44.8,0.1,0.2,32.1,0.1,0.1,88.5,0.0,0.1,0.1,0.1,0.1,0.0,0.0,0.1,1,0,0.1, PF
284,LaMarcus Aldridge,SAS,30,74,61,13,2261,0.6,0.2,0.5,51.3,0.0,0.0,0.0,0.1,0.1,85.8,0.1,0.2,0.3,0.1,0.0,0.0,0.0,0.1,26,0,0.2, SG
285,Lamar Patterson,ATL,24,35,23,12,395,0.2,0.1,0.2,35.0,0.0,0.1,24.5,0.0,0.1,72.7,0.0,0.1,0.1,0.1,0.1,0.0,0.0,0.1,0,0,0.1, SG
286,Lance Stephenson,MEM,25,69,36,33,1372,0.4,0.2,0.3,48.1,0.0,0.1,38.5,0.1,0.1,78.4,0.0,0.1,0.2,0.1,0.1,0.0,0.0,0.1,1,0,-0.1, SF
287,Lance Thomas,NYK,28,59,25,34,1313,0.4,0.1,0.3,44.2,0.0,0.1,40.4,0.1,0.1,85.7,0.0,0.1,0.1,0.0,0.0,0.0,0.0,0.1,0,0,-0.0, SG
288,Langston Galloway,NYK,24,82,32,50,2033,0.3,0.1,0.3,39.3,0.0,0.1,34.4,0.0,0.1,75.4,0.0,0.1,0.1,0.1,0.0,0.0,0.0,0.1,1,0,-0.1, PF
289,Larry Nance Jr.,LAL,23,63,14,49,1266,0.3,0.1,0.2,52.7,0.0,0.0,10.0,0.0,0.0,68.1,0.1,0.2,0.3,0.0,0.0,0.0,0.0,0.1,3,0,-0.1, PF
290,Lavoy Allen,IND,27,79,43,36,1599,0.3,0.1,0.2,51.6,0.0,0.0,0.0,0.0,0.1,63.0,0.1,0.2,0.3,0.1,0.0,0.0,0.0,0.1,4,0,0.1, SF
291,LeBron James,CLE,31,76,56,20,2708,0.7,0.3,0.5,52.0,0.0,0.1,30.9,0.1,0.2,73.1,0.0,0.2,0.2,0.2,0.1,0.0,0.0,0.1,28,3,0.2, SG
292,Leandro Barbosa,GSW,33,68,60,8,1079,0.4,0.2,0.3,46.2,0.0,0.1,35.5,0.1,0.1,83.9,0.0,0.1,0.1,0.1,0.1,0.0,0.0,0.1,0,0,0.0, PG
293,Lorenzo Brown,DET,25,8,1,7,61,0.3,0.1,0.4,32.0,0.0,0.1,12.5,0.1,0.1,75.0,0.0,0.1,0.1,0.2,0.1,0.1,0.0,0.1,0,0,-0.5, PF
294,Lou Amundson,NYK,33,29,11,18,204,0.3,0.1,0.3,35.8,0.0,0.0,0.0,0.1,0.1,51.9,0.1,0.1,0.2,0.1,0.1,0.0,0.0,0.2,0,0,-0.2, SG
295,Lou Williams,LAL,29,67,14,53,1907,0.5,0.1,0.4,40.8,0.1,0.2,34.4,0.2,0.2,83.0,0.0,0.1,0.1,0.1,0.1,0.0,0.0,0.1,0,0,-0.2, PF
296,Luc Mbah a Moute,LAC,29,75,49,26,1274,0.2,0.1,0.2,45.4,0.0,0.0,32.5,0.0,0.0,52.6,0.1,0.1,0.1,0.0,0.0,0.0,0.0,0.1,0,0,0.1, C
297,Lucas Nogueira,TOR,23,29,17,12,225,0.3,0.1,0.2,63.6,0.0,0.0,33.3,0.0,0.1,53.3,0.1,0.1,0.2,0.0,0.1,0.1,0.1,0.1,0,0,0.1, SG
298,Luis Montero,POR,23,12,6,6,42,0.3,0.1,0.5,26.3,0.0,0.2,11.1,0.1,0.1,75.0,0.0,0.1,0.1,0.0,0.1,0.0,0.0,0.0,0,0,-0.9, PF
299,Luis Scola,TOR,36,76,50,26,1636,0.4,0.2,0.4,45.0,0.0,0.1,40.4,0.0,0.1,72.6,0.1,0.2,0.2,0.0,0.0,0.0,0.0,0.1,3,0,-0.0, SF
300,Luke Babbitt,NOP,27,47,16,31,845,0.4,0.1,0.3,42.2,0.1,0.1,40.4,0.1,0.1,78.0,0.0,0.1,0.2,0.1,0.0,0.0,0.0,0.1,1,0,-0.0, SF
301,Luol Deng,MIA,31,74,45,29,2394,0.4,0.1,0.3,45.5,0.0,0.1,34.4,0.1,0.1,75.5,0.1,0.1,0.2,0.1,0.0,0.0,0.0,0.1,13,0,0.0, SG
302,Manu Ginobili,SAS,38,58,47,11,1134,0.5,0.2,0.4,45.3,0.1,0.2,39.1,0.1,0.1,81.3,0.0,0.1,0.1,0.2,0.1,0.1,0.0,0.1,0,0,0.3, C
303,Marc Gasol,MEM,31,52,30,22,1791,0.5,0.2,0.4,46.4,0.0,0.0,66.7,0.1,0.1,82.9,0.0,0.2,0.2,0.1,0.1,0.0,0.0,0.1,9,1,0.0, PG
304,Marcelo Huertas,LAL,33,53,8,45,869,0.3,0.1,0.3,42.2,0.0,0.1,26.2,0.0,0.0,93.1,0.0,0.1,0.1,0.2,0.1,0.0,0.0,0.1,0,0,0.0, C
305,Marcin Gortat,WAS,32,75,35,40,2256,0.5,0.2,0.3,56.7,0.0,0.0,0.0,0.1,0.1,70.5,0.1,0.2,0.3,0.1,0.1,0.0,0.0,0.1,41,0,0.0, SG
306,Marco Belinelli,SAC,30,68,27,41,1672,0.4,0.1,0.4,38.6,0.1,0.2,30.6,0.1,0.1,83.3,0.0,0.1,0.1,0.1,0.1,0.0,0.0,0.1,0,0,-0.1, PF
307,Marcus Morris,DET,26,80,42,38,2856,0.4,0.1,0.3,43.4,0.0,0.1,36.2,0.1,0.1,74.9,0.0,0.1,0.1,0.1,0.1,0.0,0.0,0.1,4,0,0.1, PG
308,Marcus Smart,BOS,22,61,36,25,1667,0.3,0.1,0.3,34.8,0.0,0.1,25.3,0.1,0.1,77.7,0.1,0.1,0.1,0.1,0.1,0.1,0.0,0.1,2,1,0.1, SG
309,Marcus Thornton,WAS,29,61,32,29,1108,0.5,0.2,0.5,39.9,0.1,0.2,33.7,0.1,0.1,84.8,0.0,0.1,0.1,0.1,0.1,0.0,0.0,0.1,0,0,0.0, PG
310,Mario Chalmers,MIA,30,61,38,23,1373,0.5,0.1,0.3,41.0,0.0,0.1,30.9,0.2,0.2,83.2,0.0,0.1,0.1,0.2,0.1,0.1,0.0,0.1,0,0,0.1, SG
311,Mario Hezonja,ORL,21,79,33,46,1413,0.3,0.1,0.3,43.3,0.1,0.1,34.9,0.0,0.0,90.7,0.0,0.1,0.1,0.1,0.1,0.0,0.0,0.1,0,0,0.0, SG
312,Markel Brown,BKN,24,62,12,50,982,0.4,0.1,0.3,39.4,0.0,0.1,31.4,0.1,0.1,75.5,0.0,0.1,0.1,0.1,0.1,0.0,0.0,0.1,1,0,-0.2, PF
313,Markieff Morris,WAS,26,64,22,42,1629,0.5,0.2,0.4,42.5,0.0,0.1,30.3,0.1,0.1,73.5,0.0,0.2,0.2,0.1,0.1,0.0,0.0,0.1,2,0,-0.1, C
314,Marreese Speights,GSW,28,72,64,8,832,0.6,0.2,0.6,43.2,0.0,0.1,38.7,0.1,0.1,82.5,0.1,0.2,0.3,0.1,0.1,0.0,0.0,0.1,1,0,0.0, PF
315,Marvin Williams,CHA,30,81,47,34,2338,0.4,0.1,0.3,45.2,0.1,0.2,40.2,0.1,0.1,83.3,0.1,0.2,0.2,0.1,0.0,0.0,0.0,0.1,10,0,0.1, C
316,Mason Plumlee,POR,26,82,44,38,2083,0.4,0.1,0.3,51.6,0.0,0.0,0.0,0.1,0.2,64.2,0.1,0.2,0.3,0.1,0.1,0.0,0.0,0.1,15,0,0.0, SF
317,Matt Barnes,MEM,36,76,38,38,2190,0.3,0.1,0.3,38.1,0.1,0.2,32.2,0.1,0.1,80.4,0.0,0.1,0.2,0.1,0.1,0.0,0.0,0.1,7,1,-0.1, C
318,Matt Bonner,SAS,36,30,25,5,206,0.4,0.1,0.3,50.9,0.1,0.2,44.1,0.0,0.0,75.0,0.0,0.1,0.1,0.0,0.0,0.0,0.0,0.1,0,0,0.3, PG
319,Matthew Dellavedova,CLE,25,76,54,22,1867,0.3,0.1,0.3,40.5,0.1,0.1,41.0,0.0,0.0,86.4,0.0,0.1,0.1,0.2,0.1,0.0,0.0,0.1,1,0,0.2, SF
320,Maurice Harkless,POR,23,78,40,38,1457,0.3,0.1,0.3,47.4,0.0,0.1,27.9,0.1,0.1,62.2,0.1,0.1,0.2,0.1,0.0,0.0,0.0,0.1,4,0,0.0, SF
321,Metta World Peace,LAL,36,35,6,29,590,0.3,0.1,0.3,31.1,0.0,0.1,31.0,0.1,0.1,70.2,0.0,0.1,0.1,0.1,0.0,0.0,0.0,0.1,0,0,-0.1, PF
322,Meyers Leonard,POR,24,61,33,28,1333,0.4,0.1,0.3,44.8,0.1,0.2,37.7,0.0,0.0,76.1,0.0,0.2,0.2,0.1,0.1,0.0,0.0,0.1,4,0,0.1, SF
323,Michael Beasley,HOU,27,20,10,10,363,0.7,0.3,0.6,52.2,0.0,0.0,33.3,0.1,0.1,77.6,0.1,0.2,0.3,0.0,0.1,0.0,0.0,0.1,1,0,-0.2, PG
324,Michael Carter-Williams,MIL,24,54,21,33,1649,0.4,0.1,0.3,45.2,0.0,0.0,27.3,0.1,0.1,66.3,0.0,0.1,0.2,0.2,0.1,0.1,0.0,0.1,6,0,-0.1, SF
325,Michael Kidd-Gilchrist,CHA,22,7,5,2,205,0.4,0.2,0.3,54.1,0.0,0.0,42.9,0.1,0.1,69.0,0.1,0.2,0.2,0.0,0.0,0.0,0.0,0.0,2,0,0.3, PG
326,Mike Conley,MEM,28,56,33,23,1760,0.5,0.2,0.4,42.2,0.0,0.1,36.3,0.1,0.1,83.4,0.0,0.1,0.1,0.2,0.1,0.0,0.0,0.1,4,0,0.0, SG
327,Mike Dunleavy,CHI,35,31,13,18,703,0.3,0.1,0.3,41.0,0.1,0.1,39.4,0.0,0.1,78.4,0.0,0.1,0.1,0.1,0.0,0.0,0.0,0.1,0,0,-0.1, SG
328,Mike Miller,DEN,36,47,21,26,373,0.2,0.1,0.2,35.5,0.1,0.1,36.5,0.0,0.0,0.0,0.0,0.1,0.1,0.1,0.1,0.0,0.0,0.1,0,0,-0.2, PF
329,Mike Muscala,ATL,24,60,34,26,565,0.3,0.1,0.3,50.0,0.0,0.1,30.8,0.1,0.1,79.5,0.1,0.1,0.2,0.1,0.1,0.0,0.1,0.1,0,0,-0.1, PF
330,Mike Scott,ATL,27,75,46,29,1146,0.4,0.1,0.3,46.8,0.1,0.1,39.2,0.0,0.1,79.4,0.1,0.1,0.2,0.1,0.0,0.0,0.0,0.1,0,0,0.1, C
331,Miles Plumlee,MIL,27,61,23,38,870,0.4,0.2,0.3,60.1,0.0,0.0,0.0,0.0,0.1,57.6,0.1,0.2,0.3,0.0,0.1,0.0,0.1,0.1,0,0,-0.1, PF
332,Mirza Teletovic,PHX,30,79,23,56,1686,0.6,0.2,0.5,42.7,0.1,0.3,39.3,0.1,0.1,77.4,0.0,0.1,0.2,0.1,0.1,0.0,0.0,0.1,2,0,-0.1, PF
333,Mitch McGary,OKC,24,20,17,3,72,0.4,0.1,0.3,47.8,0.0,0.1,0.0,0.1,0.1,40.0,0.1,0.2,0.3,0.0,0.1,0.0,0.0,0.1,0,0,-0.7, PG
334,Mo Williams,CLE,33,41,27,14,748,0.5,0.2,0.4,43.7,0.1,0.1,35.3,0.1,0.1,90.5,0.0,0.1,0.1,0.1,0.1,0.0,0.0,0.1,0,0,-0.1, SG
335,Monta Ellis,IND,30,81,44,37,2734,0.4,0.2,0.4,42.7,0.0,0.1,30.9,0.1,0.1,78.6,0.0,0.1,0.1,0.1,0.1,0.1,0.0,0.1,1,0,0.0, PF
336,Montrezl Harrell,HOU,22,39,17,22,379,0.4,0.1,0.2,64.4,0.0,0.0,0.0,0.1,0.1,52.2,0.1,0.1,0.2,0.0,0.0,0.0,0.0,0.1,0,0,0.1, C
337,Myles Turner,IND,20,60,32,28,1367,0.5,0.2,0.4,49.8,0.0,0.0,21.4,0.1,0.1,72.7,0.1,0.2,0.2,0.0,0.1,0.0,0.1,0.1,4,0,-0.1, PG
338,Nate Robinson,NOP,32,2,0,2,23,0.0,0.0,0.0,0.0,0.0,0.0,0.0,0.0,0.0,0.0,0.0,0.0,0.0,0.2,0.0,0.0,0.0,0.2,0,0,-0.9, C
339,Nazr Mohammed,OKC,38,5,5,0,19,0.4,0.1,0.3,60.0,0.0,0.0,0.0,0.1,0.1,100,0.1,0.1,0.2,0.0,0.1,0.0,0.0,0.2,0,0,-0.1, PF
340,Nemanja Bjelica,MIN,28,60,20,40,1075,0.3,0.1,0.2,46.8,0.0,0.1,38.4,0.0,0.1,72.7,0.1,0.1,0.2,0.1,0.0,0.0,0.0,0.1,3,0,-0.1, C
341,Nene,WAS,33,57,28,29,1094,0.5,0.2,0.3,54.4,0.0,0.0,0.0,0.1,0.2,57.8,0.1,0.2,0.2,0.1,0.1,0.1,0.0,0.1,1,0,0.0, PF
342,Nerlens Noel,PHI,22,67,10,57,1965,0.4,0.2,0.3,52.1,0.0,0.0,50.0,0.1,0.1,59.0,0.1,0.2,0.3,0.1,0.1,0.1,0.1,0.1,16,0,-0.2, PF
343,Nick Collison,OKC,35,59,39,20,699,0.2,0.1,0.2,45.9,0.0,0.0,0.0,0.0,0.1,69.7,0.1,0.1,0.2,0.1,0.1,0.0,0.0,0.1,0,0,0.0, SG
344,Nick Young,LAL,31,54,13,41,1033,0.4,0.1,0.4,33.9,0.1,0.2,32.5,0.1,0.1,82.9,0.0,0.1,0.1,0.0,0.0,0.0,0.0,0.1,0,0,-0.2, SG
345,Nicolas Batum,CHA,27,70,41,29,2448,0.4,0.1,0.4,42.6,0.1,0.2,34.8,0.1,0.1,84.9,0.0,0.1,0.2,0.2,0.1,0.0,0.0,0.1,11,2,0.1, SG
346,Nik Stauskas,PHI,22,73,8,65,1809,0.3,0.1,0.3,38.5,0.1,0.2,32.6,0.1,0.1,77.1,0.0,0.1,0.1,0.1,0.1,0.0,0.0,0.1,0,0,-0.2, PF
347,Nikola Jokic,DEN,21,80,31,49,1733,0.5,0.2,0.3,51.2,0.0,0.1,33.3,0.1,0.1,81.1,0.1,0.2,0.3,0.1,0.1,0.1,0.0,0.1,16,0,0.1, PF
348,Nikola Mirotic,CHI,25,66,37,29,1646,0.5,0.1,0.4,40.7,0.1,0.2,39.0,0.1,0.1,80.7,0.0,0.2,0.2,0.1,0.1,0.0,0.0,0.1,5,0,0.0, C
349,Nikola Pekovic,MIN,30,12,2,10,156,0.3,0.1,0.3,38.0,0.0,0.0,0.0,0.1,0.1,80.0,0.0,0.1,0.1,0.1,0.1,0.0,0.0,0.1,0,0,-0.4, C
350,Nikola Vucevic,ORL,25,65,28,37,2037,0.6,0.3,0.5,51.0,0.0,0.0,22.2,0.1,0.1,75.3,0.1,0.2,0.3,0.1,0.1,0.0,0.0,0.1,29,0,-0.0, PF
351,Noah Vonleh,POR,20,78,41,37,1174,0.2,0.1,0.2,42.1,0.0,0.0,23.9,0.0,0.0,74.5,0.1,0.2,0.3,0.0,0.0,0.0,0.0,0.1,0,0,-0.1, SG
352,Norman Powell,TOR,23,49,32,17,725,0.4,0.1,0.3,42.4,0.1,0.1,40.4,0.1,0.1,81.1,0.0,0.1,0.1,0.1,0.0,0.0,0.0,0.1,0,0,0.1, PG
353,Norris Cole,NOP,27,45,20,25,1198,0.4,0.2,0.4,40.5,0.0,0.1,32.4,0.0,0.1,80.0,0.0,0.1,0.1,0.1,0.1,0.0,0.0,0.1,2,0,-0.1, SG
354,O.J. Mayo,MIL,28,41,17,24,1090,0.3,0.1,0.3,37.1,0.1,0.1,32.1,0.0,0.0,77.5,0.0,0.1,0.1,0.1,0.1,0.0,0.0,0.1,0,0,-0.1, C
355,Omer Asik,NOP,29,68,29,39,1178,0.2,0.1,0.2,53.3,0.0,0.0,0.0,0.1,0.1,54.5,0.1,0.3,0.3,0.0,0.1,0.0,0.0,0.1,2,0,-0.2, SF
356,Omri Casspi,SAC,28,69,27,42,1880,0.4,0.2,0.3,48.1,0.1,0.1,40.9,0.1,0.1,64.8,0.0,0.2,0.2,0.1,0.1,0.0,0.0,0.1,6,0,0.0, SG
357,Orlando Johnson,NOP,27,7,1,6,102,0.3,0.1,0.3,26.5,0.0,0.1,20.0,0.1,0.1,75.0,0.0,0.1,0.1,0.0,0.0,0.0,0.0,0.1,0,0,-0.4, SF
358,Otto Porter,WAS,23,75,36,39,2276,0.4,0.1,0.3,47.3,0.0,0.1,36.7,0.0,0.1,75.4,0.0,0.1,0.2,0.1,0.0,0.1,0.0,0.1,5,0,0.0, SF
359,PJ Hairston,MEM,23,66,31,35,1313,0.3,0.1,0.3,35.5,0.1,0.2,29.0,0.0,0.1,78.1,0.0,0.1,0.1,0.0,0.0,0.0,0.0,0.1,1,0,-0.1, SF
360,PJ Tucker,PHX,31,82,23,59,2540,0.3,0.1,0.2,41.1,0.0,0.1,33.0,0.0,0.1,74.6,0.1,0.1,0.2,0.1,0.0,0.0,0.0,0.1,7,0,-0.1, PG
361,Pablo Prigioni,LAC,39,59,37,22,823,0.2,0.1,0.2,37.4,0.0,0.1,29.5,0.0,0.0,87.5,0.1,0.1,0.1,0.2,0.1,0.1,0.0,0.1,0,0,-0.1, SG
362,Pat Connaughton,POR,23,34,17,17,143,0.3,0.1,0.3,26.5,0.0,0.1,23.8,0.0,0.0,100,0.1,0.1,0.2,0.1,0.1,0.0,0.0,0.0,0,0,-0.1, PG
363,Patrick Beverley,HOU,27,71,35,36,2041,0.3,0.1,0.3,43.4,0.1,0.1,40.0,0.0,0.0,68.2,0.0,0.1,0.1,0.1,0.0,0.1,0.0,0.1,1,0,0.1, PF
364,Patrick Patterson,TOR,27,79,54,25,2020,0.3,0.1,0.2,41.4,0.1,0.1,36.2,0.0,0.0,85.3,0.0,0.1,0.2,0.1,0.0,0.0,0.0,0.1,0,0,0.2, PG
365,Patty Mills,SAS,27,81,66,15,1662,0.4,0.2,0.4,42.5,0.1,0.2,38.4,0.0,0.0,81.0,0.0,0.1,0.1,0.1,0.1,0.0,0.0,0.1,0,0,0.2, C
366,Pau Gasol,CHI,35,72,36,36,2291,0.5,0.2,0.4,46.9,0.0,0.0,34.8,0.1,0.1,79.2,0.1,0.3,0.3,0.1,0.1,0.0,0.1,0.1,46,2,0.0, SF
367,Paul George,IND,26,81,44,37,2819,0.7,0.2,0.5,41.8,0.1,0.2,37.1,0.2,0.2,86.0,0.0,0.2,0.2,0.1,0.1,0.1,0.0,0.1,15,0,0.1, PF
368,Paul Millsap,ATL,31,81,48,33,2647,0.5,0.2,0.4,47.0,0.0,0.1,31.9,0.1,0.1,75.7,0.1,0.2,0.3,0.1,0.1,0.1,0.1,0.1,32,0,0.1, SF
369,Paul Pierce,LAC,38,68,44,24,1231,0.3,0.1,0.3,36.3,0.1,0.2,31.0,0.0,0.1,81.8,0.0,0.1,0.1,0.1,0.1,0.0,0.0,0.1,0,0,0.1, PG
370,Phil Pressey,POR,25,23,3,20,283,0.3,0.1,0.3,38.5,0.0,0.1,22.2,0.1,0.1,52.0,0.0,0.1,0.1,0.3,0.1,0.1,0.0,0.1,0,0,-0.1, SF
371,Quincy Acy,SAC,25,59,21,38,876,0.3,0.1,0.2,55.6,0.0,0.1,38.8,0.1,0.1,73.5,0.1,0.1,0.2,0.0,0.0,0.0,0.0,0.1,0,0,-0.1, SG
372,RJ Hunter,BOS,22,36,21,15,315,0.3,0.1,0.3,36.7,0.1,0.2,30.2,0.0,0.0,85.7,0.0,0.1,0.1,0.0,0.0,0.0,0.0,0.1,0,0,-0.1, PG
373,Rajon Rondo,SAC,30,72,29,43,2537,0.3,0.1,0.3,45.4,0.0,0.1,36.5,0.0,0.1,58.0,0.0,0.1,0.2,0.3,0.1,0.1,0.0,0.1,37,6,-0.1, PF
374,Rakeem Christmas,IND,24,1,1,0,6,0.7,0.3,0.3,100,0.0,0.0,0.0,0.0,0.0,0.0,0.2,0.0,0.2,0.0,0.0,0.0,0.0,0.2,0,0,-1.6, PG
375,Ramon Sessions,WAS,30,82,41,41,1667,0.5,0.2,0.4,47.3,0.0,0.1,32.4,0.1,0.2,75.6,0.0,0.1,0.1,0.1,0.1,0.0,0.0,0.1,3,0,-0.0, SG
376,Randy Foye,OKC,32,81,37,44,1642,0.3,0.1,0.3,35.1,0.1,0.1,30.0,0.0,0.1,82.4,0.0,0.1,0.1,0.1,0.1,0.0,0.0,0.1,0,0,0.0, SG
377,Rashad Vaughn,MIL,19,70,30,40,1001,0.2,0.1,0.3,30.5,0.0,0.1,29.3,0.0,0.0,80.0,0.0,0.1,0.1,0.0,0.0,0.0,0.0,0.1,0,0,-0.1, SF
378,Rasual Butler,SAS,37,46,41,5,432,0.3,0.1,0.2,47.1,0.0,0.1,30.6,0.0,0.0,68.8,0.0,0.1,0.1,0.1,0.0,0.0,0.1,0.0,0,0,0.2, PG
379,Raul Neto,UTA,24,81,40,41,1499,0.3,0.1,0.3,43.1,0.0,0.1,39.5,0.0,0.1,74.3,0.0,0.1,0.1,0.1,0.1,0.0,0.0,0.1,0,0,0.1, PG
380,Ray McCallum,SAS,25,41,30,11,474,0.3,0.1,0.3,37.7,0.0,0.1,35.7,0.0,0.0,80.0,0.0,0.1,0.1,0.1,0.1,0.0,0.0,0.1,0,0,0.0, PG
381,Raymond Felton,DAL,32,80,40,40,2192,0.3,0.1,0.3,40.6,0.0,0.1,28.2,0.1,0.1,84.7,0.0,0.1,0.1,0.1,0.1,0.0,0.0,0.1,3,1,-0.0, SF
382,Reggie Bullock,DET,25,37,22,15,429,0.3,0.1,0.2,43.9,0.1,0.1,41.5,0.0,0.0,93.3,0.0,0.1,0.2,0.1,0.0,0.0,0.0,0.1,0,0,-0.1, PG
383,Reggie Jackson,DET,26,79,43,36,2424,0.6,0.2,0.5,43.4,0.1,0.1,35.3,0.1,0.1,86.4,0.0,0.1,0.1,0.2,0.1,0.0,0.0,0.1,9,0,0.1, SF
384,Richard Jefferson,CLE,36,74,51,23,1326,0.3,0.1,0.2,45.8,0.1,0.1,38.2,0.0,0.1,66.7,0.0,0.1,0.1,0.0,0.0,0.0,0.0,0.1,0,0,-0.0, PF
385,Richaun Holmes,PHI,22,51,7,44,702,0.4,0.2,0.3,51.4,0.0,0.1,18.2,0.1,0.1,68.9,0.1,0.1,0.2,0.1,0.1,0.0,0.1,0.1,0,0,-0.1, PG
386,Ricky Rubio,MIN,25,76,28,48,2323,0.3,0.1,0.3,37.4,0.0,0.1,32.6,0.1,0.1,84.7,0.0,0.1,0.1,0.3,0.1,0.1,0.0,0.1,14,0,0.0, SF
387,Robert Covington,PHI,25,67,10,57,1903,0.5,0.1,0.4,38.5,0.1,0.3,35.3,0.1,0.1,79.1,0.0,0.2,0.2,0.1,0.1,0.1,0.0,0.1,7,0,-0.1, C
388,Robert Sacre,LAL,27,25,2,23,320,0.3,0.1,0.2,41.3,0.0,0.0,0.0,0.1,0.1,65.8,0.1,0.1,0.2,0.0,0.0,0.0,0.0,0.1,0,0,-0.1, C
389,Robin Lopez,NYK,28,82,32,50,2219,0.4,0.2,0.3,53.9,0.0,0.0,0.0,0.1,0.1,79.5,0.1,0.1,0.3,0.1,0.1,0.0,0.1,0.1,15,0,-0.0, SG
390,Rodney Hood,UTA,23,79,39,40,2541,0.5,0.2,0.4,42.0,0.1,0.2,35.9,0.1,0.1,86.0,0.0,0.1,0.1,0.1,0.1,0.0,0.0,0.1,0,0,0.1, PG
391,Rodney Stuckey,IND,30,58,33,25,1275,0.4,0.1,0.3,41.3,0.0,0.1,24.1,0.1,0.1,82.9,0.0,0.1,0.1,0.1,0.1,0.0,0.0,0.1,0,0,0.0, SF
392,Rondae Hollis-Jefferson,BKN,21,29,7,22,615,0.3,0.1,0.2,45.7,0.0,0.0,28.6,0.1,0.1,71.2,0.1,0.2,0.3,0.1,0.0,0.1,0.0,0.1,2,0,-0.1, PG
393,Ronnie Price,PHX,33,62,20,42,1211,0.3,0.1,0.3,38.4,0.1,0.2,34.7,0.0,0.0,75.6,0.0,0.1,0.1,0.1,0.1,0.1,0.0,0.1,0,0,-0.1, C
394,Roy Hibbert,LAL,29,81,17,64,1878,0.3,0.1,0.2,44.3,0.0,0.0,0.0,0.1,0.1,80.7,0.1,0.1,0.2,0.1,0.0,0.0,0.1,0.1,3,0,-0.4, SF
395,Rudy Gay,SAC,29,70,29,41,2379,0.5,0.2,0.4,46.3,0.0,0.1,34.4,0.1,0.1,78.0,0.0,0.1,0.2,0.1,0.1,0.0,0.0,0.1,7,0,-0.0, C
396,Rudy Gobert,UTA,24,61,33,28,1932,0.3,0.1,0.2,55.9,0.0,0.0,0.0,0.1,0.1,56.9,0.1,0.2,0.3,0.1,0.1,0.0,0.1,0.1,20,0,0.1, PG
397,Russ Smith,MEM,25,15,6,9,66,0.3,0.1,0.3,31.8,0.0,0.1,20.0,0.1,0.2,61.5,0.0,0.1,0.1,0.2,0.1,0.1,0.0,0.1,0,0,-0.6, PG
398,Russell Westbrook,OKC,27,80,55,25,2749,0.7,0.2,0.5,45.4,0.0,0.1,29.6,0.2,0.2,81.2,0.1,0.2,0.2,0.3,0.1,0.1,0.0,0.1,54,18,0.2, PF
399,Ryan Anderson,NOP,28,66,24,42,2008,0.6,0.2,0.5,42.7,0.1,0.2,36.6,0.1,0.1,87.3,0.1,0.1,0.2,0.0,0.0,0.0,0.0,0.1,8,0,0.0, C
400,Ryan Hollins,MEM,31,37,18,19,460,0.3,0.1,0.2,62.0,0.0,0.0,0.0,0.1,0.1,61.9,0.1,0.1,0.2,0.0,0.1,0.0,0.1,0.1,0,0,-0.3, PF
401,Ryan Kelly,LAL,25,36,3,33,470,0.3,0.1,0.3,36.9,0.0,0.1,13.5,0.1,0.1,68.5,0.0,0.2,0.3,0.0,0.0,0.0,0.0,0.1,0,0,0.0, C
402,Salah Mejri,DAL,30,34,16,18,397,0.3,0.1,0.2,62.8,0.0,0.0,0.0,0.1,0.1,58.7,0.1,0.2,0.3,0.0,0.1,0.0,0.1,0.1,3,0,0.1, SF
403,Sam Dekker,HOU,22,3,1,2,6,0.0,0.0,0.0,0.0,0.0,0.0,0.0,0.0,0.0,0.0,0.0,0.2,0.2,0.0,0.0,0.2,0.0,0.0,0,0,-0.3, C
404,Sasha Kaun,CLE,31,25,18,7,95,0.2,0.1,0.2,52.9,0.0,0.0,0.0,0.1,0.1,45.5,0.1,0.1,0.3,0.0,0.1,0.0,0.1,0.1,0,0,-0.0, SG
405,Sasha Vujacic,NYK,32,61,22,39,908,0.3,0.1,0.3,38.3,0.1,0.2,36.4,0.0,0.0,82.1,0.0,0.1,0.2,0.1,0.1,0.0,0.0,0.1,0,0,-0.1, SG
406,Sean Kilpatrick,BKN,26,31,7,24,616,0.6,0.2,0.4,45.6,0.1,0.2,34.2,0.1,0.1,89.6,0.0,0.1,0.1,0.1,0.1,0.0,0.0,0.1,0,0,-0.2, PF
407,Serge Ibaka,OKC,26,78,54,24,2500,0.4,0.2,0.3,47.9,0.0,0.1,32.6,0.0,0.1,75.2,0.1,0.2,0.2,0.0,0.0,0.0,0.1,0.1,9,0,0.2, SG
408,Sergey Karasev,BKN,22,40,9,31,399,0.2,0.1,0.2,40.5,0.0,0.1,29.7,0.1,0.1,92.9,0.0,0.1,0.1,0.1,0.1,0.0,0.0,0.1,0,0,-0.0, SG
409,Seth Curry,SAC,25,44,17,27,692,0.4,0.1,0.3,45.5,0.1,0.2,45.0,0.1,0.1,83.3,0.0,0.1,0.1,0.1,0.1,0.0,0.0,0.1,1,0,-0.1, SF
410,Shabazz Muhammad,MIN,23,82,29,53,1682,0.5,0.2,0.4,46.5,0.0,0.1,28.9,0.1,0.1,76.4,0.1,0.1,0.2,0.0,0.0,0.0,0.0,0.1,0,0,-0.2, PG
411,Shabazz Napier,ORL,24,55,23,32,600,0.3,0.1,0.3,33.8,0.1,0.2,32.7,0.1,0.1,73.3,0.0,0.1,0.1,0.2,0.1,0.0,0.0,0.1,0,0,-0.1, PG
412,Shane Larkin,BKN,23,78,20,58,1751,0.3,0.1,0.3,44.2,0.0,0.1,36.1,0.1,0.1,77.6,0.0,0.1,0.1,0.2,0.1,0.1,0.0,0.1,0,0,-0.2, PG
413,Shaun Livingston,GSW,30,78,69,9,1520,0.3,0.1,0.3,53.6,0.0,0.0,16.7,0.1,0.1,86.0,0.0,0.1,0.1,0.2,0.1,0.0,0.0,0.1,0,0,0.1, PF
414,Shayne Whittington,IND,25,7,4,3,41,0.3,0.1,0.3,45.5,0.0,0.1,0.0,0.0,0.1,50.0,0.1,0.2,0.3,0.1,0.1,0.0,0.0,0.2,0,0,-0.1, PG
415,Shelvin Mack,UTA,26,52,27,25,1058,0.4,0.2,0.4,43.9,0.0,0.1,31.2,0.0,0.1,73.8,0.0,0.1,0.1,0.2,0.1,0.0,0.0,0.1,3,0,0.1, SF
416,Solomon Hill,IND,25,59,31,28,866,0.3,0.1,0.2,44.7,0.0,0.1,32.4,0.0,0.1,85.7,0.1,0.1,0.2,0.1,0.0,0.0,0.0,0.1,1,0,0.1, SG
417,Sonny Weems,PHX,29,43,6,37,498,0.2,0.1,0.2,38.2,0.0,0.1,36.6,0.0,0.0,53.3,0.0,0.1,0.1,0.1,0.1,0.0,0.0,0.1,0,0,-0.2, PG
418,Spencer Dinwiddie,CHI,23,12,5,7,159,0.4,0.1,0.3,35.2,0.0,0.1,10.0,0.1,0.2,57.6,0.0,0.1,0.1,0.1,0.0,0.0,0.0,0.1,0,0,-0.3, PF
419,Spencer Hawes,CHA,28,57,30,27,1035,0.3,0.1,0.3,40.5,0.0,0.1,37.3,0.1,0.1,83.1,0.1,0.2,0.2,0.1,0.1,0.0,0.0,0.1,1,0,0.0, SF
420,Stanley Johnson,DET,20,73,37,36,1687,0.3,0.1,0.4,37.5,0.0,0.1,30.7,0.1,0.1,78.4,0.0,0.1,0.2,0.1,0.1,0.0,0.0,0.1,3,0,-0.1, PG
421,Stephen Curry,GSW,28,79,71,8,2700,0.9,0.3,0.6,50.4,0.1,0.3,45.4,0.1,0.1,90.8,0.0,0.1,0.2,0.2,0.1,0.1,0.0,0.1,15,2,0.4, PG
422,Steve Blake,DET,36,58,34,24,986,0.3,0.1,0.2,38.8,0.1,0.1,34.4,0.0,0.0,80.0,0.0,0.1,0.1,0.2,0.1,0.0,0.0,0.1,0,0,-0.1, SF
423,Steve Novak,MIL,33,10,8,2,44,0.5,0.2,0.4,44.4,0.2,0.3,46.7,0.0,0.0,100,0.0,0.1,0.1,0.0,0.0,0.0,0.0,0.1,0,0,0.2, C
424,Steven Adams,OKC,22,80,54,26,2014,0.3,0.1,0.2,61.3,0.0,0.0,0.0,0.1,0.1,58.2,0.1,0.2,0.3,0.0,0.0,0.0,0.0,0.1,6,0,0.2, PG
425,TJ McConnell,PHI,24,81,10,71,1606,0.3,0.1,0.3,47.0,0.0,0.1,34.8,0.0,0.0,63.4,0.0,0.1,0.2,0.2,0.1,0.1,0.0,0.1,0,0,-0.2, SF
426,TJ Warren,PHX,22,47,14,33,1070,0.5,0.2,0.4,50.1,0.0,0.1,40.0,0.0,0.1,70.3,0.1,0.1,0.1,0.0,0.0,0.0,0.0,0.1,1,0,-0.1, PF
427,Taj Gibson,CHI,31,73,37,36,1936,0.3,0.1,0.3,52.6,0.0,0.0,0.0,0.1,0.1,69.2,0.1,0.1,0.3,0.1,0.0,0.0,0.0,0.1,7,0,-0.1, C
428,Tarik Black,LAL,24,39,6,33,496,0.3,0.1,0.2,54.8,0.0,0.0,0.0,0.0,0.1,42.2,0.1,0.2,0.3,0.0,0.0,0.0,0.0,0.2,0,0,0.0, SF
429,Tayshaun Prince,MIN,36,77,27,50,1462,0.1,0.1,0.2,44.5,0.0,0.0,17.4,0.0,0.0,68.4,0.0,0.1,0.1,0.1,0.0,0.0,0.0,0.0,0,0,-0.1, PF
430,Terrence Jones,HOU,24,50,24,26,1044,0.4,0.2,0.3,45.2,0.0,0.1,31.6,0.1,0.1,66.4,0.1,0.1,0.2,0.0,0.1,0.0,0.0,0.1,0,0,-0.2, SF
431,Terrence Ross,TOR,25,73,53,20,1747,0.4,0.1,0.4,43.1,0.1,0.2,38.8,0.0,0.0,79.0,0.0,0.1,0.1,0.0,0.0,0.0,0.0,0.1,1,0,0.1, PG
432,Terry Rozier,BOS,22,39,24,15,311,0.2,0.1,0.3,27.4,0.0,0.1,22.2,0.0,0.0,80.0,0.1,0.1,0.2,0.1,0.1,0.0,0.0,0.1,0,0,-0.1, SF
433,Thabo Sefolosha,ATL,32,75,42,33,1758,0.3,0.1,0.2,50.7,0.0,0.1,34.1,0.0,0.1,62.6,0.0,0.2,0.2,0.1,0.0,0.1,0.0,0.1,1,0,-0.0, PF
434,Thaddeus Young,BKN,28,73,21,52,2408,0.5,0.2,0.4,51.4,0.0,0.0,23.3,0.0,0.1,64.4,0.1,0.2,0.3,0.1,0.1,0.1,0.0,0.1,28,0,-0.1, SF
435,Thanasis Antetokounmpo,NYK,23,2,1,1,6,1.0,0.5,0.6,75.0,0.0,0.2,0.0,0.0,0.0,0.0,0.0,0.2,0.2,0.0,0.0,0.0,0.0,0.3,0,0,-1.0, PF
436,Thomas Robinson,BKN,25,71,16,55,916,0.3,0.1,0.3,44.7,0.0,0.0,0.0,0.1,0.1,43.1,0.1,0.2,0.4,0.1,0.1,0.0,0.0,0.1,8,0,-0.3, C
437,Tiago Splitter,ATL,31,36,21,15,579,0.3,0.1,0.3,52.3,0.0,0.0,0.0,0.1,0.1,81.3,0.1,0.1,0.2,0.1,0.0,0.0,0.0,0.1,0,0,0.2, C
438,Tibor Pleiss,UTA,26,12,7,5,82,0.3,0.1,0.3,44.0,0.0,0.0,0.0,0.0,0.0,100,0.1,0.1,0.2,0.0,0.1,0.0,0.0,0.2,0,0,-0.2, C
439,Tim Duncan,SAS,40,61,50,11,1536,0.3,0.1,0.3,48.8,0.0,0.0,0.0,0.1,0.1,70.2,0.1,0.2,0.3,0.1,0.1,0.0,0.1,0.1,11,0,0.3, PG
440,Tim Frazier,NOP,25,51,25,26,741,0.3,0.1,0.3,41.9,0.0,0.1,33.3,0.1,0.1,71.6,0.0,0.1,0.1,0.2,0.1,0.0,0.0,0.1,2,0,-0.0, SG
441,Tim Hardaway Jr.,ATL,24,51,29,22,864,0.4,0.1,0.3,43.0,0.1,0.2,33.6,0.1,0.1,89.3,0.0,0.1,0.1,0.1,0.0,0.0,0.0,0.1,0,0,0.1, C
442,Timofey Mozgov,CLE,29,76,52,24,1326,0.4,0.1,0.3,56.5,0.0,0.0,14.3,0.1,0.1,71.6,0.1,0.2,0.3,0.0,0.1,0.0,0.0,0.1,2,0,0.0, SF
443,Tobias Harris,DET,23,76,37,39,2513,0.4,0.2,0.3,46.9,0.0,0.1,33.5,0.1,0.1,83.1,0.0,0.2,0.2,0.1,0.0,0.0,0.0,0.1,12,0,0.0, PG
444,Toney Douglas,NOP,30,61,22,39,1262,0.4,0.1,0.3,41.1,0.1,0.2,39.9,0.1,0.1,84.8,0.0,0.1,0.1,0.1,0.1,0.1,0.0,0.1,1,0,-0.1, SG
445,Tony Allen,MEM,34,64,34,30,1620,0.3,0.1,0.3,45.8,0.0,0.0,35.7,0.1,0.1,65.2,0.1,0.1,0.2,0.0,0.1,0.1,0.0,0.1,1,0,-0.1, PG
446,Tony Parker,SAS,34,72,59,13,1980,0.4,0.2,0.4,49.3,0.0,0.0,41.5,0.1,0.1,76.0,0.0,0.1,0.1,0.2,0.1,0.0,0.0,0.1,3,0,0.2, SG
447,Tony Snell,CHI,24,64,33,31,1301,0.3,0.1,0.3,37.2,0.0,0.1,36.1,0.0,0.0,90.9,0.0,0.1,0.1,0.1,0.0,0.0,0.0,0.1,1,0,0.1, SG
448,Tony Wroten,NYK,23,8,0,8,144,0.5,0.1,0.5,33.8,0.0,0.1,17.6,0.1,0.3,54.1,0.0,0.1,0.1,0.1,0.2,0.0,0.0,0.1,0,0,-0.5, SF
449,Trevor Ariza,HOU,31,81,40,41,2859,0.4,0.1,0.3,41.6,0.1,0.2,37.1,0.0,0.1,78.3,0.0,0.1,0.1,0.1,0.0,0.1,0.0,0.1,1,0,0.0, PF
450,Trevor Booker,UTA,28,79,39,40,1632,0.3,0.1,0.2,49.0,0.0,0.0,29.3,0.0,0.1,67.0,0.1,0.2,0.3,0.1,0.1,0.0,0.0,0.1,4,0,0.0, PG
451,Trey Burke,UTA,23,64,31,33,1366,0.5,0.2,0.5,41.3,0.1,0.2,34.4,0.1,0.1,81.7,0.0,0.1,0.1,0.1,0.1,0.0,0.0,0.1,0,0,0.0, PF
452,Trey Lyles,UTA,20,80,38,42,1382,0.3,0.1,0.3,43.8,0.0,0.1,38.3,0.0,0.1,69.5,0.0,0.2,0.2,0.0,0.1,0.0,0.0,0.1,2,0,-0.0, C
453,Tristan Thompson,CLE,25,82,57,25,2269,0.3,0.1,0.2,58.8,0.0,0.0,0.0,0.1,0.1,61.6,0.1,0.2,0.3,0.0,0.0,0.0,0.0,0.1,23,0,0.2, SG
454,Troy Daniels,CHA,24,43,25,18,476,0.5,0.2,0.4,47.6,0.1,0.3,48.4,0.0,0.0,55.6,0.0,0.1,0.1,0.0,0.1,0.0,0.0,0.1,0,0,-0.1, PG
455,Ty Lawson,IND,28,66,31,35,1411,0.3,0.1,0.3,39.3,0.0,0.1,33.3,0.0,0.1,68.6,0.0,0.1,0.1,0.2,0.1,0.0,0.0,0.1,1,0,-0.1, PG
456,Tyler Ennis,MIL,21,46,17,29,654,0.3,0.1,0.3,44.9,0.0,0.1,33.3,0.0,0.1,73.5,0.0,0.1,0.1,0.1,0.1,0.0,0.0,0.1,0,0,-0.1, PF
457,Tyler Hansbrough,CHA,30,44,28,16,343,0.3,0.1,0.2,45.1,0.0,0.0,66.7,0.1,0.2,58.5,0.1,0.1,0.3,0.0,0.0,0.0,0.0,0.2,1,0,-0.1, SG
458,Tyler Johnson,MIA,24,36,19,17,863,0.4,0.1,0.3,48.6,0.0,0.1,38.0,0.1,0.1,79.7,0.0,0.1,0.1,0.1,0.1,0.0,0.0,0.1,0,0,0.0, C
459,Tyler Zeller,BOS,26,60,38,22,710,0.5,0.2,0.4,47.6,0.0,0.0,0.0,0.1,0.1,81.5,0.1,0.2,0.3,0.0,0.1,0.0,0.0,0.1,1,0,-0.1, SG
460,Tyreke Evans,NOP,26,25,11,14,765,0.5,0.2,0.4,43.3,0.0,0.1,38.8,0.1,0.1,79.6,0.0,0.1,0.2,0.2,0.1,0.0,0.0,0.1,6,0,-0.0, C
461,Tyson Chandler,PHX,33,66,18,48,1618,0.3,0.1,0.2,58.3,0.0,0.0,0.0,0.1,0.1,62.0,0.1,0.3,0.4,0.0,0.1,0.0,0.0,0.1,20,0,-0.2, PG
462,Tyus Jones,MIN,20,37,13,24,573,0.3,0.1,0.3,35.9,0.0,0.1,30.2,0.1,0.1,71.8,0.0,0.1,0.1,0.2,0.1,0.1,0.0,0.1,0,0,-0.2, PF
463,Udonis Haslem,MIA,36,37,25,12,260,0.2,0.1,0.2,37.7,0.0,0.0,11.1,0.0,0.1,78.6,0.0,0.3,0.3,0.1,0.0,0.0,0.0,0.1,0,0,-0.1, SG
464,Victor Oladipo,ORL,24,72,32,40,2380,0.5,0.2,0.4,43.8,0.0,0.1,34.8,0.1,0.1,83.0,0.0,0.1,0.1,0.1,0.1,0.1,0.0,0.1,3,1,-0.0, SG
465,Vince Carter,MEM,39,60,33,27,1005,0.4,0.1,0.3,38.8,0.1,0.2,34.9,0.1,0.1,83.3,0.0,0.1,0.1,0.1,0.0,0.0,0.0,0.1,0,0,-0.0, C
466,Wayne Ellington,BKN,28,76,18,58,1615,0.4,0.1,0.3,38.9,0.1,0.2,35.8,0.0,0.0,85.7,0.0,0.1,0.1,0.1,0.0,0.0,0.0,0.1,0,0,-0.2, SG
467,Wesley Johnson,LAC,28,80,51,29,1666,0.3,0.1,0.3,40.4,0.1,0.2,33.3,0.0,0.0,65.2,0.0,0.1,0.1,0.0,0.0,0.1,0.0,0.1,0,0,0.1, SF
468,Wesley Matthews,DAL,29,78,40,38,2644,0.4,0.1,0.3,38.8,0.1,0.2,36.0,0.1,0.1,86.3,0.0,0.1,0.1,0.1,0.0,0.0,0.0,0.1,0,0,0.0, SG
469,Will Barton,DEN,25,82,33,49,2353,0.5,0.2,0.4,43.2,0.1,0.1,34.5,0.1,0.1,80.6,0.0,0.2,0.2,0.1,0.1,0.0,0.0,0.1,6,0,-0.1, SG
470,Willie Cauley-Stein,SAC,22,66,26,40,1412,0.3,0.1,0.2,56.3,0.0,0.0,0.0,0.1,0.1,64.8,0.1,0.1,0.3,0.0,0.0,0.0,0.1,0.1,3,0,-0.1, C
471,Willie Reed,BKN,26,39,8,31,426,0.4,0.2,0.3,57.1,0.0,0.0,0.0,0.1,0.1,54.5,0.1,0.2,0.3,0.0,0.0,0.0,0.1,0.1,0,0,-0.2, PF
472,Xavier Munford,MEM,24,14,3,11,244,0.3,0.1,0.3,41.6,0.0,0.1,39.1,0.0,0.1,50.0,0.0,0.1,0.1,0.1,0.1,0.1,0.0,0.1,0,0,-0.1, PG
473,Zach LaVine,MIN,21,82,29,53,2294,0.5,0.2,0.4,45.2,0.1,0.1,38.9,0.1,0.1,79.3,0.0,0.1,0.1,0.1,0.1,0.0,0.0,0.1,0,0,-0.1, PG
474,Zach Randolph,MEM,34,68,37,31,2016,0.5,0.2,0.5,47.5,0.0,0.0,23.1,0.1,0.1,79.6,0.1,0.2,0.3,0.1,0.1,0.0,0.0,0.1,17,1,-0.0, PF
475,Zaza Pachulia,DAL,32,76,40,36,2004,0.3,0.1,0.2,46.6,0.0,0.0,0.0,0.1,0.1,76.8,0.1,0.2,0.4,0.1,0.1,0.0,0.0,0.1,26,0,0.0, C
