,PLAYER,TEAM,AGE,GP,W,L,MIN,PTS,FGM,FGA,FG%,3PM,3PA,3P%,FTM,FTA,FT%,OREB,DREB,REB,AST,TOV,STL,BLK,PF,DD2,TD3,+/-,PosicAbbrev
0,Aaron Brooks,CHI,31,69,36,33,1108,491,188,469,40.1,66,185,35.7,49,64,76.6,21,80,101,180,82,30,10,132,0,0,-10, PG
1,Aaron Gordon,ORL,20,78,32,46,1863,719,274,579,47.3,42,142,29.6,129,193,66.8,154,353,507,128,66,59,55,153,12,0,-76, PF
2,Aaron Harrison,CHA,21,21,15,6,93,18,5,19,26.3,3,10,30.0,5,12,41.7,4,11,15,2,4,6,0,10,0,0,-7, SG
3,Adreian Payne,MIN,25,52,18,34,486,132,53,145,36.6,9,32,28.1,17,26,65.4,20,91,111,29,36,16,11,77,0,0,-120, PF
4,Al Horford,ATL,30,82,48,34,2631,1249,529,1048,50.5,88,256,34.4,103,129,79.8,148,448,596,263,107,68,121,163,17,0,231, C
5,Al Jefferson,CHA,31,47,33,14,1096,562,245,505,48.5,0,0,0.0,72,111,64.9,57,244,301,70,34,30,41,117,7,0,46, C
6,Al-Farouq Aminu,POR,25,82,44,38,2341,839,299,719,41.6,126,349,36.1,115,156,73.7,98,401,499,138,120,72,53,171,8,0,58, SF
7,Alan Anderson,WAS,33,13,8,5,192,65,21,59,35.6,12,37,32.4,11,15,73.3,1,26,27,14,2,4,1,25,0,0,30, SG
8,Alan Williams,PHX,23,10,3,7,68,29,10,24,41.7,0,0,0.0,9,14,64.3,14,24,38,5,6,4,5,15,1,0,1, PF
9,Alec Burks,UTA,24,31,13,18,797,412,137,334,41.0,32,79,40.5,106,141,75.2,16,93,109,63,51,18,4,71,0,0,-13, SG
10,Alex Len,PHX,23,78,23,55,1821,703,264,624,42.3,1,7,14.3,174,239,72.8,178,416,594,97,145,38,62,230,19,0,-289, C
11,Alex Stepheson,MEM,28,8,2,6,72,22,9,27,33.3,0,0,0.0,4,12,33.3,19,9,28,2,0,1,5,12,1,0,-2, PF
12,Alexis Ajinca,NOP,28,59,20,39,861,352,150,315,47.6,0,1,0.0,52,62,83.9,75,194,269,31,54,19,36,134,4,0,-65, C
13,Allen Crabbe,POR,24,81,43,38,2105,832,311,678,45.9,112,285,39.3,98,113,86.7,27,189,216,99,64,63,16,192,0,0,43, SG
14,Alonzo Gee,NOP,29,73,27,46,1632,325,132,255,51.8,17,60,28.3,44,66,66.7,60,185,245,72,55,63,13,169,0,0,-195, SF
15,Amar'e Stoudemire,MIA,33,52,30,22,762,300,125,221,56.6,0,0,0.0,50,67,74.6,65,157,222,27,47,18,41,92,2,0,11, C
16,Amir Johnson,BOS,29,79,45,34,1800,577,249,426,58.5,10,43,23.3,69,121,57.0,178,327,505,138,94,52,83,214,8,0,136, PF
17,Anderson Varejao,GSW,33,53,41,12,496,138,53,124,42.7,0,1,0.0,32,50,64.0,37,104,141,35,22,16,10,70,0,0,21, C
18,Andre Drummond,DET,22,81,43,38,2666,1314,552,1060,52.1,2,6,33.3,208,586,35.5,395,803,1198,67,155,119,112,245,66,0,126, C
19,Andre Iguodala,GSW,32,65,59,6,1732,457,176,368,47.8,54,154,35.1,51,83,61.4,52,211,263,219,79,73,19,102,1,0,458, SF
20,Andre Miller,SAS,40,39,20,19,461,144,59,106,55.7,2,8,25.0,24,32,75.0,12,39,51,87,37,16,0,46,0,0,32, PG
21,Andre Roberson,OKC,24,70,48,22,1553,337,136,274,49.6,32,103,31.1,33,54,61.1,79,172,251,47,35,53,42,133,0,0,261, SF
22,Andrea Bargnani,BKN,30,46,11,35,634,304,127,279,45.5,3,16,18.8,47,57,82.5,28,69,97,18,26,4,9,61,0,0,-191, C
23,Andrew Bogut,GSW,31,70,62,8,1451,375,175,279,62.7,1,1,100,24,50,48.0,121,371,492,162,83,33,114,221,5,0,397, C
24,Andrew Goudelock,HOU,27,8,5,3,50,22,9,20,45.0,1,9,11.1,3,4,75.0,1,1,2,4,7,6,2,4,0,0,10, PG
25,Andrew Nicholson,ORL,26,56,22,34,823,384,146,310,47.1,41,114,36.0,51,65,78.5,34,167,201,25,41,10,22,69,0,0,34, PF
26,Andrew Wiggins,MIN,21,81,29,52,2845,1675,594,1294,45.9,57,190,30.0,430,565,76.1,105,186,291,164,182,78,46,165,1,0,-67, SF
27,Anthony Bennett,TOR,23,19,12,7,84,28,8,27,29.6,3,14,21.4,9,10,90.0,6,17,23,0,4,5,0,8,0,0,-30, PF
28,Anthony Brown,LAL,23,29,4,25,599,115,39,126,31.0,20,70,28.6,17,20,85.0,9,61,70,19,15,14,5,34,0,0,-35, SF
29,Anthony Davis,NOP,23,61,24,37,2164,1481,560,1136,49.3,35,108,32.4,326,430,75.8,130,497,627,116,121,78,125,148,36,0,-200, PF
30,Anthony Morrow,OKC,30,68,46,22,926,380,136,333,40.8,79,204,38.7,29,39,74.4,10,52,62,24,17,22,5,64,0,0,110, SG
31,Anthony Tolliver,DET,31,72,36,36,1341,383,128,332,38.6,98,272,36.0,29,47,61.7,39,190,229,52,28,26,16,86,0,0,8, PF
32,Archie Goodwin,PHX,21,57,14,43,1114,505,176,422,41.7,23,99,23.2,130,193,67.4,27,115,142,118,100,27,13,84,1,0,-209, SG
33,Aron Baynes,DET,29,81,43,38,1233,514,194,384,50.5,0,2,0.0,126,165,76.4,140,244,384,51,67,21,52,151,1,0,-55, C
34,Arron Afflalo,NYK,30,71,27,44,2371,909,354,799,44.3,91,238,38.2,110,131,84.0,23,243,266,144,82,25,10,142,1,0,-149, SG
35,Austin Rivers,LAC,23,67,42,25,1464,593,226,516,43.8,62,185,33.5,79,116,68.1,22,108,130,99,61,48,9,137,0,0,-161, PG
36,Avery Bradley,BOS,25,76,45,31,2536,1155,456,1019,44.7,147,407,36.1,96,123,78.0,48,172,220,158,109,117,19,164,0,0,212, SG
37,Axel Toupane,DEN,23,21,9,12,305,76,25,70,35.7,13,40,32.5,13,17,76.5,8,23,31,15,6,7,6,40,0,0,-17, SG
38,Ben McLemore,SAC,23,68,28,40,1443,531,195,455,42.9,67,185,36.2,74,103,71.8,34,114,148,79,99,52,10,140,0,0,20, SG
39,Beno Udrih,MEM,33,44,26,18,708,205,86,198,43.4,15,44,34.1,18,20,90.0,8,64,72,116,53,14,1,51,1,0,-23, PG
40,Bismack Biyombo,TOR,23,82,56,26,1808,454,156,288,54.2,0,1,0.0,142,226,62.8,182,473,655,29,71,19,133,225,9,0,85, C
41,Blake Griffin,LAC,27,35,22,13,1170,749,301,603,49.9,6,18,33.3,141,194,72.7,51,243,294,170,83,28,17,95,13,0,182, PF
42,Boban Marjanovic,SAS,27,54,47,7,508,297,105,174,60.3,0,0,0.0,87,114,76.3,73,121,194,21,29,12,23,54,3,0,55, C
43,Bobby Portis,CHI,21,62,29,33,1102,436,186,436,42.7,16,52,30.8,48,66,72.7,123,214,337,52,54,25,22,100,6,0,-178, PF
44,Bojan Bogdanovic,BKN,27,79,21,58,2115,887,324,749,43.3,129,338,38.2,110,132,83.3,36,219,255,99,115,29,5,119,1,0,-391, SG
45,Boris Diaw,SAS,34,76,64,12,1386,485,202,383,52.7,25,69,36.2,56,76,73.7,58,175,233,176,97,26,21,102,0,0,292, C
46,Bradley Beal,WAS,23,55,28,27,1708,958,359,799,44.9,105,271,38.7,135,176,76.7,41,147,188,162,112,54,11,117,0,0,-24, SG
47,Brandan Wright,MEM,28,12,6,6,212,83,35,52,67.3,0,0,0.0,13,24,54.2,14,29,43,6,10,5,15,21,0,0,-57, PF
48,Branden Dawson,LAC,23,6,5,1,29,5,2,5,40.0,0,0,0.0,1,1,100,2,2,4,0,0,0,1,2,0,0,-15, SF
49,Brandon Bass,LAL,31,66,16,50,1342,473,174,317,54.9,0,2,0.0,125,148,84.5,104,181,285,74,42,33,55,125,0,0,-22, PF
50,Brandon Jennings,ORL,26,48,20,28,867,332,112,304,36.8,51,155,32.9,57,78,73.1,16,80,96,170,57,29,7,57,1,0,13, PG
51,Brandon Knight,PHX,24,52,16,36,1870,1018,371,895,41.5,120,351,34.2,156,183,85.2,36,166,202,263,177,61,20,124,4,1,-208, PG
52,Brandon Rush,GSW,30,72,63,9,1055,305,111,260,42.7,65,157,41.4,18,28,64.3,21,160,181,57,33,20,23,57,0,0,-33, SG
53,Brian Roberts,POR,30,51,26,25,470,205,74,165,44.8,15,42,35.7,42,47,89.4,6,35,41,54,23,10,2,35,0,0,-63, PG
54,Briante Weber,MIA,23,7,3,4,169,31,14,39,35.9,0,5,0.0,3,4,75.0,8,17,25,21,9,9,3,12,0,0,-67, PG
55,Brook Lopez,BKN,28,73,21,52,2457,1501,591,1157,51.1,2,14,14.3,317,403,78.7,204,369,573,146,175,58,124,215,26,0,-121, C
56,Bruno Caboclo,TOR,20,6,6,0,43,3,1,12,8.3,1,7,14.3,0,0,0.0,1,1,2,1,4,2,1,2,0,0,-8, SF
57,Bryce Cotton,MEM,23,8,1,7,39,8,4,10,40.0,0,3,0.0,0,0,0.0,0,0,0,3,5,3,0,2,0,0,-24, PG
58,Bryce Dejean-Jones,NOP,23,14,8,6,279,79,28,69,40.6,12,32,37.5,11,21,52.4,8,40,48,15,11,10,2,17,0,0,-39, SG
59,CJ McCollum,POR,24,80,44,36,2780,1666,641,1431,44.8,197,472,41.7,187,226,82.7,47,212,259,341,196,97,23,187,2,0,154, SG
60,CJ Miles,IND,29,64,34,30,1464,753,259,634,40.9,142,387,36.7,93,124,75.0,25,150,175,63,70,53,29,142,0,0,2, SF
61,CJ Watson,ORL,32,33,14,19,656,142,47,137,34.3,14,48,29.2,34,39,87.2,10,56,66,88,25,19,5,49,0,0,-51, PG
62,CJ Wilcox,LAC,25,23,15,8,167,70,26,66,39.4,9,23,39.1,9,12,75.0,1,11,12,10,2,10,2,15,0,0,22, SG
63,Cameron Bairstow,DET,25,18,4,14,103,34,13,40,32.5,1,5,20.0,7,8,87.5,4,24,28,6,4,2,3,19,0,0,-8, PF
64,Cameron Payne,OKC,21,57,44,13,698,283,114,278,41.0,36,111,32.4,19,24,79.2,9,76,85,108,44,36,6,80,0,0,-28, PG
65,Carl Landry,PHI,32,36,5,31,569,351,139,250,55.6,6,13,46.2,67,91,73.6,49,97,146,32,22,12,9,69,0,0,-111, PF
66,Carmelo Anthony,NYK,32,72,32,40,2530,1573,567,1307,43.4,105,310,33.9,334,403,82.9,98,458,556,299,176,62,38,180,22,0,-41, SF
67,Caron Butler,SAC,36,17,2,15,176,63,25,59,42.4,3,18,16.7,10,12,83.3,5,17,22,10,3,9,1,19,0,0,-41, SF
68,Chandler Parsons,DAL,27,61,29,32,1799,837,320,651,49.2,104,251,41.4,93,136,68.4,29,256,285,169,95,46,21,114,3,0,-5, SF
69,Channing Frye,CLE,33,70,35,35,1199,425,152,347,43.8,91,235,38.7,30,35,85.7,35,199,234,71,43,29,28,127,0,0,104, PF
70,Charles Hayes,LAC,33,2,1,1,24,4,1,2,50.0,0,0,0.0,2,2,100,0,8,8,2,3,0,0,6,0,0,-3, PF
71,Charlie Villanueva,DAL,31,62,29,33,665,319,125,327,38.2,47,172,27.3,22,24,91.7,24,128,152,24,31,18,15,71,0,0,-88, PF
72,Chase Budinger,PHX,28,66,29,37,930,271,104,239,43.5,24,86,27.9,39,56,69.6,43,107,150,64,44,32,10,62,0,0,0, SF
73,Chris Andersen,MEM,37,27,11,16,403,105,38,72,52.8,4,14,28.6,25,36,69.4,36,62,98,12,9,15,13,29,0,0,-70, PF
74,Chris Bosh,MIA,32,53,29,24,1778,1010,358,767,46.7,81,222,36.5,213,268,79.5,48,342,390,128,78,36,34,101,15,0,31, PF
75,Chris Copeland,MIL,32,24,10,14,156,50,17,51,33.3,10,36,27.8,6,7,85.7,1,9,10,11,6,2,0,17,0,0,-80, SF
76,Chris Johnson,UTA,26,70,38,32,857,205,72,194,37.1,27,99,27.3,34,42,81.0,27,105,132,45,40,32,20,100,0,0,0, SF
77,Chris Kaman,POR,34,16,11,5,112,44,20,43,46.5,1,4,25.0,3,3,100,7,17,24,11,8,1,1,15,0,0,-31, C
78,Chris McCullough,BKN,21,24,7,17,362,112,44,109,40.4,13,34,38.2,11,23,47.8,25,43,68,9,15,28,12,39,0,0,-119, PF
79,Chris Paul,LAC,31,74,50,24,2420,1446,515,1114,46.2,122,329,37.1,294,328,89.6,39,271,310,738,194,152,13,185,38,0,553, PG
80,Christian Wood,PHI,20,17,0,17,145,61,22,53,41.5,4,11,36.4,13,21,61.9,13,25,38,3,2,5,7,11,0,0,-49, PF
81,Cleanthony Early,NYK,25,17,6,11,154,31,12,40,30.0,4,15,26.7,3,4,75.0,4,22,26,6,9,2,3,16,0,0,0, SF
82,Cliff Alexander,POR,20,8,3,5,36,10,5,10,50.0,0,0,0.0,0,0,0.0,2,4,6,0,1,1,2,1,0,0,-13, PF
83,Clint Capela,HOU,22,77,39,38,1471,542,231,397,58.2,0,1,0.0,80,211,37.9,194,300,494,47,60,59,92,190,10,0,99, C
84,Cody Zeller,CHA,23,73,42,31,1774,638,231,437,52.9,1,10,10.0,175,232,75.4,138,317,455,71,68,57,63,204,5,0,162, C
85,Cole Aldrich,LAC,27,60,41,19,800,328,134,225,59.6,0,0,0.0,60,84,71.4,86,202,288,50,64,47,68,139,3,0,-26, C
86,Corey Brewer,HOU,30,82,41,41,1669,590,212,552,38.4,61,224,27.2,105,140,75.0,42,157,199,109,78,84,19,168,0,0,-89, SF
87,Cory Jefferson,PHX,25,8,2,6,50,22,9,22,40.9,0,1,0.0,4,6,66.7,6,10,16,0,0,0,1,8,0,0,-5, PF
88,Cory Joseph,TOR,24,80,54,26,2046,677,257,585,43.9,30,110,27.3,133,174,76.4,38,171,209,250,102,63,20,131,0,0,274, PG
89,Coty Clarke,BOS,23,3,0,3,6,6,2,4,50.0,2,2,100,0,0,0.0,0,1,1,0,1,0,0,0,0,0,4, PF
90,Courtney Lee,CHA,30,79,49,30,2334,761,290,639,45.4,82,217,37.8,99,118,83.9,29,176,205,136,72,85,28,134,0,0,151, SG
91,Cristiano Felicio,CHI,23,31,14,17,321,105,40,72,55.6,0,4,0.0,25,35,71.4,30,72,102,26,13,6,13,31,0,0,53, PF
92,D'Angelo Russell,LAL,20,80,17,63,2259,1054,392,956,41.0,130,370,35.1,140,190,73.7,47,227,274,266,196,93,13,142,1,0,-546, PG
93,D.J. Augustin,DEN,28,62,35,27,1178,467,148,350,42.3,68,168,40.5,103,128,80.5,8,87,95,198,84,38,4,85,2,0,-32, PG
94,Dahntay Jones,CLE,35,1,0,1,42,13,6,14,42.9,1,2,50.0,0,0,0.0,1,4,5,2,0,1,2,6,0,0,-1, SG
95,Damian Lillard,POR,25,75,40,35,2676,1879,618,1474,41.9,229,610,37.5,414,464,89.2,45,257,302,512,242,65,28,165,15,0,94, PG
96,Damien Inglis,MIL,21,20,5,15,156,36,13,37,35.1,3,13,23.1,7,8,87.5,2,29,31,10,11,6,3,11,0,0,-44, SF
97,Damjan Rudez,MIN,30,33,9,24,277,75,25,62,40.3,17,50,34.0,8,8,100,5,15,20,11,13,3,1,33,0,0,-13, SF
98,Danilo Gallinari,DEN,27,53,22,31,1839,1036,287,700,41.0,87,239,36.4,375,432,86.8,52,229,281,135,77,42,19,87,3,0,-103, SF
99,Danny Green,SAS,29,79,65,14,2062,572,211,561,37.6,116,349,33.2,34,46,73.9,48,255,303,141,75,79,64,141,0,0,506, SG
100,Dante Cunningham,NOP,29,80,28,52,1971,484,186,412,45.1,55,174,31.6,57,82,69.5,57,179,236,77,41,42,33,173,0,0,-282, PF
101,Darrell Arthur,DEN,28,70,26,44,1516,527,221,489,45.2,45,117,38.5,40,53,75.5,86,207,293,96,66,53,48,185,2,0,-52, PF
102,Darren Collison,SAC,28,74,29,45,2219,1035,377,776,48.6,87,217,40.1,194,226,85.8,28,141,169,318,130,77,4,142,4,0,-70, PG
103,Darrun Hilliard,DET,23,38,17,21,383,152,52,131,39.7,19,50,38.0,29,40,72.5,5,40,45,27,19,9,1,28,0,0,-4, SG
104,David Lee,DAL,33,55,27,28,903,427,178,335,53.1,0,1,0.0,71,93,76.3,101,204,305,84,66,22,28,114,4,0,-82, PF
105,David West,SAS,35,78,63,15,1404,554,244,448,54.5,3,7,42.9,63,80,78.8,72,237,309,143,68,44,55,142,1,0,330, PF
106,DeAndre Jordan,LAC,27,77,51,26,2598,980,357,508,70.3,0,1,0.0,266,619,43.0,267,792,1059,90,107,51,177,207,49,0,440, C
107,DeJuan Blair,WAS,27,29,12,17,218,61,28,68,41.2,0,1,0.0,5,13,38.5,20,37,57,11,15,8,2,53,0,0,-40, C
108,DeMar DeRozan,TOR,26,78,53,25,2804,1830,614,1377,44.6,47,139,33.8,555,653,85.0,64,285,349,315,175,81,21,167,3,0,175, SG
109,DeMarcus Cousins,SAC,25,65,29,36,2246,1748,601,1332,45.1,70,210,33.3,476,663,71.8,158,589,747,214,249,101,92,236,47,1,42, PF
110,DeMarre Carroll,TOR,29,26,16,10,786,286,105,270,38.9,46,118,39.0,30,50,60.0,31,91,122,27,28,44,6,63,0,0,45, SF
111,Delon Wright,TOR,24,27,19,8,229,103,36,80,45.0,5,13,38.5,26,35,74.3,8,29,37,31,16,8,3,7,0,0,13, PG
112,Dennis Schroder,ATL,22,80,47,33,1621,879,329,781,42.1,77,239,32.2,144,182,79.1,25,179,204,349,183,70,9,138,2,0,225, PG
113,Deron Williams,DAL,32,65,31,34,2106,918,321,775,41.4,97,282,34.4,179,206,86.9,19,171,190,378,150,61,14,155,4,0,2, PG
114,Derrick Favors,UTA,24,62,30,32,1983,1016,418,811,51.5,0,4,0.0,180,254,70.9,169,334,503,94,104,74,91,150,19,0,97, PF
115,Derrick Rose,CHI,27,66,32,34,2097,1080,447,1048,42.7,44,150,29.3,142,179,79.3,46,179,225,311,175,44,14,84,1,0,-166, PG
116,Derrick Williams,NYK,25,80,32,48,1435,746,254,565,45.0,44,150,29.3,194,256,75.8,47,249,296,75,61,29,9,69,4,0,-206, PF
117,Devin Booker,PHX,19,76,20,56,2108,1048,367,867,42.3,99,289,34.3,215,256,84.0,27,160,187,200,160,44,20,225,3,0,-374, SG
118,Devin Harris,DAL,33,64,35,29,1280,487,167,374,44.7,52,158,32.9,101,140,72.1,18,120,138,118,66,60,13,124,0,0,-92, PG
119,Devyn Marble,ORL,23,28,12,16,249,60,21,71,29.6,8,32,25.0,10,24,41.7,6,32,38,12,7,13,1,25,0,0,-13, SF
120,Dewayne Dedmon,ORL,26,58,21,37,705,255,99,177,55.9,0,0,0.0,57,76,75.0,67,161,228,13,32,22,46,109,1,0,-36, C
121,Dion Waiters,OKC,24,78,53,25,2152,762,282,706,39.9,86,240,35.8,112,157,71.3,36,166,202,154,120,81,15,143,0,0,212, SG
122,Dirk Nowitzki,DAL,38,75,38,37,2363,1372,498,1112,44.8,126,342,36.8,250,280,89.3,52,437,489,132,84,52,52,161,10,0,257, PF
123,Donald Sloan,BKN,28,61,13,48,1318,424,154,350,44.0,38,99,38.4,78,104,75.0,17,156,173,268,80,32,4,73,3,0,-125, PG
124,Donatas Motiejunas,HOU,25,37,19,18,547,230,90,205,43.9,16,57,28.1,34,53,64.2,37,72,109,41,44,17,5,69,0,0,45, PF
125,Doug McDermott,CHI,24,81,41,40,1861,764,291,644,45.2,110,259,42.5,72,84,85.7,37,158,195,59,53,14,6,127,0,0,-68, SF
126,Draymond Green,GSW,26,81,73,8,2808,1131,401,819,49.0,100,258,38.8,229,329,69.6,134,635,769,598,259,119,113,240,33,13,1070, PF
127,Drew Gooden,WAS,34,30,18,12,305,82,33,103,32.0,7,41,17.1,9,14,64.3,28,57,85,13,13,8,11,40,2,0,-83, PF
128,Duje Dukan,SAC,24,1,0,1,24,6,2,10,20.0,2,5,40.0,0,0,0.0,2,2,4,1,0,1,0,2,0,0,-8, PF
129,Dwight Howard,HOU,30,71,34,37,2280,976,372,600,62.0,0,6,0.0,232,474,48.9,238,597,835,98,166,69,113,219,38,0,17, C
130,Dwight Powell,DAL,24,69,35,34,992,399,146,296,49.3,2,16,12.5,105,142,73.9,84,189,273,44,40,36,24,118,3,0,-81, PF
131,Dwyane Wade,MIA,34,74,43,31,2258,1409,540,1183,45.6,7,44,15.9,322,406,79.3,82,220,302,344,203,79,42,116,2,0,-8, SG
132,E'Twaun Moore,CHI,27,59,29,30,1263,443,187,389,48.1,47,104,45.2,22,35,62.9,19,114,133,99,53,37,18,103,0,0,-37, SG
133,Ed Davis,POR,27,81,43,38,1684,526,206,337,61.1,0,0,0.0,114,204,55.9,224,375,599,88,64,57,72,202,9,0,26, PF
134,Edy Tavares,ATL,24,11,7,4,73,25,11,19,57.9,0,0,0.0,3,8,37.5,7,14,21,3,5,1,6,8,0,0,-10, PG
135,Elfrid Payton,ORL,22,73,32,41,2145,778,318,730,43.6,30,92,32.6,112,190,58.9,77,184,261,467,177,89,20,159,14,1,-69, SG
136,Elijah Millsap,UTA,28,20,9,11,173,36,11,39,28.2,1,12,8.3,13,18,72.2,6,29,35,19,9,7,3,33,0,0,21, SG
137,Elliot Williams,CHA,27,5,4,1,45,8,2,10,20.0,1,4,25.0,3,4,75.0,1,3,4,4,1,0,0,2,0,0,-3, PF
138,Elton Brand,PHI,37,17,2,15,225,70,31,72,43.1,0,1,0.0,8,9,88.9,9,54,63,18,11,9,8,32,1,0,-38, PG
139,Emmanuel Mudiay,DEN,20,68,29,39,2068,872,329,905,36.4,74,232,31.9,140,209,67.0,32,200,232,372,217,65,35,141,4,0,-118, C
140,Enes Kanter,OKC,24,82,55,27,1721,1038,414,719,57.6,10,21,47.6,200,251,79.7,249,415,664,33,115,26,33,166,25,0,127, PG
141,Eric Bledsoe,PHX,26,31,12,19,1059,632,223,492,45.3,48,129,37.2,138,172,80.2,18,107,125,190,110,63,19,75,3,0,-49, SG
142,Eric Gordon,NOP,27,45,14,31,1481,686,231,552,41.8,113,294,38.4,111,125,88.8,10,89,99,121,73,43,14,98,0,0,-70, PF
143,Eric Moreland,SAC,24,8,1,7,48,8,3,6,50.0,0,0,0.0,2,4,50.0,3,8,11,1,3,0,4,4,0,0,6, PG
144,Erick Green,DEN,25,9,6,3,42,13,5,13,38.5,1,5,20.0,2,2,100,3,3,6,3,0,1,0,4,0,0,-1, PF
145,Ersan Ilyasova,ORL,29,74,35,39,1880,767,280,661,42.4,96,259,37.1,111,154,72.1,144,259,403,67,71,52,33,171,4,0,-136, SG
146,Evan Fournier,ORL,23,79,33,46,2566,1213,429,929,46.2,156,390,40.0,199,238,83.6,33,192,225,214,133,96,2,214,0,0,-191, SG
147,Evan Turner,BOS,27,81,47,34,2271,854,343,753,45.6,20,83,24.1,148,179,82.7,50,347,397,359,169,80,28,139,4,0,101, C
148,Festus Ezeli,GSW,26,46,42,4,770,320,125,228,54.8,0,0,0.0,70,132,53.0,91,166,257,32,38,18,50,94,6,0,223, C
149,Frank Kaminsky,CHA,23,81,47,34,1708,606,215,525,41.0,68,202,33.7,108,148,73.0,69,266,335,98,58,38,43,126,1,0,-17, SG
150,Garrett Temple,WAS,30,80,40,40,1951,582,201,505,39.8,89,258,34.5,91,125,72.8,36,176,212,140,64,69,18,195,0,0,-39, SG
151,Gary Harris,DEN,21,76,31,45,2439,932,359,765,46.9,105,297,35.4,109,133,82.0,54,166,220,147,98,97,18,143,0,0,-211, PG
152,Gary Neal,WAS,31,40,18,22,807,390,151,325,46.5,41,100,41.0,47,55,85.5,11,72,83,47,29,20,1,55,0,0,-162, PG
153,George Hill,IND,30,74,41,33,2524,894,326,739,44.1,128,314,40.8,114,150,76.0,58,240,298,259,101,83,17,149,0,0,95, SF
154,Gerald Green,MIA,30,69,40,29,1557,616,230,587,39.2,84,260,32.3,72,92,78.3,25,138,163,56,46,38,19,123,0,0,45, SG
155,Gerald Henderson,POR,28,72,39,33,1431,624,232,529,43.9,48,136,35.3,112,146,76.7,30,181,211,75,68,39,19,87,0,0,25, SF
156,Giannis Antetokounmpo,MIL,21,80,32,48,2823,1350,513,1013,50.6,28,109,25.7,296,409,72.4,113,499,612,345,208,94,113,258,21,5,-169, SG
157,Glenn Robinson,IND,22,45,24,21,508,171,65,151,43.0,14,37,37.8,27,39,69.2,12,56,68,26,18,17,9,21,0,0,-37, PG
158,Goran Dragic,MIA,30,72,44,28,2363,1018,417,875,47.7,64,205,31.2,120,165,72.7,54,223,277,419,185,71,17,188,5,0,205, SF
159,Gordon Hayward,UTA,26,80,38,42,2893,1578,521,1202,43.3,143,410,34.9,393,477,82.4,61,336,397,296,202,95,27,183,4,0,95, PF
160,Gorgui Dieng,MIN,26,82,29,53,2220,827,308,579,53.2,6,20,30.0,205,248,82.7,157,428,585,143,140,94,96,219,15,0,-7, C
161,Greg Monroe,MIL,26,79,32,47,2314,1210,491,941,52.2,0,1,0.0,228,308,74.0,218,478,696,178,129,72,67,163,32,0,-111, PF
162,Greg Smith,MIN,25,18,8,10,192,43,18,32,56.3,0,0,0.0,7,17,41.2,12,30,42,6,7,4,1,28,0,0,-77, PG
163,Greivis Vasquez,MIL,29,23,9,14,460,130,45,138,32.6,18,73,24.7,22,26,84.6,5,42,47,91,40,10,0,42,0,0,-94, SF
164,Harrison Barnes,GSW,24,66,59,7,2042,774,295,633,46.6,82,214,38.3,102,134,76.1,77,248,325,117,57,41,10,136,1,0,453, C
165,Hassan Whiteside,MIA,27,73,42,31,2125,1040,413,682,60.6,0,0,0.0,214,329,65.0,238,627,865,29,137,44,269,201,41,3,85, C
166,Henry Sims,BKN,26,14,2,12,263,91,33,77,42.9,0,0,0.0,25,30,83.3,21,51,72,9,12,9,14,37,0,0,-94, SF
167,Hollis Thompson,PHI,25,77,10,67,2154,758,270,680,39.7,149,392,38.0,69,96,71.9,54,218,272,99,76,36,24,187,0,0,-370, SG
168,Ian Clark,GSW,25,66,59,7,578,236,89,202,44.1,30,84,35.7,28,34,82.4,13,55,68,64,43,17,13,58,0,0,-80, C
169,Ian Mahinmi,IND,29,71,41,30,1816,660,264,448,58.9,0,0,0.0,132,225,58.7,138,369,507,104,100,65,75,220,9,0,112, SG
170,Iman Shumpert,CLE,26,54,39,15,1316,311,114,305,37.4,43,146,29.5,40,51,78.4,32,171,203,92,57,54,19,119,1,0,182, PG
171,Isaiah Canaan,PHI,25,77,10,67,1966,846,260,722,36.0,176,485,36.3,150,180,83.3,20,154,174,137,91,56,12,133,0,0,-484, PG
172,Isaiah Thomas,BOS,27,82,48,34,2644,1823,591,1382,42.8,167,465,35.9,474,544,87.1,46,197,243,509,220,91,9,167,7,0,299, PG
173,Ish Smith,PHI,27,77,16,61,2239,972,397,967,41.1,56,170,32.9,122,176,69.3,43,262,305,502,175,88,24,133,12,0,-345, SF
174,J.J. Barea,DAL,32,74,38,36,1667,808,317,711,44.6,100,260,38.5,74,96,77.1,26,126,152,302,113,26,2,110,2,0,-73, SG
175,JJ Hickson,WAS,27,35,17,18,437,206,80,155,51.6,0,1,0.0,46,103,44.7,39,93,132,23,25,15,14,47,2,0,-59, C
176,JJ O'Brien,UTA,24,2,2,0,6,0,0,1,0.0,0,0,0.0,0,0,0.0,0,1,1,0,0,1,0,1,0,0,-8, SG
177,JJ Redick,LAC,32,75,50,25,2097,1226,422,880,48.0,200,421,47.5,182,205,88.8,10,129,139,106,78,42,5,135,0,0,509, SG
178,JR Smith,CLE,30,77,53,24,2362,955,353,850,41.5,204,510,40.0,45,71,63.4,43,174,217,130,59,81,21,204,1,0,310, PF
179,JaKarr Sampson,DEN,23,73,18,55,1160,374,140,317,44.2,14,63,22.2,80,122,65.6,46,144,190,46,70,23,33,142,0,0,-232, C
180,JaMychal Green,MEM,26,78,39,39,1446,578,230,495,46.5,15,45,33.3,103,137,75.2,139,234,373,67,83,46,33,189,7,0,-43, PF
181,JaVale McGee,DAL,28,34,15,19,370,172,77,134,57.5,0,1,0.0,18,36,50.0,53,80,133,3,21,5,26,49,1,0,-54, SF
182,Jabari Parker,MIL,21,76,32,44,2408,1070,443,899,49.3,9,35,25.7,175,228,76.8,123,272,395,130,116,69,29,154,6,0,-191, C
183,Jae Crowder,BOS,25,73,43,30,2308,1038,360,813,44.3,122,363,33.6,196,239,82.0,70,303,373,135,83,126,35,198,5,0,215, SG
184,Jahlil Okafor,PHI,20,53,6,47,1591,928,397,781,50.8,1,6,16.7,133,194,68.6,122,251,373,65,124,22,61,140,11,0,-497, PG
185,Jamal Crawford,LAC,36,79,51,28,2126,1120,379,939,40.4,117,344,34.0,245,271,90.4,20,125,145,183,113,52,12,122,0,0,168, SG
186,Jameer Nelson,DEN,34,39,12,27,1036,299,113,307,36.8,43,144,29.9,30,35,85.7,19,96,115,190,66,25,5,100,0,0,-132, SF
187,James Anderson,SAC,27,51,19,32,721,179,67,178,37.6,23,86,26.7,22,29,75.9,13,73,86,41,42,21,14,54,0,0,-82, SG
188,James Ennis III,NOP,25,22,11,11,329,159,54,113,47.8,26,58,44.8,25,34,73.5,21,21,42,21,19,16,5,28,0,0,-45, PF
189,James Harden,HOU,26,82,41,41,3125,2376,710,1617,43.9,236,657,35.9,720,837,86.0,63,438,501,612,374,139,51,229,23,3,125, SG
190,James Johnson,TOR,29,57,35,22,926,287,114,240,47.5,20,66,30.3,39,68,57.4,28,98,126,67,54,29,33,84,0,0,4, SF
191,James Jones,CLE,35,48,33,15,463,178,58,142,40.8,41,104,39.4,21,26,80.8,8,42,50,14,13,11,10,50,0,0,-22, SG
192,James Michael McAdoo,GSW,23,41,37,4,262,117,45,84,53.6,1,2,50.0,26,49,53.1,30,28,58,17,16,10,8,39,0,0,-88, SG
193,James Young,BOS,20,29,12,17,199,29,11,36,30.6,6,26,23.1,1,4,25.0,4,22,26,9,5,6,1,17,0,0,-27, SF
194,Jared Cunningham,CLE,25,44,31,13,410,120,36,105,34.3,12,39,30.8,36,55,65.5,3,35,38,20,21,14,2,41,0,0,-44, C
195,Jared Dudley,WAS,30,81,40,41,2098,638,233,487,47.8,100,238,42.0,72,98,73.5,54,232,286,171,80,75,18,190,0,0,61, SG
196,Jared Sullinger,BOS,24,81,47,34,1915,834,351,806,43.5,29,103,28.2,103,161,64.0,194,479,673,187,102,75,47,209,25,0,210, PF
197,Jarell Eddie,WAS,24,26,13,13,147,63,20,65,30.8,15,47,31.9,8,8,100,2,21,23,5,1,5,1,5,0,0,-33, PF
198,Jarell Martin,MEM,22,27,10,17,380,153,54,116,46.6,0,2,0.0,45,62,72.6,39,47,86,15,19,8,7,58,0,0,-39, PG
199,Jarnell Stokes,MEM,22,7,1,6,19,7,3,5,60.0,0,0,0.0,1,2,50.0,1,3,4,1,0,1,0,1,0,0,9, PF
200,Jarrett Jack,BKN,32,32,10,22,1027,411,140,358,39.1,31,102,30.4,100,112,89.3,9,127,136,236,94,34,7,77,6,0,-131, SG
201,Jason Smith,ORL,30,76,33,43,1181,546,244,503,48.5,4,16,25.0,54,67,80.6,53,166,219,62,57,33,65,163,1,0,-38, PF
202,Jason Terry,HOU,38,72,37,35,1258,422,151,376,40.2,93,261,35.6,27,33,81.8,14,65,79,103,49,47,9,91,0,0,33, PF
203,Jason Thompson,TOR,29,47,38,9,471,147,52,108,48.1,5,15,33.3,38,54,70.4,32,102,134,29,15,12,20,80,0,0,-7, SF
204,Jeff Ayres,LAC,29,17,11,6,107,30,12,23,52.2,0,1,0.0,6,6,100,4,18,22,5,6,0,3,18,0,0,-46, PG
205,Jeff Green,LAC,29,80,48,32,2253,939,354,824,43.0,67,213,31.5,164,220,74.5,74,258,332,138,93,58,40,164,1,0,-42, C
206,Jeff Teague,ATL,28,79,47,32,2255,1239,434,988,43.9,110,274,40.1,261,312,83.7,33,181,214,470,218,97,24,167,4,0,67, SF
207,Jeff Withey,UTA,26,51,25,26,658,217,87,162,53.7,0,2,0.0,43,59,72.9,56,117,173,20,28,21,53,75,2,0,56, SF
208,Jerami Grant,PHI,22,77,9,68,2066,749,251,599,41.9,35,146,24.0,212,322,65.8,99,262,361,135,110,54,127,215,3,0,-491, SG
209,Jeremy Evans,DAL,28,30,16,14,251,71,26,48,54.2,4,16,25.0,15,21,71.4,11,43,54,2,7,6,9,19,0,0,-42, PG
210,Jeremy Lamb,CHA,24,66,40,26,1227,580,230,510,45.1,56,181,30.9,64,88,72.7,44,208,252,77,50,42,30,105,1,0,152, PG
211,Jeremy Lin,CHA,27,78,47,31,2048,914,300,728,41.2,76,226,33.6,238,292,81.5,42,211,253,235,150,58,42,165,1,0,84, PG
212,Jerian Grant,NYK,23,76,29,47,1265,426,154,391,39.4,22,100,22.0,96,123,78.0,23,120,143,177,87,50,10,97,0,0,-165, PG
213,Jerryd Bayless,MIL,27,52,21,31,1505,541,185,437,42.3,101,231,43.7,70,90,77.8,21,120,141,163,73,47,11,111,1,0,-186, SF
214,Jimmer Fredette,SAS,27,6,1,5,18,9,2,5,40.0,1,2,50.0,4,5,80.0,0,0,0,1,2,1,0,2,0,0,-25, C
215,Jimmy Butler,CHI,26,67,37,30,2474,1399,470,1035,45.4,64,205,31.2,395,475,83.2,79,279,358,321,132,110,43,124,10,2,-13, SG
216,Joakim Noah,CHI,31,29,15,14,635,124,51,133,38.3,0,1,0.0,22,45,48.9,87,168,255,110,52,18,29,77,1,0,-35, SF
217,Jodie Meeks,DET,28,3,3,0,43,22,7,20,35.0,4,9,44.4,4,4,100,1,4,5,3,1,0,0,2,0,0,9, SF
218,Joe Harris,CLE,24,5,5,0,15,3,1,4,25.0,1,4,25.0,0,0,0.0,0,3,3,2,1,0,0,1,0,0,-21, SF
219,Joe Ingles,UTA,28,81,40,41,1241,342,124,291,42.6,81,210,38.6,13,18,72.2,19,132,151,96,65,55,4,98,0,0,2, PG
220,Joe Johnson,MIA,35,81,31,50,2703,992,377,859,43.9,120,313,38.3,118,142,83.1,49,243,292,318,159,61,4,146,3,0,-54, C
221,Joe Young,IND,24,41,19,22,383,154,62,169,36.7,10,46,21.7,20,25,80.0,6,44,50,65,33,15,0,30,0,0,-33, C
222,Joel Anthony,DET,33,19,12,7,96,18,6,10,60.0,0,0,0.0,6,8,75.0,8,13,21,1,2,2,12,15,0,0,-17, C
223,Joffrey Lauvergne,DEN,24,59,24,35,1041,465,195,380,51.3,13,53,24.5,62,69,89.9,77,213,290,56,54,13,15,115,5,0,-221, SG
224,John Henson,MIL,25,57,22,35,959,397,164,291,56.4,0,1,0.0,69,117,59.0,87,134,221,54,64,18,109,131,3,0,-146, PG
225,John Jenkins,PHX,25,43,18,25,480,178,71,160,44.4,16,51,31.4,20,24,83.3,8,49,57,35,27,8,1,22,0,0,-65, PF
226,John Wall,WAS,25,77,37,40,2784,1531,572,1349,42.4,115,328,35.1,272,344,79.1,42,337,379,789,318,145,59,159,49,4,101, PF
227,Johnny O'Bryant III,MIL,23,66,27,39,857,199,86,209,41.1,1,1,100,26,38,68.4,65,111,176,32,31,18,8,100,0,0,-131, PF
228,Jon Leuer,PHX,27,67,22,45,1255,567,224,466,48.1,42,110,38.2,77,101,76.2,76,297,373,72,75,38,30,125,10,0,-67, C
229,Jonas Jerebko,BOS,29,78,47,31,1176,340,118,286,41.3,43,108,39.8,61,78,78.2,77,211,288,62,52,20,24,137,1,0,33, SG
230,Jonas Valanciunas,TOR,24,60,40,20,1557,768,303,536,56.5,0,0,0.0,162,213,76.1,184,363,547,42,85,25,80,158,22,0,146, SG
231,Jonathon Simmons,SAS,26,55,47,8,813,331,122,242,50.4,18,47,38.3,69,92,75.0,16,80,96,58,53,24,5,103,0,0,94, PG
232,Jordan Adams,MEM,21,2,0,2,15,7,2,6,33.3,0,1,0.0,3,5,60.0,0,2,2,3,2,3,0,2,0,0,4, PG
233,Jordan Clarkson,LAL,24,79,17,62,2552,1225,475,1098,43.3,111,320,34.7,164,204,80.4,93,220,313,192,135,88,7,168,1,0,-628, SG
234,Jordan Farmar,MEM,29,12,2,10,291,110,42,100,42.0,16,45,35.6,10,10,100,4,21,25,37,18,15,2,22,0,0,-64, PF
235,Jordan Hamilton,NOP,25,11,4,7,304,125,49,116,42.2,13,45,28.9,14,21,66.7,12,50,62,25,17,8,3,24,1,0,-64, SG
236,Jordan Hill,IND,28,73,40,33,1513,645,278,549,50.6,0,1,0.0,89,125,71.2,156,295,451,87,92,36,37,155,9,0,48, PF
237,Jordan McRae,CLE,25,22,10,12,196,99,34,78,43.6,10,22,45.5,21,28,75.0,4,16,20,25,15,3,1,17,0,0,44, PG
238,Jordan Mickey,BOS,21,16,9,7,57,21,8,22,36.4,0,0,0.0,5,10,50.0,6,7,13,1,1,0,11,5,0,0,6, PG
239,Jorge Gutierrez,CHA,27,12,9,3,63,22,6,11,54.5,0,2,0.0,10,11,90.9,0,7,7,17,6,3,0,3,0,0,8, PG
240,Jose Calderon,NYK,34,72,29,43,2024,544,209,455,45.9,84,203,41.4,42,48,87.5,22,207,229,298,87,63,7,135,1,0,-74, SF
241,Josh Huestis,OKC,24,5,2,3,55,14,5,12,41.7,4,6,66.7,0,4,0.0,2,8,10,0,3,1,2,3,0,0,2, PF
242,Josh McRoberts,MIA,29,42,27,15,595,150,55,148,37.2,12,49,24.5,28,40,70.0,22,83,105,81,30,18,7,68,1,0,6, SG
243,Josh Richardson,MIA,22,52,29,23,1107,341,123,272,45.2,53,115,46.1,42,63,66.7,21,86,107,73,35,36,25,107,0,0,39, C
244,Josh Smith,HOU,30,55,31,24,880,332,127,349,36.4,41,143,28.7,37,67,55.2,51,141,192,90,77,34,47,118,0,0,-84, PG
245,Jrue Holiday,NOP,26,65,27,38,1831,1089,410,935,43.9,87,259,33.6,182,216,84.3,27,168,195,391,167,88,22,148,5,0,27, PF
246,Julius Randle,LAL,21,81,17,64,2286,919,358,835,42.9,10,36,27.8,193,270,71.5,172,657,829,144,149,53,29,242,34,1,-681, SG
247,Justin Anderson,DAL,22,55,28,27,647,208,71,175,40.6,22,83,26.5,44,55,80.0,18,114,132,29,24,19,25,45,1,0,8, PF
248,Justin Harper,BKN,26,5,4,1,35,13,4,10,40.0,4,9,44.4,1,2,50.0,0,1,1,0,2,1,0,3,0,0,-32, SG
249,Justin Holiday,CHI,27,53,28,25,772,239,88,228,38.6,36,105,34.3,27,37,73.0,12,78,90,56,39,32,19,61,0,0,-89, SF
250,Justise Winslow,MIA,20,78,46,32,2232,502,195,462,42.2,32,116,27.6,80,117,68.4,81,322,403,118,95,68,26,184,0,0,105, C
251,Jusuf Nurkic,DEN,21,32,14,18,547,263,101,242,41.7,0,3,0.0,61,99,61.6,65,110,175,40,55,24,44,91,4,0,-7, SG
252,KJ McDaniels,HOU,23,37,17,20,235,89,29,72,40.3,7,25,28.0,24,30,80.0,16,26,42,10,17,7,6,30,0,0,75, C
253,Karl-Anthony Towns,MIN,20,82,29,53,2627,1503,625,1153,54.2,30,88,34.1,223,275,81.1,229,629,858,161,183,58,138,245,52,0,-131, SF
254,Kawhi Leonard,SAS,25,72,60,12,2380,1523,551,1090,50.6,129,291,44.3,292,334,87.4,95,398,493,186,105,128,71,133,12,0,653, PG
255,Keith Appling,ORL,24,5,0,5,27,6,2,8,25.0,0,3,0.0,2,2,100,0,1,1,1,3,1,0,5,0,0,14, C
256,Kelly Olynyk,BOS,25,69,40,29,1395,687,253,556,45.5,85,210,40.5,96,128,75.0,72,209,281,105,74,52,33,163,1,0,218, SF
257,Kelly Oubre Jr.,WAS,20,63,31,32,671,236,90,211,42.7,25,79,31.6,31,49,63.3,25,108,133,13,34,22,7,100,0,0,-46, PG
258,Kemba Walker,CHA,26,81,47,34,2885,1689,568,1331,42.7,182,490,37.1,371,438,84.7,56,301,357,421,171,126,39,111,3,0,239, PG
259,Kendall Marshall,PHI,24,30,3,27,400,111,43,118,36.4,16,49,32.7,9,13,69.2,2,26,28,73,43,16,2,30,0,0,-114, C
260,Kendrick Perkins,NOP,31,37,13,24,542,91,40,75,53.3,0,0,0.0,11,25,44.0,25,103,128,31,41,11,11,64,0,0,-76, PF
261,Kenneth Faried,DEN,26,67,26,41,1694,835,349,626,55.8,1,2,50.0,136,222,61.3,235,346,581,79,91,32,60,169,21,0,-109, SF
262,Kent Bazemore,ATL,26,75,44,31,2083,872,320,725,44.1,109,305,35.7,123,151,81.5,28,351,379,171,138,98,38,176,1,0,76, SG
263,Kentavious Caldwell-Pope,DET,23,76,41,35,2789,1105,403,960,42.0,114,369,30.9,185,228,81.1,70,212,282,138,105,110,17,167,1,0,177, SF
264,Kevin Durant,OKC,27,72,52,20,2578,2029,698,1381,50.5,186,481,38.7,447,498,89.8,45,544,589,361,250,69,85,137,27,1,647, PF
265,Kevin Garnett,MIN,40,38,14,24,556,122,54,115,47.0,0,1,0.0,14,21,66.7,15,135,150,62,16,28,10,70,0,0,56, PF
266,Kevin Love,CLE,27,77,53,24,2424,1234,409,977,41.9,158,439,36.0,258,314,82.2,149,613,762,185,142,58,41,159,35,0,428, SG
267,Kevin Martin,SAS,33,55,24,31,1095,514,156,419,37.2,49,136,36.0,153,172,89.0,14,96,110,58,54,26,3,83,0,0,-123, C
268,Kevin Seraphin,NYK,26,48,15,33,527,187,84,205,41.0,0,2,0.0,19,23,82.6,31,95,126,47,43,8,36,67,0,0,-87, SF
269,Kevon Looney,GSW,20,5,4,1,21,9,4,7,57.1,1,2,50.0,0,0,0.0,4,6,10,0,1,0,0,2,0,0,-22, SG
270,Khris Middleton,MIL,24,79,33,46,2852,1434,507,1142,44.4,143,361,39.6,277,312,88.8,44,258,302,331,180,131,19,204,1,0,-29, SG
271,Kirk Hinrich,ATL,35,46,26,20,631,137,49,129,38.0,24,62,38.7,15,16,93.8,8,62,70,73,30,15,2,64,0,0,13, SG
272,Klay Thompson,GSW,26,80,71,9,2666,1771,651,1386,47.0,276,650,42.5,193,221,87.3,35,271,306,166,138,60,49,152,0,0,836, SF
273,Kobe Bryant,LAL,37,66,13,53,1863,1161,398,1113,35.8,133,467,28.5,232,281,82.6,41,206,247,184,129,62,13,115,2,0,-571, C
274,Kosta Koufos,SAC,27,78,32,46,1482,529,236,444,53.2,0,0,0.0,57,104,54.8,169,254,423,33,48,40,70,185,5,0,-229, SF
275,Kostas Papanikolaou,DEN,25,26,8,18,294,67,24,66,36.4,10,32,31.3,9,14,64.3,8,32,40,16,21,13,5,24,0,0,-9, PF
276,Kris Humphries,ATL,31,53,29,24,835,343,121,295,41.0,34,108,31.5,67,84,79.8,57,161,218,36,38,16,23,94,1,0,-102, PF
277,Kristaps Porzingis,NYK,20,72,28,44,2046,1028,373,886,42.1,81,243,33.3,201,240,83.8,132,394,526,94,121,53,134,205,21,0,15, SG
278,Kyle Anderson,SAS,22,78,64,14,1245,350,138,295,46.8,12,37,32.4,62,83,74.7,25,219,244,123,59,60,29,97,1,0,202, SG
279,Kyle Korver,ATL,35,80,46,34,2401,739,268,617,43.4,158,397,39.8,45,54,83.3,14,246,260,164,98,60,35,161,0,0,427, PG
280,Kyle Lowry,TOR,30,77,54,23,2851,1634,512,1198,42.7,212,547,38.8,398,491,81.1,55,310,365,494,225,158,34,211,12,1,380, C
281,Kyle O'Quinn,NYK,26,65,26,39,764,309,129,271,47.6,5,22,22.7,46,60,76.7,76,174,250,72,61,20,49,107,1,0,-63, SF
282,Kyle Singler,OKC,28,68,43,25,977,231,86,221,38.9,30,97,30.9,29,44,65.9,50,91,141,24,32,30,9,120,0,0,-22, PG
283,Kyrie Irving,CLE,24,53,37,16,1667,1041,394,879,44.8,84,262,32.1,169,191,88.5,44,113,157,250,124,56,18,107,1,0,206, PF
284,LaMarcus Aldridge,SAS,30,74,61,13,2261,1331,536,1045,51.3,0,16,0.0,259,302,85.8,176,456,632,110,99,38,81,151,26,0,507, SG
285,Lamar Patterson,ATL,24,35,23,12,395,84,28,80,35.0,12,49,24.5,16,22,72.7,4,46,50,39,23,9,2,45,0,0,33, SG
286,Lance Stephenson,MEM,25,69,36,33,1372,573,228,474,48.1,30,78,38.5,87,111,78.4,40,183,223,133,94,43,9,135,1,0,-64, SF
287,Lance Thomas,NYK,28,59,25,34,1313,484,169,382,44.2,44,109,40.4,102,119,85.7,34,97,131,53,57,22,7,109,0,0,-42, SG
288,Langston Galloway,NYK,24,82,32,50,2033,625,231,588,39.3,77,224,34.4,86,114,75.4,43,245,288,207,61,77,22,177,1,0,-106, PF
289,Larry Nance Jr.,LAL,23,63,14,49,1266,349,158,300,52.7,1,10,10.0,32,47,68.1,101,211,312,44,41,54,23,124,3,0,-95, PF
290,Lavoy Allen,IND,27,79,43,36,1599,428,191,370,51.6,0,0,0.0,46,73,63.0,162,262,424,76,69,26,42,147,4,0,191, SF
291,LeBron James,CLE,31,76,56,20,2708,1920,737,1416,52.0,87,282,30.9,359,491,73.1,111,454,565,514,249,104,49,143,28,3,618, SG
292,Leandro Barbosa,GSW,33,68,60,8,1079,433,171,370,46.2,39,110,35.5,52,62,83.9,28,89,117,82,53,44,10,107,0,0,42, PG
293,Lorenzo Brown,DET,25,8,1,7,61,20,8,25,32.0,1,8,12.5,3,4,75.0,0,7,7,11,9,3,1,4,0,0,-30, PF
294,Lou Amundson,NYK,33,29,11,18,204,52,19,53,35.8,0,0,0.0,14,27,51.9,23,26,49,12,15,6,7,44,0,0,-49, SG
295,Lou Williams,LAL,29,67,14,53,1907,1028,283,693,40.8,110,320,34.4,352,424,83.0,31,138,169,167,107,62,19,107,0,0,-399, PF
296,Luc Mbah a Moute,LAC,29,75,49,26,1274,231,94,207,45.4,13,40,32.5,30,57,52.6,60,111,171,30,34,44,19,100,0,0,154, C
297,Lucas Nogueira,TOR,23,29,17,12,225,65,28,44,63.6,1,3,33.3,8,15,53.3,18,28,46,7,11,12,12,29,0,0,24, SG
298,Luis Montero,POR,23,12,6,6,42,14,5,19,26.3,1,9,11.1,3,4,75.0,0,4,4,1,4,0,0,1,0,0,-39, PF
299,Luis Scola,TOR,36,76,50,26,1636,664,269,598,45.0,65,161,40.4,61,84,72.6,85,276,361,66,68,46,27,178,3,0,-26, SF
300,Luke Babbitt,NOP,27,47,16,31,845,327,122,289,42.2,44,109,40.4,39,50,78.0,25,123,148,53,23,11,7,90,1,0,-26, SF
301,Luol Deng,MIA,31,74,45,29,2394,911,339,745,45.5,88,256,34.4,145,192,75.5,108,335,443,140,81,74,29,122,13,0,26, SG
302,Manu Ginobili,SAS,38,58,47,11,1134,555,197,435,45.3,70,179,39.1,91,112,81.3,26,120,146,177,99,66,11,99,0,0,329, C
303,Marc Gasol,MEM,31,52,30,22,1791,861,328,707,46.4,2,3,66.7,203,245,82.9,58,304,362,196,118,50,70,141,9,1,11, PG
304,Marcelo Huertas,LAL,33,53,8,45,869,237,97,230,42.2,16,61,26.2,27,29,93.1,18,72,90,182,80,26,7,76,0,0,19, C
305,Marcin Gortat,WAS,32,75,35,40,2256,1012,433,764,56.7,0,1,0.0,146,207,70.5,222,519,741,106,121,47,96,193,41,0,62, SG
306,Marco Belinelli,SAC,30,68,27,41,1672,696,245,635,38.6,91,297,30.6,115,138,83.3,10,107,117,127,80,37,2,91,0,0,-188, PF
307,Marcus Morris,DET,26,80,42,38,2856,1131,410,945,43.4,108,298,36.2,203,271,74.9,91,313,404,201,140,67,23,170,4,0,157, PG
308,Marcus Smart,BOS,22,61,36,25,1667,558,184,529,34.8,61,241,25.3,129,166,77.7,76,179,255,185,80,91,18,183,2,1,85, SG
309,Marcus Thornton,WAS,29,61,32,29,1108,590,216,542,39.9,91,270,33.7,67,79,84.8,38,112,150,84,51,47,4,90,0,0,40, PG
310,Mario Chalmers,MIA,30,61,38,23,1373,628,182,444,41.0,46,149,30.9,218,262,83.2,24,133,157,230,110,88,13,181,0,0,77, SG
311,Mario Hezonja,ORL,21,79,33,46,1413,478,181,418,43.3,67,192,34.9,49,54,90.7,28,148,176,109,97,39,17,124,0,0,-4, SG
312,Markel Brown,BKN,24,62,12,50,982,363,127,322,39.4,38,121,31.4,71,94,75.5,23,99,122,91,54,38,15,94,1,0,-235, PF
313,Markieff Morris,WAS,26,64,22,42,1629,765,305,718,42.5,47,155,30.3,108,147,73.5,73,279,352,124,135,58,34,184,2,0,-88, C
314,Marreese Speights,GSW,28,72,64,8,832,512,197,456,43.2,24,62,38.7,94,114,82.5,77,162,239,61,66,19,34,117,1,0,10, PF
315,Marvin Williams,CHA,30,81,47,34,2338,948,338,747,45.2,152,378,40.2,120,144,83.3,127,394,521,110,62,58,77,133,10,0,249, C
316,Mason Plumlee,POR,26,82,44,38,2083,749,267,517,51.6,0,4,0.0,215,335,64.2,201,427,628,226,154,68,85,253,15,0,32, SF
317,Matt Barnes,MEM,36,76,38,38,2190,758,264,693,38.1,119,370,32.2,111,138,80.4,84,336,420,163,121,78,57,234,7,1,-212, C
318,Matt Bonner,SAS,36,30,25,5,206,76,29,57,50.9,15,34,44.1,3,4,75.0,3,24,27,9,3,6,1,16,0,0,63, PG
319,Matthew Dellavedova,CLE,25,76,54,22,1867,569,207,511,40.5,98,239,41.0,57,66,86.4,33,129,162,337,116,44,9,178,1,0,381, SF
320,Maurice Harkless,POR,23,78,40,38,1457,498,195,411,47.4,39,140,27.9,69,111,62.2,101,179,280,67,62,49,35,124,4,0,29, SF
321,Metta World Peace,LAL,36,35,6,29,590,176,55,177,31.1,26,84,31.0,40,57,70.2,19,70,89,27,15,22,11,67,0,0,-64, PF
322,Meyers Leonard,POR,24,61,33,28,1333,511,195,435,44.8,86,228,37.7,35,46,76.1,51,263,314,92,77,8,18,183,4,0,99, SF
323,Michael Beasley,HOU,27,20,10,10,363,255,107,205,52.2,3,9,33.3,38,49,77.6,29,69,98,16,24,11,9,39,1,0,-67, PG
324,Michael Carter-Williams,MIL,24,54,21,33,1649,623,251,555,45.2,15,55,27.3,106,160,66.3,48,228,276,281,153,80,41,162,6,0,-130, SF
325,Michael Kidd-Gilchrist,CHA,22,7,5,2,205,89,33,61,54.1,3,7,42.9,20,29,69.0,12,33,45,9,8,3,3,9,2,0,58, PG
326,Mike Conley,MEM,28,56,33,23,1760,857,294,696,42.2,78,215,36.3,191,229,83.4,26,138,164,342,84,67,16,100,4,0,64, SG
327,Mike Dunleavy,CHI,35,31,13,18,703,222,77,188,41.0,39,99,39.4,29,37,78.4,8,75,83,39,26,14,10,66,0,0,-66, SG
328,Mike Miller,DEN,36,47,21,26,373,63,22,62,35.5,19,52,36.5,0,0,0.0,6,47,53,40,17,13,4,53,0,0,-90, PF
329,Mike Muscala,ATL,24,60,34,26,565,195,76,152,50.0,12,39,30.8,31,39,79.5,38,79,117,34,27,13,27,72,0,0,-33, PF
330,Mike Scott,ATL,27,75,46,29,1146,464,176,376,46.8,62,158,39.2,50,63,79.4,53,153,206,78,42,25,17,102,0,0,114, C
331,Miles Plumlee,MIL,27,61,23,38,870,314,140,233,60.1,0,0,0.0,34,59,57.6,94,138,232,16,40,21,50,73,0,0,-100, PF
332,Mirza Teletovic,PHX,30,79,23,56,1686,965,332,777,42.7,181,460,39.3,120,155,77.4,55,247,302,89,84,32,21,159,2,0,-169, PF
333,Mitch McGary,OKC,24,20,17,3,72,26,11,23,47.8,0,4,0.0,4,10,40.0,4,14,18,3,7,1,2,10,0,0,-49, PG
334,Mo Williams,CLE,33,41,27,14,748,338,132,302,43.7,36,102,35.3,38,42,90.5,6,66,72,98,57,14,5,60,0,0,-50, SG
335,Monta Ellis,IND,30,81,44,37,2734,1121,436,1021,42.7,87,282,30.9,162,206,78.6,42,229,271,383,203,150,37,174,1,0,108, PF
336,Montrezl Harrell,HOU,22,39,17,22,379,140,58,90,64.4,0,1,0.0,24,46,52.2,25,40,65,17,17,11,11,48,0,0,38, C
337,Myles Turner,IND,20,60,32,28,1367,619,264,530,49.8,3,14,21.4,88,121,72.7,68,264,332,41,67,25,86,158,4,0,-69, PG
338,Nate Robinson,NOP,32,2,0,2,23,0,0,1,0.0,0,1,0.0,0,0,0.0,0,0,0,4,0,1,0,5,0,0,-20, C
339,Nazr Mohammed,OKC,38,5,5,0,19,8,3,5,60.0,0,0,0.0,2,2,100,1,3,4,0,3,0,0,4,0,0,-3, PF
340,Nemanja Bjelica,MIN,28,60,20,40,1075,308,110,235,46.8,48,125,38.4,40,55,72.7,49,161,210,82,47,26,21,154,3,0,-127, C
341,Nene,WAS,33,57,28,29,1094,525,209,384,54.4,0,3,0.0,107,185,57.8,52,207,259,97,76,54,26,156,1,0,32, PF
342,Nerlens Noel,PHI,22,67,10,57,1965,747,306,587,52.1,1,2,50.0,134,227,59.0,154,388,542,122,158,118,100,192,16,0,-459, PF
343,Nick Collison,OKC,35,59,39,20,699,123,50,109,45.9,0,2,0.0,23,33,69.7,68,103,171,52,50,15,16,107,0,0,24, SG
344,Nick Young,LAL,31,54,13,41,1033,392,126,372,33.9,77,237,32.5,63,76,82.9,14,83,97,34,30,23,7,50,0,0,-201, SG
345,Nicolas Batum,CHA,27,70,41,29,2448,1046,372,873,42.6,139,399,34.8,163,192,84.9,55,373,428,403,205,65,43,114,11,2,211, SG
346,Nik Stauskas,PHI,22,73,8,65,1809,617,210,545,38.5,106,325,32.6,91,118,77.1,23,160,183,138,94,44,20,115,0,0,-403, PF
347,Nikola Jokic,DEN,21,80,31,49,1733,796,307,600,51.2,28,84,33.3,154,190,81.1,181,379,560,189,104,79,50,208,16,0,92, PF
348,Nikola Mirotic,CHI,25,66,37,29,1646,777,248,609,40.7,135,346,39.0,146,181,80.7,58,304,362,100,102,58,46,151,5,0,41, C
349,Nikola Pekovic,MIN,30,12,2,10,156,54,19,50,38.0,0,0,0.0,16,20,80.0,7,14,21,11,9,1,0,22,0,0,-63, C
350,Nikola Vucevic,ORL,25,65,28,37,2037,1181,533,1046,51.0,2,9,22.2,113,150,75.3,174,402,576,179,123,53,70,173,29,0,-45, PF
351,Noah Vonleh,POR,20,78,41,37,1174,283,117,278,42.1,11,46,23.9,38,51,74.5,91,214,305,30,50,27,26,152,0,0,-59, SG
352,Norman Powell,TOR,23,49,32,17,725,273,97,229,42.4,36,89,40.4,43,53,81.1,16,95,111,47,32,29,10,59,0,0,64, PG
353,Norris Cole,NOP,27,45,20,25,1198,477,196,484,40.5,33,102,32.4,52,65,80.0,10,141,151,167,75,37,5,102,2,0,-104, SG
354,O.J. Mayo,MIL,28,41,17,24,1090,321,119,321,37.1,52,162,32.1,31,40,77.5,13,92,105,118,72,48,8,126,0,0,-56, C
355,Omer Asik,NOP,29,68,29,39,1178,269,104,195,53.3,0,0,0.0,61,112,54.5,120,294,414,26,60,21,23,124,2,0,-204, SF
356,Omri Casspi,SAC,28,69,27,42,1880,813,299,622,48.1,112,274,40.9,103,159,64.8,58,352,410,95,94,56,17,154,6,0,10, SG
357,Orlando Johnson,NOP,27,7,1,6,102,26,9,34,26.5,2,10,20.0,6,8,75.0,4,11,15,2,4,3,3,9,0,0,-37, SF
358,Otto Porter,WAS,23,75,36,39,2276,871,339,717,47.3,98,267,36.7,95,126,75.4,97,294,391,120,70,105,32,163,5,0,45, SF
359,PJ Hairston,MEM,23,66,31,35,1313,410,145,408,35.5,70,241,29.0,50,64,78.1,25,149,174,38,41,32,11,137,1,0,-191, SF
360,PJ Tucker,PHX,31,82,23,59,2540,652,239,582,41.1,68,206,33.0,106,142,74.6,165,347,512,177,111,106,20,202,7,0,-354, PG
361,Pablo Prigioni,LAC,39,59,37,22,823,145,55,147,37.4,28,95,29.5,7,8,87.5,38,76,114,130,49,53,1,82,0,0,-65, SG
362,Pat Connaughton,POR,23,34,17,17,143,36,13,49,26.5,5,21,23.8,5,5,100,11,21,32,10,10,2,0,6,0,0,-13, PG
363,Patrick Beverley,HOU,27,71,35,36,2041,700,258,594,43.4,124,310,40.0,60,88,68.2,73,177,250,239,91,94,26,234,1,0,134, PF
364,Patrick Patterson,TOR,27,79,54,25,2020,543,204,493,41.4,106,293,36.2,29,34,85.3,77,265,342,94,65,53,32,128,0,0,403, PG
365,Patty Mills,SAS,27,81,66,15,1662,690,260,612,42.5,123,320,38.4,47,58,81.0,27,131,158,226,76,59,6,102,0,0,379, C
366,Pau Gasol,CHI,35,72,36,36,2291,1187,467,995,46.9,24,69,34.8,229,289,79.2,155,638,793,294,164,42,146,148,46,2,-3, SF
367,Paul George,IND,26,81,44,37,2819,1874,605,1449,41.8,210,566,37.1,454,528,86.0,79,484,563,329,265,152,29,230,15,0,182, PF
368,Paul Millsap,ATL,31,81,48,33,2647,1385,501,1066,47.0,74,232,31.9,309,408,75.7,198,534,732,265,191,147,139,237,32,0,216, SF
369,Paul Pierce,LAC,38,68,44,24,1231,417,144,397,36.3,75,242,31.0,54,66,81.8,12,174,186,71,58,33,17,129,0,0,56, PG
370,Phil Pressey,POR,25,23,3,20,283,77,30,78,38.5,4,18,22.2,13,25,52.0,3,28,31,75,33,18,4,28,0,0,-38, SF
371,Quincy Acy,SAC,25,59,21,38,876,307,119,214,55.6,19,49,38.8,50,68,73.5,65,123,188,27,27,29,24,103,0,0,-129, SG
372,RJ Hunter,BOS,22,36,21,15,315,97,36,98,36.7,19,63,30.2,6,7,85.7,2,35,37,13,11,14,4,29,0,0,-28, PG
373,Rajon Rondo,SAC,30,72,29,43,2537,859,355,782,45.4,62,170,36.5,87,150,58.0,77,358,435,839,278,141,10,175,37,6,-149, PF
374,Rakeem Christmas,IND,24,1,1,0,6,4,2,2,100,0,0,0.0,0,0,0.0,1,0,1,0,0,0,0,1,0,0,-10, PG
375,Ramon Sessions,WAS,30,82,41,41,1667,810,280,592,47.3,36,111,32.4,214,283,75.6,25,178,203,239,115,46,5,102,3,0,-54, SG
376,Randy Foye,OKC,32,81,37,44,1642,474,169,482,35.1,75,250,30.0,61,74,82.4,24,132,156,161,86,39,29,131,0,0,26, SG
377,Rashad Vaughn,MIL,19,70,30,40,1001,217,81,266,30.5,43,147,29.3,12,15,80.0,11,77,88,39,28,29,16,73,0,0,-149, SF
378,Rasual Butler,SAS,37,46,41,5,432,124,49,104,47.1,15,49,30.6,11,16,68.8,3,53,56,24,8,13,23,11,0,0,79, PG
379,Raul Neto,UTA,24,81,40,41,1499,476,180,418,43.1,64,162,39.5,52,70,74.3,17,103,120,174,109,62,2,122,0,0,76, PG
380,Ray McCallum,SAS,25,41,30,11,474,137,55,146,37.7,15,42,35.7,12,15,80.0,8,39,47,60,24,12,7,29,0,0,21, PG
381,Raymond Felton,DAL,32,80,40,40,2192,763,277,682,40.6,60,213,28.2,149,176,84.7,36,222,258,284,121,68,15,141,3,1,-67, SF
382,Reggie Bullock,DET,25,37,22,15,429,122,43,98,43.9,22,53,41.5,14,15,93.3,14,54,68,27,8,10,2,29,0,0,-58, PG
383,Reggie Jackson,DET,26,79,43,36,2424,1489,540,1244,43.4,118,334,35.3,291,337,86.4,58,195,253,492,223,59,11,187,9,0,130, SF
384,Richard Jefferson,CLE,36,74,51,23,1326,410,143,312,45.8,66,173,38.2,58,87,66.7,15,113,128,59,43,33,14,129,0,0,-45, PF
385,Richaun Holmes,PHI,22,51,7,44,702,287,114,222,51.4,8,44,18.2,51,74,68.9,62,73,135,33,32,19,40,92,0,0,-52, PG
386,Ricky Rubio,MIN,25,76,28,48,2323,766,219,586,37.4,62,190,32.6,266,314,84.7,40,286,326,658,193,162,10,201,14,0,18, SF
387,Robert Covington,PHI,25,67,10,57,1903,858,274,712,38.5,170,482,35.3,140,177,79.1,65,354,419,97,143,105,40,232,7,0,-281, C
388,Robert Sacre,LAL,27,25,2,23,320,87,31,75,41.3,0,0,0.0,25,38,65.8,32,40,72,14,12,4,10,43,0,0,-33, C
389,Robin Lopez,NYK,28,82,32,50,2219,842,357,662,53.9,0,1,0.0,128,161,79.5,268,334,602,114,133,16,129,182,15,0,-97, SG
390,Rodney Hood,UTA,23,79,39,40,2541,1149,408,972,42.0,161,449,35.9,172,200,86.0,38,229,267,213,125,73,16,202,0,0,132, PG
391,Rodney Stuckey,IND,30,58,33,25,1275,517,183,443,41.3,20,83,24.1,131,158,82.9,19,137,156,142,76,43,8,77,0,0,11, SF
392,Rondae Hollis-Jefferson,BKN,21,29,7,22,615,167,63,138,45.7,4,14,28.6,37,52,71.2,39,115,154,43,26,39,16,61,2,0,-62, PG
393,Ronnie Price,PHX,33,62,20,42,1211,331,116,302,38.4,68,196,34.7,31,41,75.6,25,74,99,147,70,74,13,161,0,0,-72, C
394,Roy Hibbert,LAL,29,81,17,64,1878,481,182,411,44.3,0,2,0.0,117,145,80.7,132,266,398,95,76,32,110,252,3,0,-684, SF
395,Rudy Gay,SAC,29,70,29,41,2379,1204,466,1007,46.3,74,215,34.4,198,254,78.0,103,353,456,120,139,100,51,184,7,0,-82, C
396,Rudy Gobert,UTA,24,61,33,28,1932,557,198,354,55.9,0,0,0.0,161,283,56.9,208,460,668,91,114,45,135,163,20,0,150, PG
397,Russ Smith,MEM,25,15,6,9,66,23,7,22,31.8,1,5,20.0,8,13,61.5,1,8,9,11,7,5,1,5,0,0,-41, PG
398,Russell Westbrook,OKC,27,80,55,25,2749,1878,656,1444,45.4,101,341,29.6,465,573,81.2,145,481,626,834,342,163,20,200,54,18,635, PF
399,Ryan Anderson,NOP,28,66,24,42,2008,1124,397,929,42.7,131,358,36.6,199,228,87.3,131,265,396,73,90,38,25,109,8,0,31, C
400,Ryan Hollins,MEM,31,37,18,19,460,124,49,79,62.0,0,0,0.0,26,42,61.9,47,51,98,10,24,6,21,62,0,0,-148, PF
401,Ryan Kelly,LAL,25,36,3,33,470,152,55,149,36.9,5,37,13.5,37,54,68.5,21,100,121,20,18,13,10,39,0,0,0, C
402,Salah Mejri,DAL,30,34,16,18,397,125,49,78,62.8,0,1,0.0,27,46,58.7,41,82,123,10,23,8,36,54,3,0,41, SF
403,Sam Dekker,HOU,22,3,1,2,6,0,0,0,0.0,0,0,0.0,0,0,0.0,0,1,1,0,0,1,0,0,0,0,-2, C
404,Sasha Kaun,CLE,31,25,18,7,95,23,9,17,52.9,0,0,0.0,5,11,45.5,12,14,26,3,7,4,5,11,0,0,-4, SG
405,Sasha Vujacic,NYK,32,61,22,39,908,296,106,277,38.3,52,143,36.4,32,39,82.1,26,123,149,84,44,34,5,83,0,0,-44, SG
406,Sean Kilpatrick,BKN,26,31,7,24,616,345,123,270,45.6,39,114,34.2,60,67,89.6,12,44,56,29,31,12,2,37,0,0,-146, PF
407,Serge Ibaka,OKC,26,78,54,24,2500,983,416,869,47.9,60,184,32.6,91,121,75.2,141,392,533,66,108,38,148,211,9,0,532, SG
408,Sergey Karasev,BKN,22,40,9,31,399,97,30,74,40.5,11,37,29.7,26,28,92.9,8,50,58,35,22,6,2,27,0,0,-6, SG
409,Seth Curry,SAC,25,44,17,27,692,299,102,224,45.5,50,111,45.0,45,54,83.3,9,51,60,67,36,22,3,41,1,0,-38, SF
410,Shabazz Muhammad,MIN,23,82,29,53,1682,863,317,681,46.5,44,152,28.9,185,242,76.4,100,167,267,52,70,24,7,94,0,0,-267, PG
411,Shabazz Napier,ORL,24,55,23,32,600,203,68,201,33.8,34,104,32.7,33,45,73.3,9,46,55,97,46,23,1,38,0,0,-54, PG
412,Shane Larkin,BKN,23,78,20,58,1751,566,222,502,44.2,39,108,36.1,83,107,77.6,28,152,180,342,146,95,12,121,0,0,-344, PG
413,Shaun Livingston,GSW,30,78,69,9,1520,488,203,379,53.6,2,12,16.7,80,93,86.0,42,127,169,237,78,57,27,140,0,0,208, PF
414,Shayne Whittington,IND,25,7,4,3,41,11,5,11,45.5,0,2,0.0,1,2,50.0,5,7,12,3,5,1,1,7,0,0,-6, PG
415,Shelvin Mack,UTA,26,52,27,25,1058,448,182,415,43.9,39,125,31.2,45,61,73.8,13,115,128,187,95,34,3,72,3,0,97, SF
416,Solomon Hill,IND,25,59,31,28,866,246,93,208,44.7,24,74,32.4,36,42,85.7,39,127,166,57,33,37,11,68,1,0,46, SG
417,Sonny Weems,PHX,29,43,6,37,498,107,42,110,38.2,15,41,36.6,8,15,53.3,7,46,53,49,41,10,1,47,0,0,-98, PG
418,Spencer Dinwiddie,CHI,23,12,5,7,159,58,19,54,35.2,1,10,10.0,19,33,57.6,4,13,17,22,7,3,0,20,0,0,-56, PF
419,Spencer Hawes,CHA,28,57,30,27,1035,340,124,306,40.5,38,102,37.3,54,65,83.1,51,193,244,109,58,22,27,111,1,0,45, SF
420,Stanley Johnson,DET,20,73,37,36,1687,593,225,600,37.5,63,205,30.7,80,102,78.4,58,248,306,118,114,55,12,178,3,0,-141, PG
421,Stephen Curry,GSW,28,79,71,8,2700,2375,805,1598,50.4,402,886,45.4,363,400,90.8,68,362,430,527,262,169,15,161,15,2,1022, PG
422,Steve Blake,DET,36,58,34,24,986,254,93,240,38.8,52,151,34.4,16,20,80.0,9,80,89,200,81,24,5,70,0,0,-56, SF
423,Steve Novak,MIL,33,10,8,2,44,24,8,18,44.4,7,15,46.7,1,1,100,0,5,5,0,1,0,0,3,0,0,7, C
424,Steven Adams,OKC,22,80,54,26,2014,636,261,426,61.3,0,0,0.0,114,196,58.2,219,314,533,62,84,42,89,223,6,0,478, PG
425,TJ McConnell,PHI,24,81,10,71,1606,493,218,464,47.0,31,89,34.8,26,41,63.4,43,207,250,367,140,95,10,114,0,0,-277, SF
426,TJ Warren,PHX,22,47,14,33,1070,515,221,441,50.1,28,70,40.0,45,64,70.3,57,90,147,44,32,37,16,94,1,0,-115, PF
427,Taj Gibson,CHI,31,73,37,36,1936,627,263,500,52.6,0,3,0.0,101,146,69.2,206,298,504,106,78,47,77,180,7,0,-152, C
428,Tarik Black,LAL,24,39,6,33,496,133,57,104,54.8,0,0,0.0,19,45,42.2,44,113,157,16,22,14,18,78,0,0,20, SF
429,Tayshaun Prince,MIN,36,77,27,50,1462,221,102,229,44.5,4,23,17.4,13,19,68.4,32,115,147,74,27,36,13,62,0,0,-129, PF
430,Terrence Jones,HOU,24,50,24,26,1044,434,166,367,45.2,25,79,31.6,77,116,66.4,62,149,211,41,49,23,39,86,0,0,-238, SF
431,Terrence Ross,TOR,25,73,53,20,1747,720,270,626,43.1,131,338,38.8,49,62,79.0,21,164,185,56,46,54,25,120,1,0,245, PG
432,Terry Rozier,BOS,22,39,24,15,311,72,29,106,27.4,6,27,22.2,8,10,80.0,24,39,63,37,19,6,1,23,0,0,-46, SF
433,Thabo Sefolosha,ATL,32,75,42,33,1758,480,188,371,50.7,42,123,34.1,62,99,62.6,52,282,334,107,68,85,37,109,1,0,-23, PF
434,Thaddeus Young,BKN,28,73,21,52,2408,1102,495,963,51.4,7,30,23.3,105,163,64.4,176,484,660,136,136,112,37,182,28,0,-232, SF
435,Thanasis Antetokounmpo,NYK,23,2,1,1,6,6,3,4,75.0,0,1,0.0,0,0,0.0,0,1,1,0,0,0,0,2,0,0,-6, PF
436,Thomas Robinson,BKN,25,71,16,55,916,307,130,291,44.7,0,1,0.0,47,109,43.1,136,223,359,46,69,39,36,111,8,0,-278, C
437,Tiago Splitter,ATL,31,36,21,15,579,201,81,155,52.3,0,2,0.0,39,48,81.3,45,75,120,30,24,20,12,71,0,0,102, C
438,Tibor Pleiss,UTA,26,12,7,5,82,24,11,25,44.0,0,2,0.0,2,2,100,6,9,15,2,8,1,2,19,0,0,-16, C
439,Tim Duncan,SAS,40,61,50,11,1536,522,215,441,48.8,0,2,0.0,92,131,70.2,115,332,447,163,90,47,78,125,11,0,426, PG
440,Tim Frazier,NOP,25,51,25,26,741,261,96,229,41.9,16,48,33.3,53,74,71.6,26,84,110,162,65,33,2,73,2,0,-30, SG
441,Tim Hardaway Jr.,ATL,24,51,29,22,864,326,114,265,43.0,48,143,33.6,50,56,89.3,7,79,86,51,23,21,7,48,0,0,101, C
442,Timofey Mozgov,CLE,29,76,52,24,1326,475,203,359,56.5,1,7,14.3,68,95,71.6,110,227,337,33,71,22,57,159,2,0,3, SF
443,Tobias Harris,DET,23,76,37,39,2513,1116,417,889,46.9,80,239,33.5,202,243,83.1,96,414,510,169,108,65,40,153,12,0,21, PG
444,Toney Douglas,NOP,30,61,22,39,1262,531,183,445,41.1,81,203,39.9,84,99,84.8,25,118,143,157,64,70,5,131,1,0,-140, SG
445,Tony Allen,MEM,34,64,34,30,1620,535,215,469,45.8,15,42,35.7,90,138,65.2,104,192,296,70,78,110,18,175,1,0,-92, PG
446,Tony Parker,SAS,34,72,59,13,1980,857,350,710,49.3,27,65,41.5,130,171,76.0,17,159,176,379,131,54,11,114,3,0,413, SG
447,Tony Snell,CHI,24,64,33,31,1301,338,126,339,37.2,56,155,36.1,30,33,90.9,19,180,199,63,52,16,17,100,1,0,96, SG
448,Tony Wroten,NYK,23,8,0,8,144,67,22,65,33.8,3,17,17.6,20,37,54.1,2,19,21,20,29,3,0,11,0,0,-68, SF
449,Trevor Ariza,HOU,31,81,40,41,2859,1025,357,859,41.6,185,499,37.1,126,161,78.3,67,299,366,188,113,160,26,177,1,0,41, PF
450,Trevor Booker,UTA,28,79,39,40,1632,463,190,388,49.0,12,41,29.3,71,106,67.0,166,286,452,83,81,59,41,169,4,0,64, PG
451,Trey Burke,UTA,23,64,31,33,1366,679,262,634,41.3,88,256,34.4,67,82,81.7,18,94,112,148,80,35,6,86,0,0,0, PF
452,Trey Lyles,UTA,20,80,38,42,1382,488,191,436,43.8,49,128,38.3,57,82,69.5,59,240,299,59,65,26,18,114,2,0,-44, C
453,Tristan Thompson,CLE,25,82,57,25,2269,643,247,420,58.8,0,0,0.0,149,242,61.6,268,470,738,62,61,38,51,202,23,0,358, SG
454,Troy Daniels,CHA,24,43,25,18,476,242,89,187,47.6,59,122,48.4,5,9,55.6,7,50,57,21,24,11,3,40,0,0,-43, PG
455,Ty Lawson,IND,28,66,31,35,1411,373,139,354,39.3,36,108,33.3,59,86,68.6,26,94,120,237,95,53,7,87,1,0,-158, PG
456,Tyler Ennis,MIL,21,46,17,29,654,206,84,187,44.9,13,39,33.3,25,34,73.5,13,62,75,95,46,25,1,64,0,0,-70, PF
457,Tyler Hansbrough,CHA,30,44,28,16,343,104,32,71,45.1,2,3,66.7,38,65,58.5,40,49,89,8,12,12,7,55,1,0,-34, SG
458,Tyler Johnson,MIA,24,36,19,17,863,314,118,243,48.6,27,71,38.0,51,64,79.7,28,81,109,79,47,24,14,66,0,0,9, C
459,Tyler Zeller,BOS,26,60,38,22,710,364,138,290,47.6,0,0,0.0,88,108,81.5,62,116,178,29,46,10,22,97,1,0,-65, SG
460,Tyreke Evans,NOP,26,25,11,14,765,379,136,314,43.3,33,85,38.8,74,93,79.6,20,109,129,164,73,32,8,66,6,0,-14, C
461,Tyson Chandler,PHX,33,66,18,48,1618,472,183,314,58.3,0,1,0.0,106,171,62.0,175,401,576,64,93,36,44,145,20,0,-393, PG
462,Tyus Jones,MIN,20,37,13,24,573,156,56,156,35.9,16,53,30.2,28,39,71.8,7,40,47,108,33,31,3,33,0,0,-135, PF
463,Udonis Haslem,MIA,36,37,25,12,260,58,23,61,37.7,1,9,11.1,11,14,78.6,10,65,75,14,5,5,2,25,0,0,-17, SG
464,Victor Oladipo,ORL,24,72,32,40,2380,1153,425,970,43.8,98,282,34.8,205,247,83.0,48,297,345,282,153,116,54,174,3,1,-24, SG
465,Vince Carter,MEM,39,60,33,27,1005,395,133,343,38.8,59,169,34.9,70,84,83.3,31,115,146,56,35,38,16,101,0,0,-33, C
466,Wayne Ellington,BKN,28,76,18,58,1615,586,218,561,38.9,96,268,35.8,54,63,85.7,20,154,174,83,45,48,5,82,0,0,-322, SG
467,Wesley Johnson,LAC,28,80,51,29,1666,549,208,515,40.4,103,309,33.3,30,46,65.2,37,211,248,49,54,89,56,173,0,0,123, SF
468,Wesley Matthews,DAL,29,78,40,38,2644,977,331,854,38.8,189,525,36.0,126,146,86.3,27,211,238,151,78,78,17,179,0,0,105, SG
469,Will Barton,DEN,25,82,33,49,2353,1178,425,983,43.2,112,325,34.5,216,268,80.6,59,417,476,203,139,71,39,147,6,0,-129, SG
470,Willie Cauley-Stein,SAC,22,66,26,40,1412,463,191,339,56.3,0,2,0.0,81,125,64.8,134,218,352,37,46,47,66,146,3,0,-77, C
471,Willie Reed,BKN,26,39,8,31,426,182,76,133,57.1,0,0,0.0,30,55,54.5,49,73,122,10,16,6,30,47,0,0,-80, PF
472,Xavier Munford,MEM,24,14,3,11,244,80,32,77,41.6,9,23,39.1,7,14,50.0,3,28,31,22,15,13,3,25,0,0,-25, PG
473,Zach LaVine,MIN,21,82,29,53,2294,1150,433,959,45.2,123,316,38.9,161,203,79.3,27,201,228,251,155,69,17,193,0,0,-294, PG
474,Zach Randolph,MEM,34,68,37,31,2016,1040,431,907,47.5,6,26,23.1,172,216,79.6,179,350,529,142,105,43,13,146,17,1,-11, PF
475,Zaza Pachulia,DAL,32,76,40,36,2004,650,219,470,46.6,0,3,0.0,212,276,76.8,249,469,718,128,119,64,22,181,26,0,0, C
